fg,dbh,q025,q05,q25,q50,q75,q95,q975
fg1,1,0.017413565529854496,0.01798150620520435,0.019785152504889766,0.02112612847834095,0.02232547791263474,0.02412842805465999,0.02475437704350835
fg1,1.0427193104407961,0.019005259349708,0.019594311786291337,0.021353482839512713,0.022687994042916864,0.023873258639637105,0.025681269040611184,0.026290776049902313
fg1,1.0872635603661294,0.02074506666827759,0.021294531582270366,0.02303266654421121,0.024346471648822206,0.02552914667624509,0.027321240762327403,0.027930510845269048
fg1,1.1337107099323753,0.02257476981980504,0.023162846876268562,0.024853841208690424,0.026138032770919722,0.02729731025222879,0.02910011910809447,0.02967641876960374
fg1,1.1821420497000317,0.024594296532784367,0.025172233432475828,0.026793968687944578,0.028059042281928386,0.029190685983772446,0.030952593844146597,0.03152510156432047
fg1,1.2326423429062865,0.026783938643715532,0.027339724755403402,0.02889097864951651,0.030132394785148627,0.03120588771667388,0.032919556428016646,0.03349537395576518
fg1,1.2852999738153703,0.02912982794938368,0.029672914808069554,0.031164500542584544,0.03234991677570191,0.03339454547004873,0.0350388554219011,0.03560255588885781
fg1,1.3402071024063362,0.031656394995994805,0.03216192215594948,0.033602171539705544,0.034722958023978595,0.03572863268010059,0.037317641189154344,0.03783861554962058
fg1,1.3974598256689923,0.034340049548473375,0.034791222662160795,0.036211803946791826,0.03724917305166241,0.03822499199850057,0.03977735337876358,0.040238868874618104
fg1,1.4571583457902868,0.03720825034475916,0.03766468766365825,0.038974888757402786,0.03996331921473727,0.04092549446347461,0.04237654777123183,0.04279398405013175
fg1,1.5194071455254992,0.0402010681812124,0.04066099952834963,0.04193296906652276,0.04287329887192723,0.043799383208220403,0.045205796342830666,0.04561180268980779
fg1,1.5843151710611667,0.0433806109063763,0.043781260670304065,0.045042991087308526,0.04595825702206116,0.04686937155880782,0.0482213724967851,0.048644418163851046
fg1,1.6519960226897918,0.046706663360673986,0.047060544862791424,0.048324873865534176,0.04924546980748709,0.05015020293094374,0.05154539467675035,0.05198699255621482
fg1,1.7225681536300375,0.050142113753462406,0.05052486573750389,0.05178177450983457,0.05273320767284079,0.05365904038994672,0.055145778931516294,0.055608221806523764
fg1,1.796155077340388,0.05366022808465363,0.05409795916500572,0.05542356367754771,0.05640228654191882,0.05741246983902824,0.05895764203359408,0.05951309011060181
fg1,1.872885583689104,0.05740067144696842,0.05783628483525991,0.059224653302591246,0.0602634474651106,0.06136767947435215,0.06307175202149434,0.06372237922684088
fg1,1.9528939643588106,0.061242990751961386,0.061696460171716955,0.0632097532232115,0.06434179398779152,0.06557764857186758,0.06742403778755711,0.06804795781023938
fg1,2.036320247880212,0.06520843080825435,0.06571790870242966,0.06734564679876018,0.06860308476742044,0.06990756938283174,0.07187388966305992,0.07256469826474564
fg1,2.123310444706285,0.06926810196550387,0.06989289139081384,0.07165465626010359,0.0730120267532583,0.07438824185807973,0.07647914568743037,0.07721350031464717
fg1,2.214016802755878,0.07350697007425368,0.07425778410560209,0.0761254024065119,0.07754923829153759,0.07902402304756531,0.08115730265600105,0.08190203334195893
fg1,2.308598073873945,0.07791464219611242,0.07872142688085881,0.080726897574181,0.08222859245991497,0.08377594882338833,0.08590135160536327,0.08664127811264322
fg1,2.40721979167479,0.08248650067575143,0.08327842090642668,0.08542437112328924,0.08698058637982885,0.08851891812664132,0.0906345319920367,0.09127646070802177
fg1,2.510054561254574,0.08719487789311117,0.08793857658330732,0.09019039363609346,0.09172994200878776,0.09325788441595327,0.09529184628605601,0.09597547305416354
fg1,2.617282361280145,0.09193073208813017,0.0926856503058967,0.0949871605988184,0.09652308346226263,0.09799302908841119,0.09994986207824716,0.10056589433304672
fg1,2.7290908589828913,0.09667461408114973,0.0975580389636253,0.09976643297579475,0.10126463977874292,0.10265202129460155,0.10460428204776948,0.10514436792920265
fg1,2.84567573860892,0.10152645536480345,0.10229111191131682,0.10449457054827463,0.10593452036198006,0.10726058849977935,0.10912067891202387,0.1097596056889819
fg1,2.9672410439003962,0.10624313200185834,0.10700987549571002,0.10914987888093812,0.1104985869758585,0.11179613418627005,0.113645380497438,0.11425657147086828
fg1,3.0939995352074496,0.11096632948147407,0.11167153995979658,0.11368051999172404,0.11500614826816898,0.11622716254500876,0.1181340574211843,0.11876543666063204
fg1,3.226173061855655,0.11543865125942282,0.11609986539169025,0.1180698549576704,0.11943212138156205,0.12063252395214491,0.12260906950389157,0.12317559428983972
fg1,3.3639929504208004,0.1198743394211487,0.12040110063550435,0.12242249121719645,0.12377102215767069,0.12499033586863267,0.12703210332838288,0.1276756092626226
fg1,3.507700409590476,0.12401809830457888,0.12461124085042972,0.12664502235600578,0.12801836219240015,0.12931176083698304,0.13138779269437634,0.13207280575656846
fg1,3.6575469523210797,0.12807484906985545,0.12870320574090938,0.13077973718346853,0.13223304479661951,0.13359352764547477,0.13573410330451413,0.1364102531721074
fg1,3.8137948360290714,0.13210258372346873,0.13273416327596024,0.13489370848352847,0.13639463610344618,0.13783825119245,0.1400249954566725,0.1407974169946789
fg1,3.9767175215869024,0.13605244664012775,0.13673007968014395,0.13898439481544006,0.14052606275771,0.14205626795688128,0.14432436812885915,0.1450983560837944
fg1,4.146600151926927,0.14001831245266447,0.14078962737317227,0.14306749159922413,0.1446696590307775,0.14625599140065695,0.14860468033733948,0.14942982395919976
fg1,4.323740051090946,0.14403864212103606,0.1448239002353949,0.14715977651884174,0.14879238469806494,0.15044919294623674,0.15288689300336988,0.15382880170760582
fg1,4.508447244598803,0.14809781431732305,0.14890114748354102,0.15130225819885892,0.15297942698172196,0.1546711426937911,0.15723123398526784,0.15818835213344906
fg1,4.701045002046771,0.15226064608277215,0.1530331232551258,0.15548425896115844,0.15720464766804348,0.15892753644933963,0.16155673723040126,0.16252530065077775
fg1,4.90187040288536,0.1564667237980285,0.1572511857162019,0.15972695089132324,0.16149207841038873,0.16323737287080078,0.16591164025170166,0.16690951968532075
fg1,5.111274926366771,0.16073585655132597,0.16152481597939367,0.1640285736873056,0.1658480015370044,0.16760006949296463,0.17034098561346603,0.17133855764646255
fg1,5.329625066694489,0.16510409723351158,0.16591013974125185,0.16843090814469364,0.17027536347940786,0.17203812206081093,0.17485305628412945,0.17585856251082102
fg1,5.557302974451661,0.1695815134583947,0.17036855109003682,0.17292465933861303,0.17476947572716278,0.17655258541316443,0.17938752610414624,0.1804246628103155
fg1,5.794707125430821,0.17413234759480517,0.1749300698944282,0.17749919165007627,0.17936023475463925,0.18111890823616256,0.18405071287232067,0.18506196884475334
fg1,6.042253018035593,0.17881776432751811,0.17962292645556466,0.18219922620696627,0.184040885436292,0.18582045058528587,0.18879087518831045,0.18974683691343383
fg1,6.300373900474892,0.18363159318181646,0.18439367304329882,0.1870059729422155,0.18883016073083872,0.19063238196841165,0.19359387079448895,0.19450532579469615
fg1,6.56952152902237,0.18851100577317412,0.1892947240949413,0.1918929994259666,0.19373904195121988,0.19553268599771823,0.1985259885731799,0.199426662551688
fg1,6.8501669586681695,0.19348211608778593,0.1942519656320446,0.19689252093349338,0.1987644415273744,0.20056980912837793,0.2035611901537201,0.2045177528815853
fg1,7.142801367546799,0.19866433571286887,0.19940641801478942,0.20201435818166116,0.20389227469837082,0.2057446903250125,0.20876543278812468,0.20959220742565787
fg1,7.447936916583974,0.2039187203176488,0.20462072403437023,0.20730016703995946,0.20918916292721723,0.21100831119200764,0.2140878023061016,0.21487129672687563
fg1,7.766107645866991,0.20928708330564594,0.2100287077904075,0.21269441408743434,0.21459689851060257,0.2164050775265227,0.21947416263954017,0.22035433459278092
fg1,8.097870409307422,0.21474266350188528,0.21552628020288547,0.21823859861874614,0.22012933613370755,0.22194886344018547,0.22500113289132642,0.22591101758312715
fg1,8.443805849231962,0.22035238903406942,0.22120164317270616,0.2238886111032828,0.22578789678495043,0.22763794742915894,0.23067274088928588,0.23160616077365087
fg1,8.804519412607112,0.22615644393688408,0.22699217325247342,0.22968281797388557,0.23160789872366966,0.23351416665342595,0.23653167308030085,0.23742001707709304
fg1,9.18064241067629,0.2320988059025618,0.23289699185470197,0.23561214452832946,0.2375811072482481,0.23952080404845147,0.2425147929899491,0.2434440838668026
fg1,9.572833123863914,0.238139356635186,0.23898045410564267,0.24170185289631307,0.24370660804483352,0.24569558770855598,0.2486544160445278,0.24959199869728121
fg1,9.981777953880192,0.24429968146207362,0.24516406925892495,0.24794607709415317,0.249968717907473,0.2520059028219437,0.25495164613239957,0.2559187247097772
fg1,10.408192625043093,0.2507009357231659,0.2515347694320387,0.25433343112898743,0.2564047516911565,0.2585025885959399,0.2614186732965822,0.2624064163084877
fg1,10.852823436919913,0.25714681122895,0.25802121056773464,0.26088712976782136,0.2629716888900225,0.2651670638092903,0.2681492026495343,0.2691592052319394
fg1,11.316448570480842,0.26374454510419676,0.2646481611358506,0.2676318791367859,0.26974423855951246,0.27199049069866643,0.27498424369965374,0.27604215059137444
fg1,11.799879450050515,0.27052216029863896,0.2715015401816249,0.2744973973623431,0.27672272033747736,0.2790295787088303,0.28207440839074766,0.28314867758871515
fg1,12.303962163441193,0.27740778388029746,0.27847944164784455,0.28153152599314846,0.2838609713519983,0.2862380860684539,0.28930934088668103,0.29044294206690263
fg1,12.829578942753052,0.28455572111694905,0.28560014168456005,0.28873741098053685,0.2911398221584576,0.2936122574111373,0.2968091359062978,0.29791373906060803
fg1,13.37764970843322,0.2917942355250897,0.2929294666411128,0.29613465191798194,0.29861118295776834,0.30115225546817126,0.3045422562489832,0.3056791211748933
fg1,13.949133679296002,0.2991843157441225,0.30038293766557067,0.3037472044216763,0.3062886852961268,0.30890375766376804,0.3124426387552476,0.3137170226207352
fg1,14.545031051322013,0.3067083854336141,0.30800749481818324,0.3115522713533591,0.3141635087456867,0.31688860568754773,0.32057232642170486,0.32194303953210895
fg1,15.166384748174456,0.3144634966357143,0.31582626542303155,0.3195503005634059,0.3222125662182601,0.3250750309183293,0.32892730463955305,0.3303290955564815
fg1,15.814282246496274,0.32238212183226156,0.3237332209007365,0.3277287735163468,0.33051959056703334,0.33348075433294216,0.3376142917325806,0.33898290363178857
fg1,16.489857479182717,0.3305162366834333,0.3319150099704002,0.33609981087643204,0.33902849114408506,0.3420836886872352,0.34646770895173834,0.3478460988249494
fg1,17.194292819960417,0.33887374702773826,0.34023457517412886,0.3446440923941182,0.34774689517435453,0.3509626410380317,0.35555739083832416,0.3570619318153088
fg1,17.928821152746256,0.34725414411958055,0.3487373491908464,0.35346206915655015,0.3566750275005458,0.3600479278545048,0.3649299273238456,0.3664703079914506
fg1,18.694728029407933,0.3559161756676077,0.3574311232713354,0.36248148746766873,0.365812773371305,0.3694142858330479,0.3745433625511458,0.3762099293753982
fg1,19.49335391970246,0.3648533019019607,0.36639432492927293,0.3717029836026744,0.37522905392305805,0.379005457753703,0.38435585477379686,0.386118299866996
fg1,20.32609655733054,0.3740489851296675,0.3755747630295815,0.38113626538869794,0.3849011921183088,0.38879469357234386,0.39445598546543686,0.3964446521055777
fg1,21.194413386212737,0.3832871550992315,0.3849468474538136,0.3907984036449199,0.39479050558217715,0.39894630899878875,0.4048309231264378,0.406981939215437
fg1,22.099824111268923,0.3927829720426425,0.39460196540546777,0.4007367246534034,0.40494867886687125,0.40930539837954527,0.41558331063301124,0.41777802862754304
fg1,23.04391335816522,0.40255591303257804,0.40439887380298134,0.41088078554539587,0.41537814082491137,0.4199715734130857,0.42665959621552024,0.42889510265764463
fg1,24.02833344668349,0.4124895906687087,0.41439216810914886,0.4212903585513807,0.4260682638878463,0.43089094693451474,0.437945398175696,0.44028034831734303
fg1,25.054807282567324,0.4226112717633774,0.42466503931731403,0.4320140517204606,0.4370410213222914,0.44210967278097857,0.44961194620822165,0.4521457440206521
fg1,26.125131372905635,0.4331344042022608,0.43520373066507734,0.4430102622456126,0.4482756579263785,0.45357284696950284,0.46155769003321834,0.4642080693857636
fg1,27.241178970331372,0.4439374657998016,0.44606780954720215,0.4541887732549489,0.4598334061743247,0.4654220316006912,0.47377382466577733,0.4766623939940457
fg1,28.40490335153824,0.4549229568723128,0.45711497144951074,0.465746278091618,0.47163728444972586,0.4775622214062489,0.48636597486649386,0.4895069526513935
fg1,29.61834123585341,0.4661006155763924,0.4685549247654943,0.47757399929072764,0.48372501150529,0.4899586693957151,0.4993147671643698,0.5025849012405965
fg1,30.883616349849277,0.47747269586693714,0.48029593185154945,0.48965718583473744,0.49617961937900557,0.5027751017287391,0.5125960966504858,0.5161250875811075
fg1,32.20294314423293,0.4893994994142458,0.49204348267065495,0.5021342822637365,0.508913088466664,0.5158963327004787,0.5262296347570428,0.5300179404906485
fg1,33.578630669518724,0.5013265184264536,0.5042800320912276,0.5148885034470929,0.5219821552992433,0.529404557689737,0.5401928748173955,0.5440811089246034
fg1,35.01308661726673,0.5138237966103477,0.5168009839885043,0.5279468897817071,0.5353690241968724,0.543232671224811,0.5546848356387074,0.5586680224747497
fg1,36.50882153396023,0.5264770708001911,0.5295740245053582,0.5413420383214549,0.5491902385340617,0.5573703287651413,0.5694491958422933,0.573676145957303
fg1,38.0684532148971,0.539350182211857,0.5427241398752709,0.5551039354873926,0.5633203932812862,0.5719574519161389,0.5846502287326832,0.5890863472047166
fg1,39.6947112857852,0.5526725606997573,0.5561118141261401,0.5691863240294741,0.5777616916311289,0.5868716465728973,0.6001971996149971,0.6048273256226115
fg1,41.39044198006045,0.566110057761785,0.5699796504067777,0.5836057935824424,0.5926315516862821,0.602264233740098,0.6161997889185956,0.6211454884426698
fg1,43.158613120288415,0.5799929140262023,0.5839965639671214,0.598374643414476,0.6078824589453755,0.6179821550682686,0.6326323814468631,0.6378900758872251
fg1,45.00231931236823,0.5942057171581867,0.5985746472603279,0.6135006665812375,0.6235077240935687,0.6341314535002317,0.6495936244626664,0.6550159227732786
fg1,46.924787361629114,0.6088596217737349,0.6134385609825846,0.6290230789441733,0.6394884017933042,0.650675875585454,0.6670205647061161,0.6725888718948333
fg1,48.929381920298894,0.6236209413003098,0.6285912703893036,0.6449042965587324,0.6559932993189814,0.6676780882495026,0.684903873426099,0.6907367706299289
fg1,51.01961137622842,0.6388726862519065,0.6440046850551071,0.6612622114997712,0.672870406534968,0.685130738709795,0.7031656973256851,0.7094050943778696
fg1,53.199133993178286,0.6543345770310633,0.659906480965534,0.6781319523205331,0.6902041921604081,0.7030406198627792,0.7219459291887816,0.728436389174349
fg1,55.471764313414404,0.6703352837761535,0.6760198491012022,0.6953400912514444,0.7079865857190665,0.7214435388923912,0.7411355611305399,0.7480725779590703
fg1,57.8414798338178,0.6867008612666451,0.6927413341669835,0.7129442865734774,0.7261600325625581,0.7403650970785782,0.7609805622358801,0.7681662261781129
fg1,60.31242796719373,0.7035182170500417,0.7098889982207777,0.7310124827551245,0.7448773141920574,0.7596781868369569,0.7813645644969334,0.7887879269599647
fg1,62.8889333009624,0.7207188553521037,0.7274992630269875,0.7496164953972382,0.764036732587009,0.7795478417934587,0.8022512287279536,0.8099887508166669
fg1,65.57550516593676,0.7383414819729283,0.7454957195333447,0.7686053663707295,0.7836704974201372,0.7999537543076347,0.823737676198761,0.8318928831272612
fg2,1,0.015415231475367776,0.016459101115435717,0.01992990681651701,0.022309047502503235,0.024682591080124737,0.02752964219444847,0.028120466047669136
fg2,1.0487381987393707,0.01770590599480057,0.018636322959240854,0.021704869229873965,0.023847503115145306,0.026037408822081835,0.028754904406696927,0.029321018242886843
fg2,1.0998518094951,0.02016788356157145,0.020999516642517563,0.02363303353051208,0.025478123150471405,0.027472235936428394,0.030028161554168497,0.03057030166707324
fg2,1.1534566055701287,0.022889478366367247,0.023456979324619653,0.025677403107693255,0.02723522984720171,0.029000932207232537,0.03133138887858899,0.031860712823941435
fg2,1.2096740028496455,0.025704063693309444,0.026144349012410965,0.027859512314833836,0.029132236887958244,0.03064077742421895,0.03273024492727054,0.03326624951637778
fg2,1.2686313348103817,0.02841598714173909,0.028807754042703755,0.030136502501612143,0.031139374879348918,0.03238688290394854,0.03417631695863462,0.03469213673159641
fg2,1.3304621409333632,0.031040047635063708,0.03141193682018434,0.03250993248607258,0.033317921152956294,0.03426713444313707,0.03574661505993254,0.036205968746413963
fg2,1.3953064691733823,0.03352966686696018,0.033893350224694814,0.03490098905351389,0.03557994564492339,0.03637397354135826,0.037536527443729435,0.03791308712154563
fg2,1.4633111931702842,0.035947127483595714,0.03625121247840616,0.03723393689232901,0.03791612846935549,0.03864533885954739,0.039726964792390636,0.04012169243677523
fg2,1.5346303449205632,0.038269096142447244,0.03857524076608631,0.03954986624743618,0.04023796461676967,0.04103571918935725,0.04238205926725002,0.04287161014617139
fg2,1.6094254636627707,0.040510192461313335,0.04081781535878526,0.04181378172708573,0.04259984316403735,0.04355947486880349,0.045162804929851204,0.0456328148958654
fg2,1.6878659617669707,0.042740468395356834,0.043033073195806654,0.04410761858484191,0.045034566871839314,0.046246166863947925,0.04792622858587966,0.048379676997340255
fg2,1.7701295084569888,0.04491282897178488,0.04526630327276712,0.0464310612055789,0.04756826539611447,0.04896102920291374,0.05057356999457289,0.05097560125697462
fg2,1.85640243223459,0.04709921261490884,0.047480252864583614,0.048772037970590695,0.050209904139108315,0.051633332258868465,0.05314055614452245,0.053528393791486585
fg2,1.9468801429170908,0.04934359820400482,0.049706165286784766,0.051247778095454485,0.052880701332059375,0.054234348806874694,0.05561524586403097,0.055965491238414475
fg2,2.0417675742443184,0.05159092186684993,0.05197949658563212,0.053819280480955425,0.05553898854581826,0.056770874835591956,0.0580032357546975,0.05838115035044181
fg2,2.141279648057441,0.05390710950556346,0.05431681313620352,0.05645314886155197,0.05815042009637349,0.05922974139897847,0.060344675118779154,0.06071349833078527
fg2,2.245641761101034,0.056199155556916264,0.0567578985467937,0.05911625786314194,0.06069449497256875,0.06163295043010545,0.06273209677588402,0.06302046915915271
fg2,2.355090295551007,0.05865634134351638,0.05920597624342623,0.06178439054014177,0.0631583462051685,0.06402464526306939,0.06506354827031172,0.06534065574237606
fg2,2.4698731544247354,0.06118352238264909,0.061803340047231904,0.06442293379238204,0.0655754706431061,0.0663805684247453,0.06738089722608745,0.0676787300378397
fg2,2.5902503230861247,0.06380279518605625,0.06443257918092161,0.06700483880577415,0.06796396536804117,0.06875145037096811,0.06975492141819033,0.07002334150179101
fg2,2.7164944581174155,0.06647256312214393,0.06718474468783542,0.06947456443518149,0.07033449990765002,0.07112017395507522,0.07208892801669965,0.07240491432306168
fg2,2.848891504891541,0.06920476758100602,0.06995940129490028,0.0719228233211561,0.07272126399887635,0.0734904675734297,0.07452134988323966,0.07477950922515682
fg2,2.9877413452438506,0.07199187498216555,0.07274779408288126,0.07431955751122582,0.07510893330926241,0.075906155719560775,0.07695764240603434,0.0772883435364282
fg2,3.1333584767101805,0.07478571831740648,0.07540874671042665,0.07671254034085642,0.07753953568381569,0.07834757817300819,0.07942686642660818,0.07980117899502166
fg2,3.286072724869773,0.07746893564386648,0.07794809059558436,0.07914438841945494,0.07997982217272954,0.08079593228113188,0.08192710254484505,0.08233310707731951
fg2,3.446229990406502,0.07999095580093134,0.08039485886167015,0.08158832424148413,0.08244317644507206,0.08330711689237397,0.08453428848920698,0.0849664108983002
fg2,3.614193032580513,0.08244963611366164,0.08278758588025335,0.08404010812677495,0.08494687166887323,0.08586453795158659,0.08719597950698697,0.08757570998239789
fg2,3.7903422908848716,0.08489236193635981,0.08524353405322375,0.08651375064101222,0.08747368036593711,0.08845612434982059,0.0898935967978106,0.09030879077118303
fg2,3.9750767467482597,0.08735008526562507,0.08769501014634866,0.08901474477428432,0.09003396804664866,0.09107434019609004,0.0926489214694519,0.09308240954549243
fg2,4.168814827235528,0.08984497063572192,0.09018957756621596,0.09154420769479377,0.09262554833231085,0.09375340188360254,0.09545082466829732,0.0959011575699476
fg2,4.371995352792968,0.092411114692235,0.09272843782130921,0.09412406116481287,0.09523931422456222,0.09647840179459907,0.09829922918643151,0.09888235485326254
fg2,4.5850785311849975,0.09502468275479507,0.095354363984687,0.09676700163947666,0.09790410740627944,0.09923155957306498,0.10117272739370683,0.10183129981901448
fg2,4.808546999873515,0.09770565286337472,0.09803943440921278,0.0994705659776086,0.10063225683431429,0.10203656523824409,0.10414270210020758,0.10484834886312172
fg2,5.042906919200955,0.10043506427465318,0.1007970582905925,0.10223366911550479,0.10342389604103028,0.10486870692295142,0.10717308136975774,0.1079148754817404
fg2,5.288689118853119,0.10323916976375007,0.10363459764195986,0.10508027684974236,0.10627286691410137,0.10776204464775219,0.11024960931387218,0.11099979179305218
fg2,5.546450300198529,0.10613365675495198,0.10656129447964582,0.10800639384383631,0.10920364389757628,0.11070342326773953,0.11334553052561215,0.11414441837434702
fg2,5.816774297227648,0.10908173660926934,0.1095634436342135,0.11100796509861348,0.11219476159376204,0.11371548421329394,0.11648049866890862,0.11731000829984088
fg2,6.1002733989479925,0.11213757921708206,0.11264060509203563,0.11408324731051701,0.11527592805091144,0.11679238322449713,0.1196612804914885,0.12055704095652253
fg2,6.397589736230417,0.11525229441507508,0.115796673138485,0.11724304214651476,0.11843886991934663,0.11994935582761033,0.12285612235938913,0.12380291036521947
fg2,6.709396736247773,0.11847130490755978,0.11903312873714152,0.12048848091216952,0.12169294726594167,0.12319835849181103,0.12613547193931135,0.12714239296436866
fg2,7.036400647800303,0.12178254407969606,0.12234952137328785,0.12381710400298873,0.12502259926944786,0.12654219271356118,0.129493575645967,0.13041792357380225
fg2,7.379342140982632,0.1252200049482962,0.12576624832723365,0.12725060669802185,0.1284348801951179,0.129947682365406,0.1329121485194513,0.13385591214078746
fg2,7.738997984815656,0.12871437993843038,0.1292590813451523,0.13075503968414104,0.13195682272300857,0.13344739552783288,0.13643697407520455,0.13737263968152327
fg2,8.11618280664319,0.13233185988944993,0.1328369492065531,0.1343606274317403,0.13555623924091909,0.13704484951803927,0.13999642260751582,0.14091093244514538
fg2,8.511750937278432,0.13603173334094698,0.1365248926704496,0.13806910994424015,0.13927268937427303,0.1407597906417388,0.14366354255805075,0.14461023929781194
fg2,8.926598346079533,0.13981666319018932,0.14034313188576933,0.14188084993514258,0.14308978193868382,0.1445779516432847,0.1473982786431492,0.14838983249182577
fg2,9.361664670337294,0.14368460703315872,0.1442306794191175,0.14581484109699422,0.14701699073344426,0.14849793681404028,0.15128740741357433,0.15222571649534983
fg2,9.817935343571543,0.14766000448424585,0.1482283839451166,0.1498325508303113,0.1510459132957172,0.1525038783784096,0.15526355280450593,0.15615326956732845
fg2,10.296443827556823,0.15176328544421,0.15233385933874014,0.15394752228215888,0.15517108154596537,0.15662500680953456,0.15927206530990431,0.16020815123440021
fg2,10.798273953133053,0.15595821216698086,0.15654703066442055,0.15819105337009365,0.15942155572384015,0.16084336720461806,0.16346188005877715,0.16436009317227854
fg2,11.32456237510302,0.1603176088883321,0.1608302553670441,0.1625466537505794,0.1637931051546344,0.16519606648164847,0.16772477065010485,0.16863993746062061
fg2,11.876501146777198,0.1646795507909795,0.16524395788909454,0.1670061688732045,0.1682764144518116,0.1696821639356433,0.17213866288038693,0.173023863977381
fg2,12.455340419997187,0.16921740407520403,0.16983587437809872,0.17159718133056068,0.17288043402720363,0.17430777635944023,0.1766877337013413,0.1775322260709288
fg2,13.062391276753527,0.1738119507334532,0.1744834554103696,0.1763216723822402,0.17761310591410945,0.17903187227114245,0.1813690473036712,0.18221981066696047
fg2,13.699028698811361,0.17857650550362236,0.17928827089067068,0.18115125423720707,0.18246659988609815,0.18388749565682833,0.18619914325693052,0.18699128388373445
fg2,14.366694682070376,0.18344026845813835,0.18421379971610402,0.18610568608296368,0.18743337405943955,0.18886701706785763,0.191137199862505,0.19191033629078294
fg2,15.066901502712982,0.18846568294583804,0.1892373361188406,0.19120457861536733,0.19254536955009777,0.19398199384238402,0.19628854667349724,0.19698356055481764
fg2,15.80123514253873,0.19362450673449513,0.1943586405636701,0.19644709894497486,0.19782020677799056,0.19926285908581284,0.20155576612154136,0.20225966319407163
fg2,16.571358881243317,0.1989469562838797,0.19959095364837878,0.20178667813399262,0.2032090698842191,0.20469248836188492,0.20697087803382366,0.2076666633924552
fg2,17.379017063778786,0.20433498631750485,0.2049846772282937,0.20728395772828193,0.20876732470334283,0.21027191112724897,0.21255494927713267,0.21325317076252856
fg2,18.22603905132815,0.20982675519107943,0.21055620866420222,0.21290598636419442,0.2144631181043007,0.2160231491773122,0.2182991639400229,0.2190757760121466
fg2,19.11434336484331,0.21544586621328315,0.2162600998142856,0.2187058199669486,0.220308019195268,0.22193813200159354,0.22428436511142016,0.22503950751279547
fg2,20.045942030531624,0.22126955475700436,0.2221039472326031,0.224625889068848,0.22631298441724057,0.22801236859438495,0.23048053041383687,0.2311508215484516
fg2,21.02294513713358,0.22715851128002582,0.2281053813461285,0.2307070916763072,0.232465870465016,0.2342469555584449,0.23682815327922357,0.23749564199137793
fg2,22.047565615314078,0.23324614187370887,0.2341810121855002,0.23695989941760928,0.23879259901307834,0.24066067640203656,0.24335491036291215,0.24403341577515936
fg2,23.12212424999258,0.23939642121174126,0.24045489291241948,0.24336487984119093,0.2452856366941355,0.24721897059915177,0.25003280393884814,0.25081742269002505
fg2,24.24905493696514,0.2458209140039596,0.2468534451042348,0.24992861188192683,0.2519725451979027,0.2539579108227612,0.2569521686839457,0.2578379263956917
fg2,25.430910195724863,0.25233589937085577,0.253399263580721,0.25666011802673483,0.2588536753341523,0.26093402364197543,0.2640936564874439,0.2650391494764161
fg2,26.67036695096719,0.2590137526248611,0.26014578475613376,0.2636014414508514,0.26587260252723344,0.2680854194302466,0.27146387735009625,0.27251445559164067
fg2,27.970232595875384,0.2659363475646188,0.26703642212714085,0.27074149640443407,0.2731017377860767,0.2754506719053846,0.27901011733503456,0.28011932687083424
fg2,29.333451350919578,0.27292976248498685,0.2741049589572276,0.27801126606452853,0.2805225005787676,0.28300411711717177,0.28677442916066004,0.2880073535397206
fg2,30.763110932572356,0.2801656672281327,0.28139836701377907,0.2854649481433198,0.2881905338828844,0.2908294653765841,0.2948198385704387,0.2960890438686161
fg2,32.262449547045385,0.28746150697016504,0.2888664477755043,0.29312996376065253,0.2960637671251676,0.29884333553759207,0.30300928320497306,0.3044541083564371
fg2,33.8348632248882,0.29491447615082833,0.2964223660008433,0.30098992979269323,0.30411894886253216,0.30709398277203936,0.3114512271830636,0.3129676249376338
fg2,35.48391351306223,0.30258863477802406,0.3042166996531078,0.3090733541357993,0.312411496385554,0.31555990959285773,0.32019073675055276,0.32177087916474256
fg2,37.21333554191249,0.3104565250430617,0.3122102647430751,0.31737580576281266,0.32096264769722527,0.32426465303287977,0.3291891092602707,0.33095814819305086
fg2,39.02704648530913,0.31857369238290284,0.3203786320952058,0.3258841965873004,0.3296915148729168,0.33324213916889023,0.3383960425381519,0.34033822905863004
fg2,40.92915443312078,0.32686278886854214,0.3286932014565098,0.33463431804964994,0.3386965235052467,0.34240900487330417,0.34789971417416943,0.34993291400367393
fg2,42.92396769611661,0.33542855848240266,0.33722111897913937,0.3436371706625473,0.3478932114418386,0.35183609991645415,0.35772982153229527,0.3598406705685252
fg2,45.01600456437227,0.34414925660160295,0.34610489334965927,0.35286123885719106,0.3573643523811493,0.3615627729041957,0.36778154554069825,0.3699548671916908
fg2,47.21000354128308,0.35309448712382463,0.3551000379835073,0.3623335723663558,0.36709896891734345,0.3715286587301378,0.378144719740397,0.380456218383633
fg2,49.51093407636452,0.36221714875993033,0.36441068691033446,0.3720624781585161,0.37712472679650527,0.381791849284077,0.3888573337167731,0.39113915312277575
fg2,51.924007821150255,0.3715362738103049,0.3739188274913067,0.38203563654947087,0.3873778095617467,0.39236620252340526,0.3998546879542219,0.40219361013783295
fg2,54.45469043368213,0.38119571105961714,0.38364030019185935,0.3922927647237362,0.39792374389147533,0.4032170877507728,0.411150633615839,0.41357901351133264
fg2,57.10871395832984,0.3909919080654422,0.39369490277632124,0.40276381915402226,0.40881304090581566,0.4143675598368144,0.4227301571365487,0.4252446904438748
fg2,59.892089808980785,0.40097061861822075,0.4039647684498082,0.413555003193634,0.41994554232304104,0.4258561989604087,0.4345650737215048,0.4373547128197012
fg2,62.811122385007124,0.41138837246318805,0.41446793207351207,0.4246234455881259,0.43140078354022937,0.43763867618236274,0.44687069148217795,0.4498003429097008
fg2,65.87242335085054,0.42185653021392683,0.42517606811954767,0.4360356178736867,0.4431891829093534,0.4497206116033324,0.45945949172117084,0.46258505116251786
fg2,69.08292661156831,0.43252360370823906,0.4361951778026559,0.447748365407488,0.4553219027909044,0.4621738108613471,0.47237357554940956,0.4757269709671758
fg2,72.44990401826028,0.44360749189120185,0.4473838794437699,0.45976775007596105,0.46774372688575283,0.47492987990400803,0.48570511362791063,0.48932529569448924
fg2,75.98098183895057,0.45498859623433285,0.4590652281949315,0.4721297620584423,0.4805027030548171,0.488083450594136,0.4994981098353211,0.5031042359816184
fg2,79.68415803222986,0.4665508179544512,0.47102810049126265,0.48482164953637835,0.49360673423059265,0.5015846223251703,0.5136137484452414,0.5173661147690302
fg2,83.56782036278409,0.47846743720557855,0.48327889462264,0.4978277700326016,0.5070715892059297,0.5154491311995792,0.5281414119194268,0.5320476119822087
fg2,87.64076539984148,0.49064485254466894,0.49565252361347273,0.5111955995199713,0.5209196652295511,0.5297258464684245,0.5431042628305627,0.5471459185093713
fg2,91.91221844156952,0.5031350072850197,0.5083879425103041,0.5248680013478104,0.5351630899565718,0.5444154407012236,0.5584145559856828,0.5627180287899174
fg2,96.39185441055126,0.5158796972644496,0.5216289745691036,0.5389582009585661,0.5497148273538516,0.559502555420444,0.5741636926147382,0.5787062384039922
fg2,101.08981976766918,0.5293712333168604,0.5350614992293867,0.5533927689297241,0.5647792959763853,0.5750349366867347,0.5903325785393199,0.5951716112322254
fg2,106.016755494033,0.5428519486868031,0.5488156956106336,0.5681222776982245,0.5802401203402132,0.5909855955037853,0.6071370611855723,0.6119421802958417
fg2,111.18382119300445,0.5566026194762604,0.5629789717660761,0.5833535125669763,0.5960750167260548,0.6073928923325772,0.6243679710256815,0.6292769483199468
fg2,116.60272036691174,0.5707046433609081,0.5773872844549963,0.5989799514924906,0.6122636081071207,0.6242337541380677,0.6420713169283208,0.6471544321586832
fg3,1,0.013503608717104796,0.0137891184204132,0.014593811193894433,0.015186754925654038,0.015754789599630843,0.016612750578861624,0.016872477193308873
fg3,1.0427193104407961,0.01635649495255071,0.016580731334269284,0.01718238976196886,0.017639773051392988,0.018091420614768143,0.018725993062126915,0.018932970252492087
fg3,1.0872635603661294,0.019243892274907137,0.019385100719690306,0.019854853131564227,0.02017764113201844,0.02051913432175989,0.020995660574362907,0.021157338847718504
fg3,1.1337107099323753,0.02205320080251519,0.022155462515619586,0.022510285760535483,0.022746985033814063,0.023006872413366356,0.023377125423406708,0.023491825300173446
fg3,1.1821420497000317,0.02473336616495308,0.02482145079469077,0.025102704415493438,0.02530558379801403,0.025504838186363867,0.02581499889647838,0.025898618155111214
fg3,1.2326423429062865,0.02726260635108553,0.027342412521590562,0.027608355080108185,0.02778470452011144,0.027968071630618423,0.028229762812174857,0.028319604733870612
fg3,1.2852999738153703,0.029650723143113004,0.02973525310858218,0.029993691332075016,0.03015872880488684,0.030325352017242714,0.030580149901979024,0.030660408413607853
fg3,1.3402071024063362,0.03190479740657587,0.03198234764198314,0.03223737579459662,0.032397992260015544,0.03255908975220074,0.03280011193399081,0.03288707990439758
fg3,1.3974598256689923,0.03401032487591053,0.03409795189181427,0.03433748861525103,0.03449751902133437,0.03465630630993084,0.03488667034772119,0.034969395756721484
fg3,1.4571583457902868,0.03596841925328932,0.03605863428296864,0.036292071081788974,0.0364535078700978,0.036611433226741756,0.036832524399853586,0.036924078714270295
fg3,1.5194071455254992,0.03780673485654005,0.037877400366068785,0.03811450666706058,0.038279383064946076,0.03843482256041207,0.03865680728247901,0.03874163256942796
fg3,1.5843151710611667,0.03952622859624559,0.03959185724128582,0.0398257940764398,0.039982999613826765,0.040134663287604955,0.04036267637853598,0.04042400303460149
fg3,1.6519960226897918,0.041139585749277056,0.0412019744110044,0.04143426427245811,0.041585142405645814,0.041735109939722695,0.04195303112677391,0.04202824629674474
fg3,1.7225681536300375,0.04267598383860214,0.04272985806020436,0.04295408581940672,0.04310018718015323,0.043246323173487616,0.04345694407878124,0.04352504627075521
fg3,1.796155077340388,0.044138003169594486,0.04419522531135839,0.04440734504561892,0.044551175811016405,0.04468571942720811,0.04489217741254611,0.04496013890975906
fg3,1.872885583689104,0.045538843003857944,0.04559962867067041,0.045803696188081534,0.045948119810982395,0.046081268139914304,0.04628181034630135,0.04634947783600028
fg3,1.9528939643588106,0.046906600700326165,0.04696434003547596,0.04716402478784805,0.04730431151148959,0.04744003513287192,0.04763636273325605,0.04770349249683631
fg3,2.036320247880212,0.048237564501327476,0.04829466246092598,0.04849203323776452,0.04863566281189464,0.048772573119012515,0.04897102076066377,0.04903876936319072
fg3,2.123310444706285,0.049544121601747246,0.04960243669090103,0.049804781123021016,0.04994586856994558,0.05008964674406949,0.05029039639783766,0.05035333856252096
fg3,2.214016802755878,0.050846170316117933,0.050902435838785585,0.05110980928923015,0.05125149849668298,0.05140044777211784,0.051602339178684814,0.05166563022137045
fg3,2.308598073873945,0.052130247536569356,0.05219884250771211,0.05241136132809922,0.05255549054735453,0.052708794615036594,0.052915953041074715,0.05298222077093777
fg3,2.40721979167479,0.05343012674168123,0.05350039558834715,0.05372089110439814,0.053863907641154854,0.05402148342844801,0.054231728662906466,0.0543074583517585
fg3,2.510054561254574,0.05473235476133091,0.054813615788659155,0.05503384000823643,0.055185419905627586,0.05534395143980023,0.05556164342875545,0.05564184974770859
fg3,2.617282361280145,0.056051634373633884,0.0561381691190888,0.056364427596043994,0.05651998638311085,0.0566827988981758,0.05691043607675624,0.05698730627392815
fg3,2.7290908589828913,0.05739148990354737,0.05748309566738227,0.05771290548873264,0.057874512787357724,0.0580387862689392,0.05826826763179099,0.05835082306614978
fg3,2.84567573860892,0.05876049152629756,0.05885070157017798,0.05908213733000871,0.059247184928663287,0.0594159797158769,0.0596491207084411,0.0597347219394679
fg3,2.9672410439003962,0.06015255455326817,0.06023850997654377,0.060476335971768165,0.06064433253113251,0.06081561974104807,0.06105330656659561,0.06114136239070209
fg3,3.0939995352074496,0.06156508000743755,0.061654112458153734,0.061897489715167474,0.06206460770542688,0.06223997261851663,0.06248249498137577,0.06256997956835854
fg3,3.226173061855655,0.0630133620863632,0.06309760512988749,0.06334376310464915,0.06351413027804012,0.0636888090356277,0.0639382683545134,0.0640255359311132
fg3,3.3639929504208004,0.06448372418874482,0.06457175422856762,0.06482025272495752,0.06499150113842361,0.06516857318964113,0.06542235499839884,0.06550753110233574
fg3,3.507700409590476,0.06598922995324381,0.0660766122453953,0.06632642926639577,0.06649941752333284,0.06668109636261557,0.06693340301487166,0.06702130306635315
fg3,3.6575469523210797,0.06752091577431409,0.06761207756730278,0.06786486269551145,0.06804006947041014,0.06822254561232202,0.06848151602335878,0.06856497492071867
fg3,3.8137948360290714,0.06909083351560578,0.06918091337097372,0.06943434482588046,0.06961435858498721,0.06980316451867863,0.0700564329425091,0.07014256062005993
fg3,3.9767175215869024,0.07069005786950522,0.0707827211415861,0.07103995774729305,0.0712237218615355,0.0714122854744203,0.07166564703317614,0.07175922977853731
fg3,4.146600151926927,0.07231791732408821,0.07242406507551492,0.07268211742901928,0.072866422995936,0.07305615157049265,0.07331552053961277,0.07341557160214437
fg3,4.323740051090946,0.07399510008725443,0.07409501039547059,0.07435948595521112,0.07454818775083727,0.07474010949551288,0.07500595814131657,0.07509891302456764
fg3,4.508447244598803,0.07570261421115546,0.0758005655393222,0.07607420786546414,0.07626712527925594,0.07646140636504495,0.07673196892731557,0.07682812425598051
fg3,4.701045002046771,0.07744489223285436,0.07754036466238734,0.07782817917351754,0.07802367270271368,0.07822275398037017,0.07850832059165318,0.0785916339128039
fg3,4.90187040288536,0.0792294832788297,0.07931948837204637,0.07962045833255682,0.07982119121656933,0.08002612386616112,0.08031355638277066,0.08040167384211303
fg3,5.111274926366771,0.08104308054168251,0.08113956376453321,0.08145158595245869,0.08166014725331966,0.08186728722919376,0.08216443625579803,0.08226087180600167
fg3,5.329625066694489,0.08290788090543572,0.08299960197060621,0.08332298489658482,0.08354098416278838,0.08375274940521081,0.08405872389041115,0.08415944061254614
fg3,5.557302974451661,0.08479277084697841,0.08490420242888813,0.0852390367245091,0.08546267474450292,0.08568146636665078,0.08599451902484725,0.08610880365758067
fg3,5.794707125430821,0.08674007657491788,0.08684621067384249,0.08719731669783105,0.08742877331108737,0.08765745593944563,0.0879844033975875,0.08810557359910075
fg3,6.042253018035593,0.08871379647121873,0.08882936554830485,0.08920015645512068,0.08943870657937686,0.08967906519490629,0.09002338978883218,0.09013857436865318
fg3,6.300373900474892,0.09074121108506417,0.09086012134234442,0.09124888591485669,0.09149383638992065,0.091747228099832,0.09210748521849606,0.09222987826648313
fg3,6.56952152902237,0.0928085332095179,0.09293300417667612,0.09334146844188702,0.09359540709991586,0.09386638610073429,0.09423584338945666,0.09436576778247734
fg3,6.8501669586681695,0.09492309449202974,0.09505452268085088,0.0954800194562407,0.0957491208723181,0.09603235576353325,0.09642166384944587,0.09655948926863224
fg3,7.142801367546799,0.09707267783413841,0.09721921603740828,0.09767011177053507,0.09794878105881222,0.09824812647811987,0.09866642671008694,0.09880063214835554
fg3,7.447936916583974,0.09927403344578445,0.09943056252176585,0.09990411810774145,0.10020213232463221,0.10051401926952461,0.10095167796855793,0.10109427555396606
fg3,7.766107645866991,0.10152356490062288,0.10169479129166566,0.1021915019281672,0.10250546136049024,0.1028358693839458,0.10330349129756328,0.10344605289171765
fg3,8.097870409307422,0.1038249421157999,0.10400566531445601,0.10453025966352186,0.10485963426702916,0.10521141422978547,0.10570264383816128,0.10586022583679727
fg3,8.443805849231962,0.10617329825850542,0.10636484066971477,0.10691979825953961,0.10727167861982492,0.1076377312330041,0.10815495273818213,0.10832883565972913
fg3,8.804519412607112,0.10857977634899654,0.10878419529969362,0.10936704359527696,0.10973957082236863,0.11012540608067677,0.1106644040961218,0.11085928577631972
fg3,9.18064241067629,0.11103390769097077,0.11124069923938854,0.11187336423171011,0.11226650112047894,0.11267177502164812,0.11324214068770068,0.11344475315700159
fg3,9.572833123863914,0.11354607981587263,0.11376295092825525,0.11443158774818735,0.11484872574957457,0.11527672137496911,0.11587897706066241,0.11608875044676818
fg3,9.981777953880192,0.11611811419021655,0.11634641522144071,0.11704878348162609,0.11749030807012831,0.11794387006229158,0.11857790032248894,0.11879565510210656
fg3,10.408192625043093,0.11874670934795514,0.11898402978331349,0.11972681635511914,0.12019831935960887,0.12066933989299286,0.12134573577473086,0.12156206901541426
fg3,10.852823436919913,0.12142535443801299,0.12168321323285271,0.12245844863060679,0.12296472041925263,0.12345441268089133,0.12417993499790926,0.12440921768727234
fg3,11.316448570480842,0.12416914190402371,0.12444878194959891,0.12526008625614232,0.1257923317788415,0.12631283373457478,0.12707160527008443,0.1273169674649316
fg3,11.799879450050515,0.1269693574296537,0.12726982049832578,0.1281216076073587,0.12868475491949932,0.12923410293911752,0.13003051968888868,0.13027909800267706
fg3,12.303962163441193,0.12984643359438508,0.13015038816700297,0.131048615830586,0.13164308839195343,0.13222811616024585,0.13304997370703664,0.13332134132529447
fg3,12.829578942753052,0.1327820559674904,0.13309933389130263,0.13404584378408885,0.13466945987758613,0.13528806308949154,0.13615122771456076,0.13643820799033102
fg3,13.37764970843322,0.13578824819765448,0.1361092899163121,0.13711335762921303,0.1377713362515922,0.13841721025777287,0.13932459122914287,0.13962908260032794
fg3,13.949133679296002,0.1388567646026893,0.13920370975094992,0.14024570342032122,0.14093840282517534,0.14161972040962575,0.14257859050214242,0.14288374780838942
fg3,14.545031051322013,0.1419940222021215,0.1423531559351167,0.14344576257680808,0.14418367560890583,0.1449002775686779,0.1459010434059983,0.14622367652535953
fg3,15.166384748174456,0.14520329306175442,0.14556587911780255,0.146724653366581,0.14749523851450447,0.1482544929774389,0.14930371314672666,0.1496365170751572
fg3,15.814282246496274,0.14849473992624065,0.14884970457365682,0.15007372475504485,0.1508842187530412,0.15168625488268225,0.15280461681381294,0.15313380449604344
fg3,16.489857479182717,0.15184722809426812,0.1522032987856725,0.15349730047195018,0.15435550046966062,0.15519661440768348,0.15636394919118707,0.15671527068040245
fg3,17.194292819960417,0.15528556391129184,0.1556512958803392,0.1569972180173732,0.15790594323289808,0.15878600000357546,0.16001529276834614,0.16036723857448545
fg3,17.928821152746256,0.1587874022469389,0.15918236836428082,0.16058654218582896,0.16154065957758637,0.16245851154094856,0.16374403243747526,0.1641333683147504
fg3,18.694728029407933,0.16235906011288873,0.16277238426464025,0.16425430846169262,0.165248671955853,0.16621851848746663,0.16756050525470767,0.16796845480714787
fg3,19.49335391970246,0.1660302483418399,0.16646173590305327,0.16801170666418,0.16904304239211682,0.1700632602253281,0.17147020723243167,0.1718847383879975
fg3,20.32609655733054,0.16977757259321258,0.17023631187558502,0.17184583965993072,0.17292772482252833,0.1740062486922357,0.17546249446237966,0.17592472030843537
fg3,21.194413386212737,0.1735941821257105,0.17407156734996027,0.17577782053340685,0.17690487126653565,0.17803359335614755,0.1795751187762824,0.18004376874427624
fg3,22.099824111268923,0.1774968953816257,0.17800131045534434,0.17979136559135256,0.18097286723162112,0.1821621495272332,0.18376102049769008,0.18425429852807546
fg3,23.04391335816522,0.18149231910201002,0.18202502107560803,0.18389763443702853,0.18513509076685677,0.18637896700425968,0.188043953169171,0.18857400479832148
fg3,24.02833344668349,0.18558357120605457,0.1861522183414981,0.18810103129578626,0.1893925848959721,0.1906952142208695,0.19243773448297566,0.1929930326114361
fg3,25.054807282567324,0.18978068712891194,0.19035609775165005,0.1923986279597622,0.1937546881236094,0.1951067266798529,0.19693644669021626,0.19750163635558518
fg3,26.125131372905635,0.19407238234255295,0.19466969073961893,0.19679063027008245,0.19821548542076942,0.19962874857727114,0.20152181442326944,0.20211336944961616
fg3,27.241178970331372,0.19843560468209567,0.1990732413789641,0.20129135702892953,0.20278709011226753,0.20425666213794952,0.2062576864906007,0.2068548986913466
fg3,28.40490335153824,0.20289656511713908,0.20357758403087392,0.20589066498687444,0.20744857301449154,0.20898417722075605,0.2110700316165782,0.21170551380431754
fg3,29.61834123585341,0.2074418538214602,0.2081816290715915,0.21059468942367054,0.21222856211434968,0.213822626873244,0.21599793088739314,0.2166597814613162
fg3,30.883616349849277,0.21211418333878268,0.2128897651074709,0.21540000735863551,0.2171148166644451,0.21877420940245676,0.22103020361078765,0.22173165189199837
fg3,32.20294314423293,0.21688879415758766,0.21770419681484668,0.22032304242140682,0.22210785094483215,0.22383697348605516,0.22618815364961187,0.22691727580085183
fg3,33.578630669518724,0.22176562342482486,0.22262391440117368,0.22535650197007434,0.22721160248418565,0.22902085016488244,0.23147705061621524,0.23223151153014424
fg3,35.01308661726673,0.22674887629636106,0.2276573421401605,0.23050228814486123,0.23243399336092974,0.23432317387253132,0.23687279036182549,0.2376659591005044
fg3,36.50882153396023,0.23185727872688838,0.23280709122467413,0.23576179927257562,0.2377773697396248,0.23974522541516005,0.24242270117904915,0.2432292718664562
fg3,38.0684532148971,0.23706310059679472,0.23807469789545357,0.24114128601451126,0.24324335344244458,0.24529121475332227,0.24808446939884812,0.24894140494045677
fg3,39.6947112857852,0.24239870389537674,0.24346119526454918,0.24665946392959165,0.24883959564593883,0.2509716235565202,0.2538710159720465,0.25476371885021554
fg3,41.39044198006045,0.2478672851067453,0.2489635740527573,0.25228949888471336,0.25456064968391,0.256789118545595,0.259796092432897,0.2607206032289921
fg3,43.158613120288415,0.253470648188579,0.2545841185771678,0.2580521482142639,0.260412885149545,0.26273336533940445,0.26587138904157004,0.26683465067991413
fg3,45.00231931236823,0.25915531815384985,0.26034144099374945,0.263948713024693,0.26640388946101545,0.26880941312760337,0.2720886184052955,0.2730903955155249
fg3,46.924787361629114,0.2650048548445475,0.266231093261733,0.2699762433825792,0.27252903610558177,0.2750347816014724,0.27844504882659854,0.27947997255719886
fg3,48.929381920298894,0.27098713453252316,0.2722556832781385,0.2761455353741521,0.27879482083878154,0.28141170094266155,0.28494219759502876,0.28601824116908053
fg3,51.01961137622842,0.2771062940005417,0.2784202107390656,0.28244319558408293,0.2852066687232001,0.2879251884706329,0.2915928263101132,0.2927150585315545
fg3,53.199133993178286,0.2833590402478524,0.28472710936916307,0.28889985637858673,0.2917659142001853,0.29459200422551185,0.2984095690490772,0.29957337616856483
fg3,55.471764313414404,0.2897108682652869,0.2911718771732617,0.2954969538115828,0.2984897040515556,0.3014277210053168,0.3053789547593754,0.30659219733198845
fg3,57.8414798338178,0.2962250044660372,0.2977616609634206,0.30224085175685705,0.30535253696302767,0.30840971274672724,0.312502431930561,0.3137624978441471
fg3,60.31242796719373,0.30290260599906804,0.30449905785590864,0.309137958340837,0.3123847802415516,0.3155584344703138,0.31980186827957696,0.32109452146477596
fg3,62.8889333009624,0.3097122889884758,0.31138668162557503,0.3162021814744681,0.3195647283946027,0.3228680319217092,0.32728987121832326,0.3286309062515609
fg3,65.57550516593676,0.3166942118720685,0.31842343200724066,0.323426667583668,0.32691267586671113,0.33034751646055605,0.33494904502485795,0.3363441769580985
fg4,1,0.013756821937888245,0.014213791765343528,0.01583998289364454,0.016906146414269352,0.017980801016334126,0.019453168196863962,0.0199781612980113
fg4,1.0278227838460352,0.01545916684975382,0.015860562860879023,0.017254961931691203,0.018185164018933393,0.01911925697286782,0.020445248102569244,0.020891128178980353
fg4,1.0564196749930135,0.017192823576992703,0.017530153828720103,0.01871152429464991,0.019497729417222477,0.020310221984598666,0.02146709111381924,0.021877667265275146
fg4,1.0858122112610427,0.018918008380339503,0.0191908624558881,0.020182702244130046,0.020854228618703737,0.02154509810617546,0.022530370352805678,0.02289786268531139
fg4,1.1160225297123443,0.02060789724165465,0.020842058115027134,0.021669740319466047,0.022230309323901853,0.022812331658758858,0.023640836689212064,0.023960591169635212
fg4,1.147073383323836,0.022256987416729733,0.022463497441337302,0.023147045857733917,0.023625761010822123,0.024117391714412465,0.024847697873628016,0.02512197568096975
fg4,1.1789881581235955,0.02382756257259425,0.024008325163980677,0.024600318533955508,0.025015814846431582,0.025446835915632068,0.026073298498088267,0.026319290385396783
fg4,1.2117908908041033,0.025312528537030993,0.0254787627154661,0.026016240027517065,0.02640541450485209,0.026798515557104188,0.02736020014058893,0.027573399974705266
fg4,1.2455062868255402,0.02670216271768277,0.026884330133842577,0.027392294011335784,0.02778345142400547,0.02815307952576558,0.02869844574391258,0.028894144793558597
fg4,1.280159739022765,0.02806858898097183,0.028236126919972633,0.028754067191422792,0.029131462144487925,0.029496399169641366,0.030026026856200896,0.030236360840487628
fg4,1.3157773467299922,0.029381653242541425,0.02952935566545857,0.030070236468566096,0.030448144488434116,0.030828000171375703,0.03135238270451851,0.03155577479462185
fg4,1.3523859354375705,0.030663359141789606,0.03080305392309993,0.03135831635911915,0.03174176521372846,0.03211815833121308,0.03265256977233531,0.032841905502730404
fg4,1.390013076995668,0.031899539479583974,0.03204848889397881,0.032615188993973344,0.03299895437280347,0.033363534538290135,0.0338947390775575,0.03405925791037192
fg4,1.4286871103800807,0.03308925716174347,0.033264409255211534,0.03382898706902165,0.03421396278752266,0.03457266681284887,0.03509433023071085,0.035256130067567455
fg4,1.4684371630358022,0.034268522700279386,0.03445147065942243,0.03501619238323542,0.03537738739180024,0.0357437943286276,0.03625657778578413,0.0364045900519473
fg4,1.5092931728144323,0.035422167757125554,0.035609311361521755,0.03615076408661919,0.03650772616280082,0.03686479556291652,0.03736235396421808,0.037520885138554706
fg4,1.5512859105219448,0.0365527445161975,0.03670952429060025,0.037249012174129584,0.03759887632644977,0.03795007421962631,0.03843653375595742,0.038596446799228724
fg4,1.5944470030937967,0.03763581393585624,0.03778427666588954,0.038312137508102306,0.03863925269293063,0.03899300902637728,0.03947119439236731,0.03963843225805398
fg4,1.638808957414834,0.03865859749319026,0.03883741879352585,0.03932209770631344,0.03964771167415969,0.039996702729232766,0.040472011867013026,0.040633259427504585
fg4,1.684405184801933,0.039651248638643596,0.03983005132718265,0.04030442970899957,0.040628031793219936,0.040969957039414265,0.04145976137880884,0.04162841953217498
fg4,1.731270026167818,0.040624795786847294,0.04078097871098532,0.04125122009284633,0.041579868749991075,0.04192334880496863,0.04241405717946964,0.042588441120469986
fg4,1.779438777885005,0.041531116722638386,0.041691406394396384,0.04216114350989335,0.04250078183811133,0.04284228111083179,0.043346989665442454,0.043506344731232764
fg4,1.8289477183693523,0.04240658896516933,0.04256369514939632,0.04305933627420992,0.04339163984060024,0.04374699983621733,0.04426664026886517,0.04442104188956814
fg4,1.879834135403242,0.043279908635766265,0.0434269295187204,0.04392265761423955,0.04426505631252049,0.04463544880881726,0.04516506515972835,0.045322282421846015
fg4,1.9321363542189647,0.04410099628285709,0.04426096022301442,0.044773097095488504,0.04512559970833178,0.0455001637855664,0.046040911951080114,0.046223190987546514
fg4,1.9858937663634653,0.04491475146933557,0.0450811024652276,0.04560372299048861,0.04597141683791462,0.046356892400004665,0.04691940624743343,0.047095464573536396
fg4,2.0411468593661843,0.04571685042136518,0.0458856679550424,0.0464231781264227,0.04680260091997984,0.047199703598029906,0.04777893424323666,0.0479515926040082
fg4,2.0979372472323434,0.04650854408074215,0.046683060948676365,0.04722884307243382,0.04762556205063648,0.048030585926615514,0.04863890670011926,0.04880054551902718
fg4,2.156307701784635,0.04728474444320013,0.04748299605271188,0.048026111045988404,0.04843578848598629,0.04885117720824781,0.0494611514685786,0.04964200204798595
fg4,2.2163021848769295,0.04808020479069258,0.048267935508744045,0.04881850530023646,0.049242303365895114,0.049665527850018626,0.050287883185548075,0.05047733161954963
fg4,2.277965881504256,0.048856020414376956,0.04904849327889539,0.04961095430610127,0.050043421524780585,0.05047470589369907,0.05111691378277586,0.051299763445288554
fg4,2.3413452338339917,0.04965393619458704,0.04983023775688085,0.050403871111100784,0.05084377110791438,0.051280500472617535,0.05193618921874942,0.05213236416505804
fg4,2.4064879761838993,0.05043900293185479,0.050618097836127765,0.051197312434065806,0.05164022846596151,0.05208965399081258,0.05274797461608185,0.05295140334284878
fg4,2.4734431709733466,0.05122343630536137,0.0514087273235846,0.05199491842713448,0.05244162597172544,0.0528965764470566,0.0535637805414044,0.05375874306053824
fg4,2.5422612456747897,0.052020952327971534,0.05220293696600096,0.052790618079337194,0.05324437458516784,0.053705786893229794,0.05438446099525129,0.05458114312382115
fg4,2.612994030793351,0.05281234599070035,0.053013515642616874,0.053591787283287076,0.054047094074525404,0.0545163444733107,0.055209346958592614,0.05541401813063549
fg4,2.6856947989030946,0.05361191228749621,0.05382255878652563,0.05440171803478295,0.054860658475790504,0.055335583697604364,0.056040195136485525,0.05624332087143202
fg4,2.7604183047693964,0.05443314010863717,0.05462163998809682,0.055211681006388305,0.05568080036788621,0.056153697745707075,0.05687742731310645,0.05708934920229849
fg4,2.8372208265876337,0.05524059134045889,0.05543097726536929,0.056039128057543006,0.05650749935448507,0.05698663696565925,0.05771098057687865,0.05793454864108138
fg4,2.916160208369251,0.05605795054082463,0.05625293380315839,0.05686424799491285,0.057342013443942845,0.057826696552352244,0.05855163151665626,0.058785753164675915
fg4,2.997295903507117,0.056888521976692294,0.05707488156549144,0.057703665882641246,0.05818432432364856,0.05867118098886374,0.05941586795388827,0.059645890662068955
fg4,3.0806890195530023,0.057711285849713204,0.0579055833994865,0.0585557351722107,0.059037594151635724,0.059532830925203645,0.06029093669975882,0.06052445066423479
fg4,3.16640236424088,0.05855048383204612,0.05873827514460625,0.059408422812332815,0.05989980944438199,0.060407990810904796,0.06115716346471422,0.061410210196790924
fg4,3.254500492790728,0.05940108179977334,0.05959039717583787,0.060267536014283835,0.06077088850416944,0.06129374891753646,0.062057669306359135,0.06230515435189213
fg4,3.34504975652846,0.060241172402746186,0.06043594168140107,0.06113956715284846,0.061639425211190604,0.062182883916244394,0.06296459111565197,0.06323363202012953
fg4,3.438118352858583,0.06108567688705104,0.06129973188954463,0.06201480304866941,0.0625271363831767,0.063072649172558,0.0638732740913739,0.06417750256367066
fg4,3.5337763766272543,0.06194800021343879,0.06215694132134751,0.06290601066887833,0.06342669286983664,0.06399130477821088,0.06480487189545156,0.06512584357382087
fg4,3.632095872914379,0.06282089271907747,0.0630296233944662,0.06380252722811856,0.06433883666925685,0.06491720128418091,0.06574893697088481,0.0660780221520006
fg4,3.7331508912945526,0.06369497741380437,0.06391131066205072,0.06470493377722603,0.06526933445558233,0.06585544374118624,0.06672696350534682,0.06704341075728668
fg4,3.8370175416076746,0.06458333086596844,0.06480373210064094,0.0656240708553815,0.066207875785470785,0.06681231214371972,0.06771574388755029,0.06804340650788297
fg4,3.9437740512812693,0.06545377014465495,0.06571190621316729,0.06654816266234567,0.06715821142457429,0.06778906700688139,0.06871690414088721,0.06906306540106101
fg4,4.053500824247671,0.06633351730615313,0.06661067860163047,0.06748693117899428,0.06812451341122416,0.06877717608495315,0.06975413756988254,0.07009498715022792
fg4,4.166280501500439,0.06724365193472057,0.0675198669973181,0.06843907519608788,0.06910351985368085,0.0697792442918299,0.07079061447097235,0.07114936140104611
fg4,4.282198023335637,0.06817314132204699,0.06845638167877842,0.06940537548265178,0.07008895801108839,0.07079966369270602,0.07183928341377661,0.07221880865938615
fg4,4.401340693324823,0.06908060723536724,0.06937384565112731,0.070372576162932493,0.07109185675689383,0.07184731558498346,0.0729151398224806,0.07330397935439154
fg4,4.523798244067958,0.06999306728383739,0.07030739807838315,0.0713565212060143,0.0721119115465782,0.07288946857930942,0.07401914919929194,0.07442448693973595
fg4,4.6496629047757345,0.07092270778814051,0.07126859473492682,0.07235899600038517,0.07314101729133837,0.073955179040997715,0.07513046295561206,0.07554958143229397
fg4,4.779029470732237,0.07188396177526439,0.07223674981553792,0.07336434243829244,0.07418437470664063,0.07502975028261034,0.07627368019980589,0.07670349996731798
fg4,4.911995374690252,0.072820136025017,0.0732039861854341,0.07438697880885885,0.07523997013704228,0.0761293545434612,0.07741357123929271,0.0778687202857715
fg4,5.048660760252982,0.07378447020494532,0.07419135851604153,0.07542894760409362,0.07630487823684184,0.07722738859629454,0.078617212942649,0.07904526772877797
fg4,5.189128557297462,0.07475185186899908,0.07518166952288464,0.07648564005108087,0.07738907784152538,0.07834059423275007,0.07978039754117068,0.08025314125048433
fg4,5.333504559496436,0.07575800405775693,0.07617232728529355,0.07755192892236687,0.07849622190525715,0.07948219017329079,0.08099021975643356,0.08147670604899242
fg4,5.481897503997149,0.07675929254404823,0.07719108334723253,0.07863744281735927,0.07962541574436399,0.08064780674538363,0.08220325750424903,0.0827303377081496
fg4,5.63441915331698,0.07778044706861148,0.07823848745596225,0.0797207617557174,0.08076699165263454,0.08182883268088573,0.08344865330561403,0.08398814772574235
fg4,5.79118437951768,0.07880925775984197,0.07929231045968806,0.08082629543365223,0.08192452822683419,0.08302598691039598,0.08471100754015766,0.08527596720848138
fg4,5.952311250721536,0.07983517134257809,0.08034107530004982,0.0819591782108949,0.08309914289339806,0.08424426935390807,0.0860099815751476,0.08659462215758457
fg4,6.1179211200346835,0.0808892082229977,0.08139030009592292,0.08309786887265105,0.08429105160503947,0.08548742638067951,0.08731329869922956,0.0879079929266737
fg4,6.288138716944502,0.08194037543972464,0.08246411027085575,0.08425698400611925,0.08550485594374678,0.08674233936123665,0.08863774008288207,0.08925016214408099
fg4,6.4630922412599325,0.0830041725327586,0.08353580202398533,0.08541904721862928,0.0867250197835181,0.08802116876950108,0.08995802648017008,0.09061949041892003
fg4,6.642913459665495,0.08409529567550486,0.08464446051118445,0.08659730917722391,0.08795606624399821,0.08931137472363632,0.09131828392763437,0.09204498306252877
fg4,6.827737804961685,0.08517100316252356,0.08574968405252413,0.08778848438142028,0.08920874227357917,0.09063576470175058,0.09270899051545071,0.09343478171236581
fg4,7.017704478066537,0.08629010288790676,0.0868577019748125,0.08899750127007604,0.09048944726666502,0.09196935208484827,0.09411317263503144,0.09486539340912797
fg4,7.212956552855134,0.08739765902797642,0.08799836153136953,0.09023345374236025,0.09178202192881868,0.09332196129439,0.09555258677333148,0.09637389722816636
fg4,7.413641083916067,0.08853259590443296,0.08914419921011252,0.09146677082460485,0.09309055919413142,0.09468943024224627,0.09701003180151442,0.0978468652124366
fg4,7.619909217305949,0.08968284835580681,0.09030705886618655,0.09272130019943906,0.09440925520565871,0.09607767924914101,0.0984947291726081,0.09933525723970661
fg4,7.831916304385462,0.09086314189675491,0.09149931576111013,0.09400675563645869,0.09575562133560207,0.0974789481295848,0.10000898311937939,0.10086533755518165
fg4,8.049822018822617,0.0920404995879981,0.09270390890623756,0.0953016188259861,0.09711980157739783,0.09890401801090885,0.10153765688545249,0.10244692284116595
fg4,8.273790476851374,0.0931906155646018,0.09391464260936801,0.09661358446343887,0.09850449854577084,0.10036417606512019,0.10310870219571101,0.10401856232432495
fg4,8.503990360876193,0.09438177350631193,0.09512784103928841,0.0979475954735855,0.09990477152113976,0.1018364753008503,0.10473226438610553,0.10561280652198876
fg4,8.740595046515617,0.09561964820294223,0.09636193863526672,0.09930315439675876,0.1013294916040397,0.10333001268665977,0.10633239263167948,0.1072430121165986
fg4,8.983782733180545,0.09684382903074445,0.09763334914577558,0.10068133252405306,0.10276994656290867,0.1048517333727069,0.10795734571408673,0.10896196587947976
fg4,9.233736578285573,0.09807472520168814,0.09889809361598137,0.10207098702032999,0.10423895113982316,0.1063928990225601,0.1096484925971464,0.1106345180702864
fg4,9.49064483519444,0.09932110610068717,0.10017660808101427,0.10348492535616594,0.10573454340544827,0.10795586320180733,0.11131885282732622,0.11237046234310423
fg4,9.754700995003542,0.10060940893752904,0.10147689664960723,0.10490564182388926,0.10726534959017792,0.10954094644348622,0.11302487159493466,0.11413312109867939
fg4,10.026103932270233,0.10191574924181349,0.10279167983170659,0.10634688062403544,0.10879217330023855,0.11117274050052299,0.11477383644796477,0.11592286423949626
fg4,10.305058054795671,0.10320451003025878,0.10412289079513073,0.10780307668485437,0.11034593871926904,0.11281610475590184,0.11652963039745917,0.11772024343373275
fg4,10.591773457575092,0.10450923700513787,0.10547303775549234,0.10928111856667175,0.11191933003387286,0.1144847545111021,0.11834024950292556,0.11954139422391813
fg4,10.886466081031374,0.10584407479119477,0.10684614587833972,0.11079078360839617,0.11352152397270826,0.11615989432477314,0.12015660030962586,0.12141600923205988
fg4,11.189357873651108,0.10719662133953128,0.10824394327456344,0.11232587391872316,0.11514410208375889,0.11786555730466494,0.12199103028104143,0.12331955574854808
fg4,11.500676959145633,0.10856592955778308,0.1096377837215726,0.11387150747944699,0.11678916811749218,0.11961123568761087,0.12383823101089612,0.1252172619037499
fg4,11.820657808263016,0.1099672587009287,0.11105595921179108,0.1154445086523633,0.1184565197428955,0.12138115699367943,0.12573441612159553,0.12717472840247232
fg4,12.14954141538027,0.11135967442247986,0.11250584828523319,0.11704376316973063,0.12013563021453358,0.1231749014922186,0.12762012509429102,0.12916283762705222
fg4,12.487575480008845,0.11277643235142047,0.11398142518007445,0.11866069329461629,0.12186222506420505,0.12499737460867998,0.12956294964450293,0.1311876443222849
fg4,12.835014593350177,0.11420497038141178,0.11548562795944128,0.12028734832634064,0.1236094478832373,0.12683324486932898,0.13158371484531603,0.13325865067332315
fg4,13.192120430041665,0.11567251838674776,0.11698859964385001,0.12192163100846269,0.1253719804937447,0.12869238029285424,0.13360617534951233,0.1353472060634531
fg4,13.559161945237582,0.11712847937952621,0.118495311602835,0.1236061882401253,0.127165254897426,0.1305908499250708,0.13564383288831,0.13743453779894316
fg4,13.93641557717331,0.11863119915578052,0.12004028331522437,0.12531666727567203,0.12898574379793792,0.13251217549054994,0.13771435850750374,0.1396098899083071
fg4,14.324165455365518,0.12013833937105362,0.12161362009582163,0.12704586557917041,0.1308356609206775,0.13446639661275295,0.1398279652319268,0.14180828611522012
fg4,14.722703614605003,0.12168806138444288,0.12319424187120923,0.12877221534065797,0.1326936307550114,0.136450161244055,0.14198387500428492,0.1440496223190416
fg4,15.132330214903396,0.12325066314680502,0.1248110229586704,0.13054427935235113,0.13457869110682674,0.1384622779839022,0.1441784019574386,0.14627748532474766
fg4,15.553353767559477,0.12483558687619288,0.12646028898783337,0.13232667619178617,0.13648634528024187,0.14049745550695097,0.14640079477725704,0.14852599499027766
fg5,1,0.012174274644739948,0.012802379291447511,0.014826283565577032,0.01632615674499606,0.017797040894436532,0.019803757639098203,0.020390626878972633
fg5,1.0427193104407961,0.014704808184472914,0.015201963936322392,0.01690835670961682,0.018214035502298026,0.019490330316940453,0.021299455813758215,0.02182070354226167
fg5,1.0872635603661294,0.017332364202164427,0.01774409671594271,0.019126380015053096,0.020233647750948918,0.021327336465912818,0.022895327151691847,0.023353605898758914
fg5,1.1337107099323753,0.020042142904531157,0.020358685257157515,0.02152432385117916,0.02239632932887831,0.02330837217422607,0.024627812943261725,0.02499180621997156
fg5,1.1821420497000317,0.022759475021143425,0.0230704303458052,0.024001259705995127,0.024704489987783358,0.02542828460194613,0.02649451648614722,0.02679423131502353
fg5,1.2326423429062865,0.025403579982621383,0.025672018615449908,0.026506648402418908,0.02709645503269842,0.02767779831255158,0.02853339471185172,0.028824458068745226
fg5,1.2852999738153703,0.02799076728018327,0.028214586148893533,0.02898743153663267,0.029532417590062754,0.03006398759494358,0.0308644197350932,0.03113141069596425
fg5,1.3402071024063362,0.03044798784449352,0.030674053830559624,0.03144838636575901,0.03197376148322194,0.032539407015853304,0.03334407034134383,0.03364510165909317
fg5,1.3974598256689923,0.03285433692584837,0.033100739977451187,0.033871616468402505,0.034431592537863355,0.035016183895868684,0.03588021353637563,0.03614731242029863
fg5,1.4571583457902868,0.03520290703004289,0.035460228664970936,0.036269391142419775,0.03687856282744337,0.03749167671330095,0.03834676789042492,0.03862193345021973
fg5,1.5194071455254992,0.0375412468172679,0.037788632054710794,0.0386492809434309,0.03929347288488501,0.0398783901119406,0.04070723599314896,0.04100883647242782
fg5,1.5843151710611667,0.039823010544314884,0.040099146169957745,0.04099460349284012,0.041627398371298,0.04219695276457057,0.04298673968513722,0.04323169790825753
fg5,1.6519960226897918,0.042061773443271895,0.042372921498281306,0.04327564138906799,0.04387465914959476,0.04441577231936109,0.045155312516632,0.045387073096754604
fg5,1.7225681536300375,0.04429346193567525,0.04460451931420718,0.04548620423002642,0.04603212085933983,0.04655212143251974,0.047244616073167156,0.04744919912922067
fg5,1.796155077340388,0.04651641239075046,0.04678881119603601,0.04762155892992634,0.04811994957234216,0.048600478930494476,0.04924955962153301,0.04946364959490389
fg5,1.872885583689104,0.04866637620216802,0.04892179894890165,0.04966424942607083,0.050120148422931804,0.05059110406998862,0.05123481269330436,0.05142339608795552
fg5,1.9528939643588106,0.05072743518491423,0.05095355490012937,0.051637984328934336,0.05207838302139205,0.05251087323311989,0.05317314725468103,0.053348079419088694
fg5,2.036320247880212,0.0527052251974402,0.052913878803709194,0.05354902606647978,0.05397811953043227,0.05440680000506532,0.05505624952529856,0.055255610976439815
fg5,2.123310444706285,0.05456932841846898,0.05478681986970475,0.055409931020655556,0.055846194971242685,0.0562734480384701,0.05693478740117618,0.05712537795336933
fg5,2.214016802755878,0.0563970668088469,0.05660244338950399,0.05724274685845977,0.0576788877692846,0.0581195708691052,0.05878287492997796,0.05896430634739011
fg5,2.308598073873945,0.058179338957085276,0.05838978060747722,0.05905833093862057,0.05949477197844063,0.059951101722596885,0.060646076743329815,0.060840315146038985
fg5,2.40721979167479,0.05996190616911112,0.06016166449206347,0.06085855319208183,0.061308698077994564,0.06178817790086468,0.06247585145361118,0.06270397470326566
fg5,2.510054561254574,0.06170384409009138,0.061944915116656035,0.06265719946904283,0.06312785741600377,0.06361245123944975,0.0643498257339098,0.06458204992140493
fg5,2.617282361280145,0.06349172487769539,0.06373375898350192,0.0644619418955891,0.06495895451091979,0.0654553325358331,0.06621245529260893,0.0664709552920499
fg5,2.7290908589828913,0.06529048159366067,0.06554545365880227,0.06628781199369696,0.06679170275377899,0.06730762107569842,0.06809052217783468,0.06838231888322827
fg5,2.84567573860892,0.06713057395414938,0.06737992376317996,0.06814001963467571,0.06865421342812471,0.06917406203323806,0.0700048394256682,0.07029500386574464
fg5,2.9672410439003962,0.06899773389543813,0.06925519379262138,0.07001205694259349,0.07054242318268328,0.07107214382664974,0.0719149927008386,0.07223312368810171
fg5,3.0939995352074496,0.07089633226618768,0.07115133745063823,0.07192421506176482,0.07245917652116368,0.0730028709473968,0.07383609894762395,0.0741894509260457
fg5,3.226173061855655,0.07282911287819036,0.0730905916557561,0.07387850544954076,0.0744181944360737,0.07497068637313134,0.07581462460699931,0.07615772273722836
fg5,3.3639929504208004,0.0748277381637179,0.07505823813384555,0.07586989579832465,0.07641603142263345,0.07697203189188088,0.07783926524317977,0.07818563736234373
fg5,3.507700409590476,0.0768554933655137,0.07709234772692791,0.07790912415212456,0.07846327223969851,0.07902637820033198,0.07989290229591148,0.08024801194274606
fg5,3.6575469523210797,0.07893129588565262,0.07918162863216253,0.07999351750174027,0.08055407839638853,0.08111943572453914,0.08200079736190853,0.0823350458013456
fg5,3.8137948360290714,0.08106129383318451,0.0812938463870248,0.08213153593087445,0.08269323571786885,0.08325980836588702,0.08414875131652871,0.08446729387381086
fg5,3.9767175215869024,0.08323591627473878,0.08348946578417327,0.0843172673915423,0.0848828324232413,0.08545360587402033,0.0863550147197717,0.08667518109313813
fg5,4.146600151926927,0.0854608624473353,0.08572039106844358,0.08655186657131257,0.0871218236427263,0.08769367035726625,0.08858871360501586,0.0889102204519017
fg5,4.323740051090946,0.08774805888849409,0.08800233153013319,0.08885504094300906,0.08941462658663175,0.0899908571275316,0.09089794097602442,0.09121834250133296
fg5,4.508447244598803,0.09009766495701593,0.09034092240500242,0.09119735820375782,0.09176846356963334,0.09235811308110829,0.09328189034555898,0.09358237080979595
fg5,4.701045002046771,0.09248689304282752,0.09274061609226918,0.09361882984411374,0.09417439585847046,0.09478131215767008,0.09570157492346687,0.09601703935071496
fg5,4.90187040288536,0.09493057055342913,0.09520510545878488,0.09609123137117936,0.09665316154112132,0.09726475429168535,0.09819636986020011,0.0985019638171995
fg5,5.111274926366771,0.09744057341353586,0.09772025337638962,0.09860841524977743,0.09919537618705308,0.09981302231240552,0.10074355880937391,0.1010637213709692
fg5,5.329625066694489,0.10001678085406575,0.10031274628200199,0.10120518888018516,0.10179532148117065,0.10242616110951601,0.10338504824874321,0.1037136762256397
fg5,5.557302974451661,0.10262320885683528,0.10292467731297816,0.10385997484177262,0.10447775248795796,0.10510462021333898,0.10607249204228188,0.10641307475774492
fg5,5.794707125430821,0.10531420098441438,0.10562062987255999,0.10657758202411573,0.10722609114657948,0.1078789275113587,0.10884830896819092,0.10918586633968763
fg5,6.042253018035593,0.10807067437813168,0.10839130269014469,0.10937110205955615,0.11004406600667316,0.11071325340898047,0.11171048783582317,0.11206960683753468
fg5,6.300373900474892,0.11090531453753763,0.11123543627794666,0.11223988519476827,0.11293014232298682,0.1136283596966911,0.11466125006655206,0.11499706030302365
fg5,6.56952152902237,0.11376992346529939,0.11412513174281834,0.11517657172440346,0.11589447595395319,0.11661836300800914,0.11766651548459603,0.11802746879272227
fg5,6.8501669586681695,0.11670962095153686,0.11708690031331981,0.11818245589908632,0.11893444250099287,0.11968156652634869,0.12078321456297954,0.12116423621591424
fg5,7.142801367546799,0.11972372784808284,0.12013095156057309,0.12125477348667757,0.12204902613268556,0.12282951888427435,0.1239870781871629,0.12438036737494038
fg5,7.447936916583974,0.12280308789094936,0.12324633275483765,0.1244216169763924,0.12525283732593528,0.12606939038953435,0.12728528789366864,0.12766253485662693
fg5,7.766107645866991,0.12597362512573732,0.12644476021151516,0.12766342155491922,0.12853774683687091,0.12939592646049558,0.1306737371323363,0.13107705901200506
fg5,8.097870409307422,0.12920197960798474,0.1297181163839669,0.13099116452646042,0.13190989346283272,0.13282074371147548,0.13414866483648805,0.134558553522252
fg5,8.443805849231962,0.13252602532694352,0.1330615330279348,0.13440267497677488,0.1353699761182438,0.1363356856508582,0.13771606301138659,0.1381657747766388
fg5,8.804519412607112,0.135943594695792,0.13645528960356762,0.1379087087234756,0.13891554071181517,0.13993812039069542,0.141396925156347,0.1418585228844612
fg5,9.18064241067629,0.13944475777675774,0.13996855044733925,0.14150011398342294,0.14256012479720626,0.14364573541115272,0.14519964316693793,0.14564875553115084
fg5,9.572833123863914,0.14301866322862214,0.14353320052750018,0.14517876066700663,0.14631106199658284,0.14744393481929358,0.1490766905791483,0.14957291468424733
fg5,9.981777953880192,0.14665365027698674,0.1471883395385972,0.14895681859221074,0.15013067268534136,0.15133767819051827,0.15306448570008027,0.1536208346247022
fg5,10.408192625043093,0.1504217738640699,0.15095100737546754,0.1528219880714231,0.15406779970877277,0.15533312116422893,0.15717560016886972,0.1577579566193485
fg5,10.852823436919913,0.15423447853649572,0.15481328827755692,0.15679394552502646,0.158114855367503,0.15944893709896532,0.16140395618180872,0.16199476525177228
fg5,11.316448570480842,0.1581137082830439,0.15875342682856325,0.16085834446827096,0.16227546599103473,0.1636759061693634,0.16574241336268045,0.16638923711531275
fg5,11.799879450050515,0.1620964280239596,0.16283676390990048,0.16504189747082443,0.166526324762113,0.1680153968830191,0.17019004827706766,0.1708588417980801
fg5,12.303962163441193,0.16624428094627347,0.16700892636809841,0.16929281572884225,0.17088219630786713,0.17245235518003174,0.17477763216887157,0.17549628567972908
fg5,12.829578942753052,0.1704831368838297,0.17126243508570743,0.17368218211707315,0.1753726090951378,0.17703252713752038,0.17947701050788592,0.1802564489596826
fg5,13.37764970843322,0.17479860487970794,0.17561318217928232,0.17817216934871022,0.17998197872842492,0.18170727958117144,0.1843036018445508,0.18515014379172395
fg5,13.949133679296002,0.17916605183985615,0.18009579692289607,0.18278845942643515,0.18469312315052103,0.1865371933986152,0.18926213584105062,0.19014947805050691
fg5,14.545031051322013,0.18370676643924014,0.18467749907876818,0.1875189702917831,0.1895470588038854,0.19147714900977977,0.1943512133845098,0.1953219351481362
fg5,15.166384748174456,0.18830914340935445,0.18939002648627326,0.19238797703445226,0.1945053412817862,0.19655004386663943,0.19959775417154815,0.20066940990643217
fg5,15.814282246496274,0.19306817600337695,0.19418299447440618,0.19737578421880106,0.19959810451823723,0.20176668477272858,0.20500583062104016,0.20612017537410002
fg5,16.489857479182717,0.1978833681980251,0.1991137326584425,0.20248058961898383,0.204855809737909,0.20711355827134617,0.2105477662918285,0.21171533511119428
fg5,17.194292819960417,0.2028791565694426,0.2041713838265012,0.20775078553846907,0.21021936936650104,0.21262071126107387,0.21624149612952037,0.2174864853259746
fg5,17.928821152746256,0.20801085347963913,0.20935774954028627,0.21312103422521678,0.21574662996250232,0.2182734967604355,0.22210941765100048,0.22339922051013136
fg5,18.694728029407933,0.21321251820669548,0.214676628379081,0.21863607976095856,0.22141332898497812,0.22408301618665577,0.2281021570113228,0.229467446400867
fg5,19.49335391970246,0.21857492397160547,0.22011243668788497,0.22428311665999742,0.22722103980410477,0.23002359180580545,0.23426411431749491,0.23571999641277397
fg5,20.32609655733054,0.2240702888045546,0.22572364672757336,0.23008978937656757,0.23319324226163585,0.2361525289638021,0.24061916254205754,0.24210933352527714
fg5,21.194413386212737,0.22965744320904205,0.2314452242478275,0.23603248159537635,0.2393399310069823,0.2424338987998818,0.24713232787098816,0.24870669115523494
fg5,22.099824111268923,0.23542393326656444,0.23729965407448306,0.24213172560916474,0.2455896712500319,0.24887590111396307,0.25383658082239074,0.25549189303725317
fg5,23.04391335816522,0.2413597920751358,0.24334629431430205,0.24837432014808092,0.2520015880516442,0.25549644369585306,0.2606865437235288,0.2624514568008953
fg5,24.02833344668349,0.24743782522088717,0.24948602393483768,0.2547875159439368,0.2586152460787111,0.26227711794497,0.26773386543292493,0.26961587675725535
fg5,25.054807282567324,0.2536770854724948,0.2558103479250055,0.26140557992078994,0.26539064438131754,0.2692451707217698,0.27496727276458344,0.276958814102033
fg5,26.125131372905635,0.26005912365198486,0.2623074100631056,0.26817252466319064,0.2723430499596751,0.27639173326213223,0.2823862330554706,0.2845327070738878
fg5,27.241178970331372,0.26659082468164585,0.2689518728010298,0.2751246043070252,0.2794678713574432,0.28371583106098186,0.29001522626486076,0.2923283636701657
fg5,28.40490335153824,0.2733168300693328,0.2757536802268281,0.28225327711067905,0.28681716630184895,0.29124200422681507,0.29786232074642155,0.30030997173275603
fg5,29.61834123585341,0.2801738397183109,0.2827023482339097,0.2895301180183475,0.29433326395109194,0.29899704547122274,0.3059551797490121,0.3085285256209265
fg5,30.883616349849277,0.2871863904218883,0.28985675687326296,0.2970346099996855,0.3020531766678795,0.3069394989768165,0.31425961711715245,0.3169428888507209
fg5,32.20294314423293,0.29437050936664533,0.29720048497352897,0.3046759232518298,0.3099548670483102,0.31510502285930625,0.3227875102867891,0.3255689245126973
fg5,33.578630669518724,0.30173434269349136,0.3047422623371571,0.31255340195814235,0.3180548274682455,0.3234675619390567,0.33149368411192637,0.3344851408348864
fg5,35.01308661726673,0.3092823860760575,0.3124421452958699,0.32065900248000245,0.3263873602501706,0.33204543360622035,0.3404943269539073,0.3436325454561209
fg5,36.50882153396023,0.31701821702345484,0.3203506946479535,0.3289374507361429,0.3349386874623571,0.3409136768049846,0.3497522657243286,0.3530282939736131
fg5,38.0684532148971,0.3249485642012159,0.32846206557103913,0.3374232794523855,0.3437221609611811,0.34996680797296087,0.3592682675858198,0.36267298852041524
fg5,39.6947112857852,0.33307732191540596,0.3367628360539265,0.3461747621220622,0.35273258042834943,0.3592585963732208,0.3690342984910251,0.37255497428199763
fg5,41.39044198006045,0.3414089948007861,0.3452730319763855,0.35511020146647776,0.3619606453326575,0.3688178339533043,0.3790649118868642,0.3827751669418489
fg5,43.158613120288415,0.34995049338450784,0.354040255807991,0.3642840561334644,0.37142963851060484,0.37864397534451943,0.38930839769629033,0.3931842831842734
fg5,45.00231931236823,0.3587032998548316,0.36299045382276457,0.3737350272249909,0.3811698685236727,0.3887360517103805,0.3998802243740738,0.40388362413241014
fg5,46.924787361629114,0.36768264567541614,0.37213389986091017,0.3834180458827169,0.39118095389318175,0.3990859004474472,0.4106396665419335,0.41496548586391463
fg5,48.929381920298894,0.37693850274053636,0.3814924104962407,0.39331997433828647,0.4014814205361169,0.4097172035477061,0.4218008861954856,0.4262572340559525
fg5,51.01961137622842,0.38642756938607375,0.3911068446334167,0.40352643827018536,0.4120406901427124,0.4206085061941578,0.4332473651127996,0.4378956569527644
fg5,53.199133993178286,0.3960537953356331,0.40099410385869505,0.4139439930278074,0.42288313972669295,0.43178152435695694,0.4450165735410558,0.4497343322253966
fg5,55.471764313414404,0.40608247785301543,0.4111415434534215,0.4246273504339626,0.43399869530506063,0.44328047729598685,0.4570681483547838,0.46186578462379757
fg5,57.8414798338178,0.41635322816137577,0.42150635670415393,0.43562177762389787,0.4453915350629077,0.45509967200263657,0.4694487588383845,0.4745455996640781
fg5,60.31242796719373,0.4268414178034839,0.43211436312831225,0.4469005504426167,0.4571097557641596,0.4671311090603814,0.48227087759061893,0.4875727396695778
fg5,62.8889333009624,0.4375961193309045,0.44306671903168326,0.45847298115198853,0.46911474842256673,0.4795474015256795,0.4953904681602131,0.5009603701509813
fg5,65.57550516593676,0.44862069841044355,0.4542488764011894,0.47029815263041447,0.4813966611079961,0.4922635029100809,0.5087998076120226,0.5147173198808412
