ratio,light_area,q025,q05,q25,q50,q75,q95,q975
fast:tall,1,0.0591034061617518,0.08129470909633454,0.22349467508374832,0.36219699538251804,0.5060230580881153,0.6857770690272141,0.7491213016007818
fast:tall,1.0620598036192959,0.06988489686103093,0.09460671745812549,0.23333279015829855,0.3675244765136846,0.5064228122902443,0.6825630925057222,0.7448813882368028
fast:tall,1.1279710264638572,0.08345993082388439,0.10973620020747296,0.24667978123491757,0.3760379436518765,0.5061322430409196,0.6825392713175049,0.7467300930265725
fast:tall,1.1979726868544596,0.09773450577527303,0.12204905244848534,0.2592745183750653,0.38356794519314785,0.5068830374954754,0.6811854459335785,0.7460351829866344
fast:tall,1.2723186365419277,0.11510020627281574,0.14411774035430008,0.2721822839904941,0.3932543505792363,0.5095007116914081,0.6799742755704833,0.7446494830903138
fast:tall,1.3512784812668899,0.1345131490339381,0.1615962555817719,0.28424012575487784,0.4013879049042207,0.5142620551649874,0.6798528317081628,0.7429707238066848
fast:tall,1.4351385584492933,0.16080121413403015,0.1860950585403252,0.3011173762347716,0.4104189085644883,0.5179526015373366,0.6799960882240143,0.7460556776461824
fast:tall,1.5242029755531357,0.1914497075292528,0.21500128478850933,0.3199608105587777,0.4198353945056713,0.5223542064123521,0.68311763506448,0.7454153485830547
fast:tall,1.6187947128919096,0.2260778533194064,0.2500803650458284,0.34133687335041246,0.4310845113248774,0.528603960644674,0.6867122345297798,0.7405877536013884
fast:tall,1.719256794873936,0.25726411979599817,0.2792773752815606,0.3658916237444697,0.4463712601486971,0.539041608859401,0.6906113234198118,0.744618888392231
fast:tall,1.8259535339349524,0.28321741092891906,0.3067608535152865,0.3960992961264821,0.46862476396571495,0.5517488871609392,0.6963570830934563,0.748701425035229
fast:tall,1.9392718516689147,0.31034390311202437,0.33447606834941596,0.42348252480298487,0.4975324962038308,0.5775709485116106,0.7133848603893257,0.759328580884645
fast:tall,2.0596226819479155,0.33870862638387494,0.36373551726272246,0.4552794782570071,0.5303403683246859,0.6171217723472457,0.7521496512468678,0.8096931580175433
fast:tall,2.1874424611194505,0.36286214088189905,0.39149190190065036,0.4837361308418387,0.5666323231219469,0.6688215234601127,0.851646648417131,0.9242817579604065
fast:tall,2.323194710685033,0.38032526229454056,0.4095899733576881,0.5088575298383067,0.6049905172434629,0.7263614629439086,0.9842500399992057,1.0690725901675713
fast:tall,2.4673717181995327,0.3953699812116889,0.42109671803759396,0.5368007453715624,0.6397676193037474,0.7846625584641146,1.073775920639191,1.1676405803346297
fast:tall,2.6204963224868,0.41273081486517815,0.43836166891388,0.567281283115547,0.6816510832291522,0.8393620067721017,1.1226867707181722,1.218534004744074
fast:tall,2.7831238096454176,0.43780708249778477,0.4689941236677073,0.6025057455426115,0.7304235161689157,0.8919277538239568,1.1593929819167959,1.2582723124120063
fast:tall,2.9558439267201986,0.4649578334056747,0.5017011069059605,0.6450058040529651,0.7836941139577819,0.9470482481788824,1.1984022332905453,1.2850411324825617
fast:tall,3.139283020341743,0.494273718464461,0.5321094061673654,0.691704622326928,0.8428617207250566,1.0042519622929746,1.2612963531617944,1.3420898820444915
fast:tall,3.3341063080895412,0.5166357093763196,0.5671995442780051,0.7425681398761942,0.9019876971223578,1.0630411528625134,1.3298942953054615,1.4297971897987642
fast:tall,3.5410202908154336,0.5500869091777609,0.6015075012581623,0.8031862656079487,0.9587396653517619,1.1196634394205565,1.3835060022856913,1.4912700254974944
fast:tall,3.760775314675381,0.6066357112508104,0.6567730099732295,0.8606333247277108,1.0108678552068042,1.168754837115522,1.4380513872043499,1.5512384800091137
fast:tall,3.99416829216043,0.6652359749409946,0.7166549248563965,0.9092993282316081,1.0584080114879577,1.216853117518311,1.475112625915376,1.5887393233219973
fast:tall,4.242045591994325,0.7215670361145905,0.7763307067779133,0.9553876923623745,1.0985163206053854,1.2617545419064777,1.552347060588676,1.6641911320009874
fast:tall,4.505306108377592,0.7661412955028112,0.8187034403467051,0.9939285388782806,1.1320260261775565,1.3010570902242542,1.603022870358655,1.7217321588638956
fast:tall,4.784904520708319,0.7957977610912609,0.8456428367295635,1.021008802909968,1.153806276959727,1.3262200977211498,1.6350734255498625,1.7569578444032492
fast:tall,5.081854755600558,0.8183495709996517,0.8700009192531805,1.0382524127974593,1.1686547738204824,1.336822832595387,1.651237150809391,1.7603038853483692
fast:tall,5.397233663754914,0.8285701683417872,0.8850040779606225,1.0482543677005123,1.1769636823364247,1.3475110906494503,1.6250032716215128,1.7331876990990942
fast:tall,5.732184925014995,0.8363548778881024,0.8897264728746942,1.0537764906140636,1.1820638846506937,1.3491029779866845,1.6319767345607847,1.7170345844621608
fast:tall,6.087923195770914,0.8399538631974393,0.8899258727193581,1.0555335872175293,1.1814061690814017,1.3466885793987964,1.6150176504463756,1.7024243014174758
fast:tall,6.4657385137498125,0.8401320659800694,0.8919235541635451,1.0560943527187876,1.1774218788193749,1.3384397237140893,1.5979600624046655,1.6689418374270553
fast:tall,6.867000976166844,0.8413854584276003,0.8918211647997155,1.0533912757033677,1.1752419428813456,1.323601625976734,1.5739325026950455,1.639868771711103
fast:tall,7.293165708201271,0.8467005235883847,0.8865122671354689,1.0503773591053382,1.1675195830646345,1.3092801140047143,1.5400095781943381,1.6121584689451152
fast:tall,7.745778139815223,0.8376910143968644,0.8866117361095417,1.0449578028366227,1.156353993901471,1.3004247904381172,1.5111369194412694,1.593195935310714
fast:tall,8.22647961005079,0.8261931622267861,0.8751184326519594,1.0356553213763433,1.1458914842100525,1.2849397786676335,1.4873971432411146,1.5618284800109137
fast:tall,8.737013319128684,0.810974562894393,0.8668831926782649,1.0194490977818926,1.1321301514119977,1.2667952484362472,1.4708072440332653,1.541521193530155
fast:tall,9.279230649932982,0.8055270894165375,0.8569024909829369,1.0079087761918637,1.1187986885503705,1.2446630625716446,1.4436504407618473,1.5101813640731072
fast:tall,9.855097881805975,0.7991931399983603,0.8452425923501589,0.995376140288371,1.1033460221654674,1.2263970650974796,1.4222717518869537,1.4860928247174399
fast:tall,10.466703320999791,0.7928675849878951,0.8394789958336132,0.9799896074326419,1.0864825054878442,1.2033651445898046,1.4021799740041974,1.4662767816542799
fast:tall,11.11626487364247,0.7903867167709118,0.8323249511945011,0.9698338321869322,1.071252972181128,1.1844135486470126,1.371463855309877,1.4347640531181152
fast:tall,11.806138088680799,0.7830691751258948,0.8237393264165461,0.9581064169825791,1.0542117092791359,1.1649256098212801,1.345115504339956,1.407608813173005
fast:tall,12.538824699966618,0.7759355952175214,0.8155573510400689,0.9452452136142527,1.0400255662202684,1.144238080208587,1.3233842747169267,1.376913555387195
fast:tall,13.316981698463321,0.7674283050866378,0.8042102802590861,0.9318495558598697,1.0272437993502512,1.1302909305325608,1.3004947026388538,1.3522058842850337
fast:tall,14.143430967471712,0.7608172916417837,0.7994762841228038,0.9203466394985633,1.012714580069599,1.1147559043839947,1.279669799999553,1.3356592375990106
fast:tall,15.021169515816068,0.7609153042488247,0.7958406438397804,0.9128148988646139,1.0015356202793042,1.1019824367074913,1.2624937290215739,1.3207264972766588
fast:tall,15.953380346099765,0.7571039622874641,0.7897472990264088,0.904233626618809,0.9908959580122902,1.0885547816782024,1.2472363335154497,1.2972295458396275
fast:tall,16.94344399744265,0.7529870981434825,0.7810029137980812,0.8960387728129998,0.9798209888091626,1.074258469138391,1.2360371774145278,1.2816926359890106
fast:tall,17.994950804558478,0.7452690831137494,0.7804029162695092,0.8894176900150417,0.971094432662269,1.0616475226792865,1.2212630708808965,1.267460335316198
fast:tall,19.11171391762827,0.7399973849061653,0.7766441801236277,0.8830118576926762,0.9637779947989891,1.052978979259202,1.207082176968253,1.2558481523560185
fast:tall,20.297783130184442,0.7414089482034888,0.7722493468081298,0.8783310508474503,0.956965659235862,1.0436813467953994,1.1939116004954426,1.2481097044597929
fast:tall,21.557459565150744,0.7342754703166106,0.7705503904129715,0.8732810336950778,0.949888498442857,1.035821287648154,1.1857525808584506,1.2339121848243744
fast:tall,22.89531127229491,0.7357520035347881,0.7682189790248206,0.8673480536754493,0.94504901500074,1.0283431632787867,1.1746046104655037,1.2208558302576322
fast:tall,24.316189793656182,0.7372286692903655,0.7637369618819181,0.8629656216421042,0.9390815063055119,1.0207639045746562,1.1668133803997465,1.2079176536225196
fast:tall,25.825247757020012,0.7350921435155661,0.7618098917467646,0.8594572541425348,0.9341475252486826,1.014895517450833,1.154999116850939,1.2051791175452529
fast:tall,27.427957561240333,0.7316448775321981,0.7578676398697274,0.8570680986915344,0.9295197522216913,1.0097839070012848,1.145089739626687,1.1956019408372172
fast:tall,29.13013122116929,0.727436025473931,0.7575798078366578,0.855388239219859,0.9256171013282708,1.0058090360899679,1.138458010104129,1.1893273628673366
fast:tall,30.937941444159375,0.7248321448729523,0.7566093965439757,0.8527196736373046,0.9223330160120495,0.9995513152387169,1.1300735363267007,1.183701999314735
fast:tall,32.85794401456916,0.7236571561815104,0.7522067291310652,0.8503630323180358,0.9193292697484305,0.9948532518938896,1.121457963279458,1.1735731803547533
fast:tall,34.897101567447145,0.7219555986113542,0.7505053315684264,0.8484723088327767,0.9158652980626745,0.9900092906786951,1.111405456573888,1.167075282350778
fast:tall,37.06280883760554,0.72106236459441,0.7492368130965393,0.8463113212949129,0.9130436303494114,0.9854695621650758,1.1080230939904177,1.162544447529997
fast:tall,39.36291947564684,0.7201739702461433,0.7464735485027625,0.845589817231373,0.9091599723437838,0.9794911956183889,1.1031312762786345,1.1534444021470762
fast:tall,41.805774528187634,0.7173812174688585,0.7486755009986804,0.8442004835115572,0.9066842814863576,0.9750642678517091,1.0959327070719815,1.1488297644520606
fast:tall,44.40023268555952,0.719356216387805,0.7501261736827196,0.8434643900658834,0.9039015372366834,0.9716973162512077,1.089742240677065,1.1423924958995344
fast:tall,47.15570240667638,0.7224961199963126,0.7522425494687838,0.8432116009824664,0.9014374335567357,0.9664279446306265,1.0863643654896427,1.1336648052455498
fast:tall,50.08217603756468,0.7264637773257892,0.7515488370823045,0.8413218952974797,0.8991823057445009,0.9625774299735518,1.0783981794378148,1.1301348981445125
fast:tall,53.19026604728295,0.7248534077234373,0.7516147857753916,0.840112472029076,0.8962028716550523,0.9581644896903445,1.0744667739712324,1.1236320169808267
fast:tall,56.4912435126354,0.7256448050104947,0.7491034669629121,0.8387458420062982,0.8935603682184614,0.9541696837198588,1.0700192170753746,1.117293964718831
fast:tall,59.99707899123938,0.7251078206214675,0.7465621338480359,0.8372919022531955,0.8904795992523384,0.9511444867794357,1.064578121946384,1.1118316249354259
fast:tall,63.72048593116707,0.7252032425231403,0.7483623265036365,0.8353744483271116,0.8884153637839292,0.9477789711519727,1.0575241652865783,1.111638371893631
fast:tall,67.6749667745814,0.7256527559481472,0.7481776307442636,0.8333523043116338,0.8863718863877235,0.9451210184147423,1.0533351569950833,1.1065926424377825
fast:tall,71.87486192255429,0.7269850103192727,0.7481460214476325,0.8311811492137947,0.8839203489393909,0.9428258286164541,1.0494126455763066,1.0993700289176156
fast:tall,76.33540173863202,0.7241899600110826,0.7469984099799503,0.8295267780443428,0.8817828093638524,0.9400724407330078,1.0473976168247023,1.0904156417508892
fast:tall,81.07276177973158,0.7234027974885895,0.7485713536907506,0.8276597359624164,0.8802810209989835,0.9379228863315714,1.0445234057502508,1.0840572710971466
fast:tall,86.10412145465567,0.7203259146013498,0.7467846823043579,0.8246810250226693,0.8771600150374642,0.9362980299171472,1.041765576298292,1.080584302974932
fast:tall,91.44772632294361,0.7157198961576717,0.7457584907591676,0.8227018905158042,0.8748786681754483,0.9338321126906493,1.0397835839431424,1.0780410794517756
fast:tall,97.1229542599766,0.7138932559736375,0.743006353230708,0.8209156046899762,0.8718644587208335,0.9316375936042841,1.0343209902342585,1.0739158939230173
fast:tall,103.15038572827659,0.7106284657254053,0.7387362437539059,0.8181744836755596,0.870259263522216,0.9304576896521728,1.0317123369178145,1.0700931662416937
fast:tall,109.55187840982805,0.7088681953319089,0.7349605099275334,0.8145758420436581,0.8681626058175564,0.9292818433612686,1.0303560435944825,1.0677858479002877
fast:tall,116.35064647006696,0.7014501718936744,0.7316839523138816,0.8108805406236017,0.8657907002886306,0.9286512343465011,1.0283047436537236,1.066479306425282
fast:tall,123.57134474097744,0.6968167649945987,0.7270956606060754,0.808386248864915,0.8646398203240205,0.9268089054240229,1.0282628212208869,1.0689305963964355
fast:tall,131.2401581285748,0.6946691706821886,0.7237866697809031,0.806096547185092,0.8630797577303243,0.9256157835069526,1.0273112801145536,1.0672376229551572
fast:tall,139.3848965689995,0.6926857383094084,0.719410747447759,0.8026242385982999,0.8611729806235646,0.9259909356528826,1.0279300231802093,1.069615130858228
fast:tall,148.03509587756747,0.6890036032297479,0.7161385616717846,0.8001485281018046,0.8588499626446326,0.9248394191084692,1.0253882516585402,1.069778445096635
fast:tall,157.22212485649294,0.6855616360845342,0.7121074881365217,0.7963190710489136,0.8558583124445943,0.9239523129892355,1.0288351916040055,1.0707177899323168
fast:tall,166.9792990496953,0.6819667857731031,0.7078219496303684,0.7921143899428892,0.8534731664153375,0.9217296925044551,1.030731128403219,1.0730013767169984
fast:tall,177.34200155720706,0.6768576658229684,0.7022575300620634,0.7880397717896818,0.8522692184453184,0.9210372697911915,1.0356751965210937,1.074319991113603
fast:tall,188.34781134730017,0.6723655158672008,0.6965898999057253,0.783777947263292,0.8507370282353217,0.9194041203178471,1.0394728166636849,1.077715019319621
fast:tall,200.0366395316378,0.6653683146211942,0.6914451166045622,0.7803530734919851,0.8488407222551982,0.9198387223624563,1.0420222089462878,1.081084369047003
fast:tall,212.45087409763514,0.6578103712597856,0.6855630843244905,0.7773386128169062,0.8458314553839086,0.9197574926376764,1.043279256558865,1.0849380880487214
fast:tall,225.6355336228819,0.6498668599278933,0.6780416351269191,0.773696675896529,0.8431625594318023,0.9194958910465778,1.0508603443561964,1.0927965573864364
fast:tall,239.63843052905298,0.642520442808858,0.6672404168293128,0.7674452652097855,0.8410727416407122,0.9206483386823314,1.054216721758769,1.0985770616166364
fast:tall,254.51034446732228,0.6340830346301085,0.6569783427630308,0.7614733619183798,0.8394012533622925,0.9213495152878008,1.0586963955929032,1.1049230321461982
fast:tall,270.30520646404364,0.6250925208689871,0.6473047562475949,0.7550504045327656,0.8374333417855464,0.9218783894312622,1.066726704741653,1.1112762038173458
fast:tall,287.0802944944754,0.6108595698809468,0.6376423610363171,0.7494357996944474,0.8349714258644965,0.9220973386920522,1.0683980984336048,1.1211091390915289
fast:tall,304.89644119377215,0.5964216061131937,0.6249192945999628,0.7440573277514929,0.8315345618552599,0.9224503823588338,1.0768424695258505,1.1311120920573374
fast:tall,323.8182544584798,0.5813506045062562,0.6150185017806342,0.7394585231576597,0.8272053865853418,0.9234930488488704,1.0858667934793234,1.141517188348674
fast:tall,343.9143517385163,0.5644015688944767,0.6038018060132856,0.7332448111822996,0.823878663541327,0.9246233628443263,1.0983443717991137,1.1666224229111244
fast:tall,365.25760886926605,0.5484787490079186,0.5913252746134056,0.7253922797148349,0.8200006323042313,0.9252914380112358,1.1067545499872853,1.190152273412597
fast:tall,387.92542434614626,0.5225228932320392,0.5738574807515772,0.7192863905276841,0.8173141744998842,0.9281012034049724,1.119616782531049,1.2108024685101553
fast:tall,412.0000000000001,0.4960332446175775,0.5487821057942092,0.711135491345882,0.8143506938911209,0.9295376781559159,1.1355527420837064,1.2416718001261158
fast:slow,1,0.018116158817056617,0.024269541096617872,0.056394467895754814,0.09569198835160746,0.13636888010006865,0.1828524615059785,0.19842688462249605
fast:slow,1.0620598036192959,0.02162776751445876,0.027835993617720448,0.060757542614318816,0.09828016533694978,0.1373459545778591,0.18319551653060417,0.1973988452557965
fast:slow,1.1279710264638572,0.025419009505452814,0.03213740683482136,0.06538514703828653,0.10104576448846558,0.13807383789982255,0.1830684574611592,0.19787977876509746
fast:slow,1.1979726868544596,0.02969041281099235,0.03691109576726803,0.07064724540911128,0.10434883544902115,0.13899983385857292,0.1832488477702356,0.19794670770198788
fast:slow,1.2723186365419277,0.03474606077832569,0.042638341476316545,0.07559538125863946,0.10705149916618309,0.1404660308501344,0.18369755597938764,0.19919703815844814
fast:slow,1.3512784812668899,0.0412841816587733,0.04913460390423099,0.08154318626874928,0.11041086415922084,0.14174652355693212,0.183624480516855,0.19909207678030288
fast:slow,1.4351385584492933,0.048836539344301266,0.05683862263439787,0.08727757336233369,0.1137766682371362,0.14373347331518194,0.1836574137542656,0.19932311980227185
fast:slow,1.5242029755531357,0.05787141972938778,0.0650012947274404,0.09318070619106945,0.1183492355175064,0.14565811630729616,0.18442469967109643,0.20008876441542392
fast:slow,1.6187947128919096,0.06680875696179316,0.07433506678880519,0.09924383049187148,0.12277349920623792,0.14789221029487973,0.18524578227977384,0.2011405410369909
fast:slow,1.719256794873936,0.07587348051653588,0.08403308667223837,0.10579132017635504,0.12680125778482385,0.15002301529549117,0.186903525533706,0.20205683442301106
fast:slow,1.8259535339349524,0.0842138078775837,0.09114978308861109,0.1136054802730675,0.13261839663359,0.15382495299354704,0.19089032268010622,0.20487517599995
fast:slow,1.9392718516689147,0.09049986590059551,0.09654944270534174,0.12137618071354017,0.1392215607293683,0.15999210858809687,0.19619730523805903,0.20906762006385385
fast:slow,2.0596226819479155,0.09523848227237179,0.1022300959599102,0.12730695895484917,0.14691664630821882,0.16727162554076946,0.205176064605173,0.2205263523323991
fast:slow,2.1874424611194505,0.09918586293090385,0.10709507768423362,0.13328400255721617,0.15354540802834726,0.17588493665518776,0.21768044252142194,0.23730167735718374
fast:slow,2.323194710685033,0.10385870076478149,0.1108648713412774,0.1384215842700959,0.16171459472387878,0.18626654546424606,0.23548246054767244,0.2582605276133939
fast:slow,2.4673717181995327,0.10810679546052165,0.1166641281071811,0.14492868997756136,0.1672105979860683,0.19576587249737776,0.2488103980242999,0.27088826906058233
fast:slow,2.6204963224868,0.11705788466135751,0.12525660483342038,0.1532449248728579,0.1773058897885399,0.20653433692158601,0.26006814075260054,0.29162448253644924
fast:slow,2.7831238096454176,0.13002673724328592,0.13933840053352795,0.16868934412066636,0.19462120351540257,0.22537005702363486,0.28403965832329864,0.3140825510753129
fast:slow,2.9558439267201986,0.14658897443322894,0.15572402469251131,0.18946085629215625,0.2179608251655803,0.25029567765368144,0.30978522884212534,0.3379216961739349
fast:slow,3.139283020341743,0.16555225310744395,0.17696091642201836,0.21430155158355974,0.24482423783602109,0.28089113766495993,0.3470904615763714,0.37515961296206296
fast:slow,3.3341063080895412,0.18734584794798084,0.1989538146667266,0.24227931086039312,0.2763499258918486,0.3153899691259957,0.39265147365164954,0.42031937018946425
fast:slow,3.5410202908154336,0.21065319006956906,0.22519831295505946,0.2713039043963905,0.30730342724322557,0.3522991517973237,0.43710066099658745,0.46756660023300295
fast:slow,3.760775314675381,0.23446605813358712,0.25020890495221537,0.3008367627495939,0.34042216592160235,0.3910831901663247,0.48040794043362467,0.5151200806274144
fast:slow,3.99416829216043,0.25833764867528947,0.27554474146606517,0.32753150963010863,0.3746415013712979,0.43057306312632904,0.5193940700357429,0.5594441087867601
fast:slow,4.242045591994325,0.28045485606679615,0.29634720592380276,0.3542764885332479,0.4056594434204688,0.4740131765942856,0.5773551593121912,0.6148631431849683
fast:slow,4.505306108377592,0.30037085884510756,0.31828303109668715,0.37849360981353847,0.43335857372683784,0.5084565528504256,0.6270258023555673,0.6779599996335859
fast:slow,4.784904520708319,0.3208287584332809,0.338586020339128,0.40184417330021893,0.4601032636641913,0.5359198739542174,0.6687370144639011,0.7084878945047371
fast:slow,5.081854755600558,0.3385284754562347,0.35826512710760816,0.42465956488292833,0.48632356193460696,0.5626809581776895,0.6916047949994651,0.7317778961923433
fast:slow,5.397233663754914,0.35809649922955084,0.37592184169822296,0.4442776724950663,0.5078969532140633,0.5800392501948526,0.7049847311256846,0.7401318719096198
fast:slow,5.732184925014995,0.37622659402817177,0.392738208546084,0.46342364492189,0.5271186379743749,0.6026492173440945,0.7152088038297653,0.7503831748854825
fast:slow,6.087923195770914,0.3913482791869855,0.41163067806141984,0.4837237076740111,0.5474530084193189,0.6206637699637866,0.7275987740550695,0.7610882870020529
fast:slow,6.4657385137498125,0.4076857424959504,0.4298496804991054,0.5036178697190448,0.5663252509085936,0.6363090054918896,0.7421204364261016,0.772320893778798
fast:slow,6.867000976166844,0.4244737981650852,0.4451969205052882,0.5197596380940136,0.5829901094777463,0.6525128598436709,0.7565792790391291,0.7875672903739068
fast:slow,7.293165708201271,0.4395278681435172,0.4576799316637372,0.5328481929990182,0.5972337418694172,0.6660694461398391,0.7652555719059242,0.7997025361067556
fast:slow,7.745778139815223,0.4531402479788002,0.47121182475930345,0.548327597757184,0.6121261064030689,0.6814553419005824,0.7796594694399359,0.8130131084447428
fast:slow,8.22647961005079,0.46355729428892906,0.4830071084246664,0.5612413039276294,0.6249358356784189,0.6937335550414647,0.791955749725249,0.8313474135239358
fast:slow,8.737013319128684,0.47183047993742044,0.4928159960129612,0.5722012482940549,0.6367923546730786,0.7036504316239639,0.8098430591477384,0.8410735683175243
fast:slow,9.279230649932982,0.48225282242699313,0.5017985512474481,0.5811322482893191,0.6455803565918603,0.714084901761436,0.8181438281941663,0.8548029965787042
fast:slow,9.855097881805975,0.4915195120593635,0.5119779944847517,0.5899077974394682,0.6541651628516342,0.7213202932289219,0.8261540395585695,0.8593020433914427
fast:slow,10.466703320999791,0.49901204239661784,0.5185296737944792,0.5974422401013962,0.6590993723523831,0.7242941127840868,0.833162309541126,0.8678390172168804
fast:slow,11.11626487364247,0.5040535837433833,0.5250765334274844,0.6020881696248872,0.6639634395072759,0.7269975545179593,0.8349961486736692,0.8679089431703556
fast:slow,11.806138088680799,0.5102918314936609,0.5309718812866592,0.6071207524945189,0.6670183029884111,0.7308316220683171,0.8374637278365209,0.8679686114477835
fast:slow,12.538824699966618,0.5153700142175845,0.5357326134021827,0.6104658631408062,0.6692651697903031,0.7309495809525366,0.836823732796149,0.8651324117148754
fast:slow,13.316981698463321,0.520396511181651,0.5406943167730164,0.613819061251044,0.6709443318183217,0.7319812729548865,0.8355350842519546,0.8616279836516499
fast:slow,14.143430967471712,0.5241561060290593,0.5449537871754812,0.6160919798318838,0.6717467230095799,0.7315174701620435,0.833260498716203,0.8644604397590401
fast:slow,15.021169515816068,0.5277063757601194,0.5478991403939848,0.6188412334111257,0.6718479610551779,0.7319253085257242,0.8313037235829355,0.8638198088608031
fast:slow,15.953380346099765,0.5295046639359273,0.5501142591785685,0.6208891142771411,0.6734634444992622,0.7316329738661937,0.8321631447328501,0.8622037582031067
fast:slow,16.94344399744265,0.532431730334487,0.5524731153059399,0.6231907243020736,0.6741728881280233,0.7312789215768548,0.8301208775202407,0.8619173802434782
fast:slow,17.994950804558478,0.5337566641558015,0.55381337802867725,0.6236077436254929,0.6741263430368445,0.7307861639332816,0.8285463512661964,0.8601127094268782
fast:slow,19.11171391762827,0.533474084571492,0.5552470373545385,0.6236428950975663,0.6738497029531665,0.7308161124808256,0.8241657525799804,0.8619932246991537
fast:slow,20.297783130184442,0.5336250047237058,0.5553016916152909,0.6245929782450013,0.6744255088251536,0.7295798068830716,0.8224209777498602,0.8591466015543539
fast:slow,21.557459565150744,0.5339996802787627,0.5566784517762147,0.625074628919345,0.6739836142505282,0.7291031040028076,0.8211245188248538,0.8563974217578005
fast:slow,22.89531127229491,0.5340105966999535,0.5583121798829154,0.6246100600101699,0.673051906893291,0.7293590582845532,0.818444706554534,0.8550278607463186
fast:slow,24.316189793656182,0.5340266220088902,0.5582758524608197,0.6244690126819874,0.6726320880098375,0.7284344125551601,0.8175708209160983,0.8530102436222357
fast:slow,25.825247757020012,0.5365888018103486,0.5576406576103297,0.6243099105990647,0.6729251711697585,0.7279825063826946,0.8140824987428045,0.8580426412891994
fast:slow,27.427957561240333,0.5349761413909402,0.5564426448041007,0.623760009627645,0.671047861770441,0.7268201956521784,0.8127008806732088,0.8576638399652191
fast:slow,29.13013122116929,0.5355837876418171,0.5566558871736457,0.6226424959040461,0.6702415169282387,0.7274948519943801,0.8113869626603143,0.8525801153792039
fast:slow,30.937941444159375,0.5344087044882972,0.5543143948014111,0.6220765233792483,0.6700363835698092,0.7276066213993068,0.811630392261081,0.8544487130460396
fast:slow,32.85794401456916,0.5322057553934589,0.5533261394611779,0.6219270666935781,0.6697905942639966,0.7261854348187519,0.810191338779424,0.8536934480662823
fast:slow,34.897101567447145,0.5308294212463994,0.5504167975009373,0.6213810002923543,0.6696364184965887,0.7251378591070348,0.8118051868718663,0.8518938879981436
fast:slow,37.06280883760554,0.5285064535949195,0.5515815466600388,0.6199810794872644,0.6686057079343642,0.7233741763982301,0.8106721706885424,0.8505492204165928
fast:slow,39.36291947564684,0.5260174417581782,0.5510819235442607,0.6183943415957835,0.6680913063691782,0.7227535649347362,0.8123744609499264,0.8523050065256583
fast:slow,41.805774528187634,0.5230275010819844,0.5489200502829931,0.6180567880933993,0.6682018573802987,0.7231948733700281,0.8148404830632602,0.8551474099525698
fast:slow,44.40023268555952,0.5224180725013239,0.5468874772927639,0.6165532984213835,0.6681089502700828,0.7242285032890428,0.8175016026390767,0.8565812618645958
fast:slow,47.15570240667638,0.5203563331312765,0.5459262539581078,0.6154676342016504,0.6670304864792598,0.7241902913667498,0.819005146820512,0.858409701252067
fast:slow,50.08217603756468,0.5202379610709594,0.5467655168537335,0.6145630895768108,0.6670918188691385,0.7245394483094498,0.8226639749410569,0.8597886487612894
fast:slow,53.19026604728295,0.5212629878124325,0.5458665096923537,0.6146164604834584,0.6672806536561675,0.7249858214196288,0.8232797610845518,0.8638512756890504
fast:slow,56.4912435126354,0.5208376585578384,0.5449099088453839,0.614401476624233,0.6678195350658,0.7260461977233393,0.8235666652185454,0.8740601082354565
fast:slow,59.99707899123938,0.5204456721888723,0.5438281499503875,0.6145283200771741,0.6694650949451879,0.7286827228245206,0.8281814578549825,0.8777914607798868
fast:slow,63.72048593116707,0.5203991148097684,0.5433787931807863,0.6152439288942135,0.6704533838020768,0.7318020757152608,0.8380664664283053,0.8806312835049
fast:slow,67.6749667745814,0.5235674605250831,0.5454957645589709,0.6159033430800425,0.6716671265196467,0.735674491066669,0.8487985279454494,0.8891590737320402
fast:slow,71.87486192255429,0.5227871824855677,0.5470893131840148,0.6199902455127629,0.6752387362062227,0.7406606425301413,0.8530773290219528,0.9027393504482124
fast:slow,76.33540173863202,0.5236883410903365,0.5467217709672465,0.621844516067474,0.6794381955458777,0.7467743380526236,0.865341634681627,0.9134964026999337
fast:slow,81.07276177973158,0.5303545814593091,0.5509877372510249,0.6263018109030409,0.684402150363973,0.7555909045591941,0.8785163636240501,0.9256615753494032
fast:slow,86.10412145465567,0.5370982320127481,0.5588947162357885,0.6321561100484094,0.6929696016665916,0.7648495008227322,0.8897312589284504,0.9380806308501077
fast:slow,91.44772632294361,0.5424382643264509,0.5653146091200568,0.637906692532046,0.7015953644996626,0.77629042971869,0.9036614761817784,0.9544103279769005
fast:slow,97.1229542599766,0.5486336040556131,0.5702006157749729,0.6464525476678838,0.7119369092119042,0.7897101184564845,0.9203886836934609,0.9705565637218405
fast:slow,103.15038572827659,0.5560042839533628,0.5776646161868294,0.6565290471324098,0.7244274983531787,0.8074128348933871,0.9410620674732193,0.9872869160055922
fast:slow,109.55187840982805,0.5646403984816524,0.5854509179766252,0.6717137618667324,0.7415775142910215,0.8275074340370104,0.9583202245116709,1.0075391740502393
fast:slow,116.35064647006696,0.5759565669540082,0.598348683975021,0.6847184302056184,0.7608405117239905,0.8485491521720336,0.9816260973735306,1.0306684047890662
fast:slow,123.57134474097744,0.5859160539294997,0.6102823426306965,0.7036218672450248,0.7839888187945645,0.8727123094585736,1.0057745126873696,1.052679216069224
fast:slow,131.2401581285748,0.5982931368692623,0.6262511470957662,0.7282781068628332,0.8103609186325266,0.8996235177506986,1.0332533103376202,1.0787625973803925
fast:slow,139.3848965689995,0.6138900562098248,0.6422292725316012,0.7556769448476749,0.8397636745164514,0.9298401526072966,1.0636470032283798,1.1101348600807166
fast:slow,148.03509587756747,0.6255411842616698,0.663237782413864,0.7855527644342353,0.8722433320288748,0.9603626111382271,1.0974338252408897,1.1418596883054961
fast:slow,157.22212485649294,0.6513406220754362,0.6876330788940987,0.8160214612010883,0.9058230479950009,0.9925843327315168,1.1336864539778504,1.1820796543093188
fast:slow,166.9792990496953,0.6779262794802514,0.7198488830279929,0.847964483009178,0.9420733002584294,1.0303444649468736,1.1735173680599236,1.230614006774803
fast:slow,177.34200155720706,0.7118002619405485,0.7505620601563777,0.8847607272110459,0.9813155910218081,1.0703518562485401,1.2126646255532054,1.2762668397686618
fast:slow,188.34781134730017,0.7482411114933034,0.7942099172640672,0.9221749861157988,1.0189319827733354,1.1120928529949423,1.2657567229301507,1.3307993260197697
fast:slow,200.0366395316378,0.7894227518102481,0.8315332758202292,0.9622951505709009,1.0620504411867553,1.156171862339352,1.3155672453573866,1.386216517063504
fast:slow,212.45087409763514,0.8240410454097145,0.8670620815643262,1.0018427822829108,1.1061370807251256,1.2058003244385656,1.3767770070137735,1.449062070921693
fast:slow,225.6355336228819,0.8524913707666447,0.9087985623531515,1.0461091736798287,1.150659999983644,1.2621761911558351,1.4420233782147713,1.5139987381323197
fast:slow,239.63843052905298,0.8896620090530529,0.9355523540075164,1.08458648554753,1.2008920697079422,1.322645108154657,1.5149814637336068,1.5913024612594222
fast:slow,254.51034446732228,0.9171959992370894,0.9650637784736653,1.1239469768631172,1.254869281258279,1.382061143903001,1.594878020172381,1.677277287077534
fast:slow,270.30520646404364,0.9444477148978363,0.989592343880221,1.1663192545957455,1.3101770052072996,1.4489300760932555,1.6794177907256476,1.7712676455765617
fast:slow,287.0802944944754,0.9616992584690252,1.0174154365376469,1.2076810607178872,1.3650922983831437,1.5223943393626618,1.7796594512803956,1.880369749737824
fast:slow,304.89644119377215,0.9765163740924508,1.0386971464041896,1.2480407436750505,1.4195331597675054,1.601257726771784,1.8964484001268294,1.9860610012047308
fast:slow,323.8182544584798,0.99021853439458,1.0596850936108575,1.2903146957770493,1.4756906139308827,1.681340202746695,2.0229206772997075,2.1105168475309295
fast:slow,343.9143517385163,0.9929966451789788,1.0769646925942504,1.330296093701361,1.5323524505395525,1.7650359078487128,2.149354018563004,2.278635422900955
fast:slow,365.25760886926605,0.9961310380557199,1.0798771156039522,1.3692958468829122,1.5881374707867448,1.853168474901471,2.3010396466725584,2.4631715950538253
fast:slow,387.92542434614626,0.9948193162172878,1.090042661080427,1.3968959204680371,1.648598420824174,1.9477828226545582,2.4707492107872193,2.659681653025726
fast:slow,412.0000000000001,0.9884195645711354,1.0870796717087594,1.4385231732920398,1.7058483474619743,2.0412968140074117,2.648110756558764,2.858857785018952
fast:short,1,0.07310832699400414,0.10038604508676448,0.2395520333788381,0.40104278511788377,0.5540609421570917,0.7419228747881674,0.7955122459378859
fast:short,1.0620598036192959,0.08886954845659988,0.11843830520936777,0.2589852540995514,0.4138769846759982,0.5617777667902587,0.7434371573768128,0.7957353767746631
fast:short,1.1279710264638572,0.10729065589585163,0.1384431175095684,0.28022360861146245,0.4277146892576369,0.5696285471094634,0.7440449310235093,0.7956179540033392
fast:short,1.1979726868544596,0.12872646878787591,0.16215733959875528,0.30211022555827727,0.43972760023610724,0.5766246902014285,0.7445364480646066,0.7964828756381063
fast:short,1.2723186365419277,0.15564418120158796,0.1892222952674116,0.32751163765096014,0.4556140858433911,0.5812590352670919,0.7436589736988619,0.7978393083935942
fast:short,1.3512784812668899,0.18406840018794862,0.2214746434159103,0.35281456561969027,0.46990338211944344,0.5882833251889288,0.7450673023164294,0.7972717868272048
fast:short,1.4351385584492933,0.22251182601456226,0.25754460635678705,0.38102539949140124,0.48737280745860034,0.5951386172104383,0.7469404666824365,0.8038783118755413
fast:short,1.5242029755531357,0.2656939606934363,0.29626211945431286,0.41132758010165493,0.5058921806850193,0.6056218170550847,0.7514968268923441,0.8054568549192652
fast:short,1.6187947128919096,0.3106870274897551,0.33666082946210507,0.4427685999646325,0.5276833960577743,0.6183858443842348,0.7581852586656611,0.8077402026634155
fast:short,1.719256794873936,0.34997561381241304,0.37641326307016837,0.4760095051261038,0.5513793807968599,0.6330074602753681,0.766540812856301,0.8120652101722492
fast:short,1.8259535339349524,0.38291187002356225,0.4150214321120695,0.5087666704213408,0.5777636793178742,0.6539134739972176,0.7813583884029629,0.8252574288460769
fast:short,1.9392718516689147,0.4048740595999954,0.44223005782629743,0.5404919354794712,0.6094370478592195,0.6837981067135546,0.8155803641348449,0.8610144793123793
fast:short,2.0596226819479155,0.42652272068501634,0.46618755927141486,0.5646042998882113,0.6415258768659302,0.7279784738924099,0.8723078933263213,0.9198791090211332
fast:short,2.1874424611194505,0.4424536161475416,0.4789597681113807,0.5826060408431382,0.6706536640857423,0.7715938413400572,0.9629257863023086,1.0291853827505377
fast:short,2.323194710685033,0.454235721679778,0.4897038270635378,0.5981225120785909,0.6916249215635158,0.8171816674528447,1.0489222175979167,1.141294214223592
fast:short,2.4673717181995327,0.4661729347102663,0.5003314447136477,0.6090799099181698,0.7099050657202156,0.8422587164207473,1.0776301434774502,1.1733398702927758
fast:short,2.6204963224868,0.4643255124416322,0.5027296982480891,0.6177701707184218,0.7183470244065395,0.8442744023967129,1.0669934447634004,1.1544518209699526
fast:short,2.7831238096454176,0.4693330488406442,0.5102444478544744,0.6207459248205807,0.7158557905840697,0.8325771046694761,1.043101514323268,1.129452927197692
fast:short,2.9558439267201986,0.4725206517269217,0.5085603475208272,0.6184038583010272,0.7119343561929019,0.8222355885723864,1.0260017661980851,1.08210565391281
fast:short,3.139283020341743,0.4622842774073594,0.49467194149872423,0.607003733617094,0.7031339214232155,0.8148968332093478,1.0025789816462187,1.0709169616275338
fast:short,3.3341063080895412,0.4434314083351892,0.47711857590031215,0.5949101063942921,0.6953294339059335,0.8115622922430447,1.001506096912502,1.0695755017980402
fast:short,3.5410202908154336,0.431390154602887,0.46986678839763846,0.5864459827543318,0.693552552311614,0.8089914943353883,1.0131566727668808,1.0907173010866595
fast:short,3.760775314675381,0.44031444694937216,0.47314516668644363,0.596658651977001,0.7023765061121597,0.8233745131246213,1.0294924028243655,1.1045428766074346
fast:short,3.99416829216043,0.4706382448990574,0.4943642078872192,0.612346927845693,0.7234690268855268,0.8544384105901597,1.051230095691103,1.1303621329536337
fast:short,4.242045591994325,0.489215775836384,0.516590334734771,0.6354142825938222,0.7550159436536412,0.9040674491635817,1.1100040171049324,1.192958083459789
fast:short,4.505306108377592,0.5054791642549418,0.5435233512218514,0.6692071471593417,0.7948496925396311,0.9583587969069458,1.1837373706964167,1.269283501348077
fast:short,4.784904520708319,0.538660027929998,0.579951547271244,0.7154973233635419,0.8437581921885335,1.0018403448179742,1.2584597585824047,1.3506751584231884
fast:short,5.081854755600558,0.583494353242321,0.6253688434044361,0.7704316567185793,0.9007508432598023,1.055413401014057,1.294471035196569,1.410097462698146
fast:short,5.397233663754914,0.6345716359221962,0.6722804282715134,0.8226294477264791,0.9542401563871675,1.105176100424496,1.3404156586991227,1.4361169638259177
fast:short,5.732184925014995,0.6833335041902225,0.7231611553078837,0.8736925367783726,1.0028046561551758,1.1542272479821476,1.3869413148681329,1.478262635706037
fast:short,6.087923195770914,0.7334132578097704,0.7713874688030613,0.9258916224766942,1.0520113124664126,1.2044868895431182,1.423886692790665,1.5212840429434777
fast:short,6.4657385137498125,0.7857239736499234,0.8244396452638103,0.9769837862717151,1.0997620908763241,1.250134196460339,1.4794380300358234,1.553788235243153
fast:short,6.867000976166844,0.8229060099853609,0.8716508437588999,1.0230340076253888,1.147503772128517,1.2985746828697038,1.5208059624315986,1.6040074115609086
fast:short,7.293165708201271,0.8640369620831072,0.9152212754797804,1.0681222676538455,1.198128317193163,1.3456617506315651,1.5725089776425358,1.6607114660905578
fast:short,7.745778139815223,0.9053355450121863,0.9517468182392341,1.109148421828706,1.246132605725834,1.391771837797172,1.620073918618036,1.7153540741335214
fast:short,8.22647961005079,0.9454479541158277,0.9936208913503713,1.1534292451130863,1.2903811891139991,1.442082497582053,1.6702983711050277,1.7736315904505389
fast:short,8.737013319128684,0.9798623856570521,1.0322619914858284,1.192128539372689,1.3313287754787404,1.489423625339548,1.727497854973624,1.8250976461266086
fast:short,9.279230649932982,1.0123686620095629,1.0636292742486269,1.2311802035963868,1.3685663941382673,1.527266976643113,1.7712722705062562,1.8742860452527026
fast:short,9.855097881805975,1.0465354085086829,1.1018839260013815,1.2675875690378413,1.4060542644612521,1.5637864881643941,1.804363555375475,1.9187364699394773
fast:short,10.466703320999791,1.0756796528552208,1.1337495798251325,1.3021920104211469,1.4450602430879407,1.6012817359631195,1.86159364866888,1.9415710874303516
fast:short,11.11626487364247,1.1084227518825598,1.1665037928230724,1.3343984818622592,1.4770453175180966,1.6337023857475628,1.8961884653608825,1.9921504774514789
fast:short,11.806138088680799,1.1381553641946116,1.2010760641389813,1.3636001008609013,1.5058125931675117,1.658506319935001,1.914731095711973,2.0132874868686788
fast:short,12.538824699966618,1.1648764924485389,1.2284456431490847,1.3898913956904633,1.5351288641840484,1.6873599258551024,1.9367284685162829,2.03244186897589
fast:short,13.316981698463321,1.1891757361014241,1.2561451069490572,1.42209679245922,1.5622192465007654,1.7194182341212427,1.9720303259258025,2.059097969643525
fast:short,14.143430967471712,1.2157866657754954,1.2826960318392027,1.4521378796733257,1.5883998947035245,1.7458185379271471,1.9973461709351872,2.0883180018220004
fast:short,15.021169515816068,1.2467842322586833,1.3060877987467692,1.4793954900100783,1.616074729384287,1.7719862435439135,2.0234972692538147,2.1122711745638996
fast:short,15.953380346099765,1.2641960715476175,1.3249002665015532,1.5039008880584257,1.6468956020940833,1.7984635066590715,2.0482483757529732,2.1410258207522213
fast:short,16.94344399744265,1.2765013615061578,1.3436832923112352,1.529286695641792,1.6743675183475186,1.8239719516656385,2.074173507858554,2.1710434111315786
fast:short,17.994950804558478,1.2796632753626584,1.3620434853834669,1.5571935461393713,1.701289733275972,1.8497167327668431,2.10016226701934,2.189168704266483
fast:short,19.11171391762827,1.2861265665641253,1.37601253196133,1.584287442990215,1.7306120994617509,1.8784438148836706,2.125810095949852,2.2052500369826347
fast:short,20.297783130184442,1.292626496033486,1.3924776402698242,1.6139242468525996,1.7582411819213148,1.909712074072486,2.153532374070145,2.2307469304229746
fast:short,21.557459565150744,1.301472469049435,1.4094114088361342,1.6404128957151887,1.7890748242914836,1.940199808848368,2.179322920519138,2.2572425785429906
fast:short,22.89531127229491,1.2970358795223151,1.4158664286337692,1.666155621333617,1.8199391266619815,1.9698669856640671,2.212225001760593,2.2915486039153237
fast:short,24.316189793656182,1.3099259369135936,1.4215017868950357,1.6960687939636663,1.8477184098687758,1.9978985254380743,2.244429947802394,2.3220049463552916
fast:short,25.825247757020012,1.322664077499739,1.4360534655935207,1.7223285213699076,1.8790901837049914,2.0290838741221924,2.2765355492207813,2.3498488006274805
fast:short,27.427957561240333,1.3257519695192017,1.4556492851129188,1.747520909681072,1.9095298286941498,2.06326141776326,2.3138198854165157,2.392058351431632
fast:short,29.13013122116929,1.33547361664294,1.4659627153300434,1.7731512915795569,1.941327939231049,2.0982320411857045,2.3445501232114916,2.439021854068763
fast:short,30.937941444159375,1.3452848267135695,1.4807031384328913,1.8000660026524269,1.975568072205005,2.1292048707696276,2.380887480439598,2.4766988661909437
fast:short,32.85794401456916,1.376946829027873,1.4953641057316027,1.8262958656383264,2.00842512497905,2.1671769021037464,2.4226574382284976,2.5123016902657307
fast:short,34.897101567447145,1.4001738314418357,1.5119624240175917,1.8506406160310558,2.040220478915589,2.2040447474642146,2.461262288205043,2.559555921133427
fast:short,37.06280883760554,1.4199713053216734,1.5333309762808303,1.8788503055136452,2.0740610430369384,2.2424513103485966,2.49568711086194,2.6031491047372137
fast:short,39.36291947564684,1.4487239168370394,1.5503899312073894,1.9071104335217537,2.1100896279940815,2.2797412158109385,2.53990863868302,2.653050075496
fast:short,41.805774528187634,1.4655306374775698,1.5701996033373586,1.9367554338101838,2.1467713560200643,2.319543598350868,2.5749833896826404,2.696512071717656
fast:short,44.40023268555952,1.4799263485626355,1.5891964022027918,1.965610004849982,2.1863044502681843,2.3578170236632587,2.624532429069126,2.7382626066388913
fast:short,47.15570240667638,1.5116316056943873,1.5961310235880568,1.9942422418404648,2.2280357443029053,2.400501016787346,2.6739994779985743,2.801896729829748
fast:short,50.08217603756468,1.5314532002951675,1.6141581698242864,2.0286325706595307,2.2686409838521007,2.4446766491745446,2.7271722642010556,2.8544997139371056
fast:short,53.19026604728295,1.5514893749969514,1.6434172802862193,2.0630121477554004,2.30652799568446,2.489816837324299,2.7852703264882908,2.9114912808146887
fast:short,56.4912435126354,1.577033403268068,1.6631694347799328,2.1030807672390934,2.347812009311384,2.536399269692562,2.8401479634256486,2.973362124879812
fast:short,59.99707899123938,1.6055316690076051,1.7136860661834805,2.1469563672042407,2.3913691110455506,2.5915555375983614,2.9153324158158953,3.052888949284285
fast:short,63.72048593116707,1.6402252615060684,1.7693605162354582,2.1871401023566377,2.437125407335383,2.643516064088374,2.988799700712299,3.1159128701496495
fast:short,67.6749667745814,1.7181594833626932,1.8179597847784572,2.2365968190998182,2.4892342961903613,2.6948474169486447,3.0735426682009463,3.185606567450152
fast:short,71.87486192255429,1.784803679564904,1.883511824120277,2.2928295774349507,2.5433521897799647,2.753153336467251,3.163180709924538,3.286760302106531
fast:short,76.33540173863202,1.8498133369800942,1.956378039942876,2.3474336715331394,2.600241152767814,2.8258814494377935,3.2553105143758283,3.425987078071705
fast:short,81.07276177973158,1.9142167547102704,2.032634660480782,2.4080354310094347,2.662454133560015,2.90073222175987,3.3492765676420073,3.5600716949198175
fast:short,86.10412145465567,1.985402086215514,2.1126901607913275,2.469288146393249,2.7271578822586955,2.992746195375916,3.4835639096844884,3.703048318926856
fast:short,91.44772632294361,2.0654873896832777,2.192112047465777,2.5504008510826237,2.7993722776430663,3.082233434456718,3.6155410157853107,3.870725701155197
fast:short,97.1229542599766,2.1409686543337143,2.2593330478755784,2.617828442216804,2.878689222670689,3.181778853995323,3.800469980821364,4.054652307281871
fast:short,103.15038572827659,2.238738916392193,2.3380659122070604,2.6915428153199286,2.968740033541364,3.295743053732208,4.027239904752,4.249691885534699
fast:short,109.55187840982805,2.302125429238415,2.41529852708193,2.759259475336873,3.0651857624282206,3.434700810945945,4.267448302087769,4.495629242909716
fast:short,116.35064647006696,2.345659823174674,2.468865809999833,2.8266323301247636,3.157588448279162,3.6101878031035906,4.507893280275828,4.755831772823054
fast:short,123.57134474097744,2.40043033770462,2.5100117770070187,2.895792922814068,3.2436479612394344,3.7954326347604623,4.793296177540611,5.039000003189852
fast:short,131.2401581285748,2.467520614512606,2.5648898712011112,2.961920314457496,3.3476306225536634,4.046149194151139,5.096772224491112,5.366666431715707
fast:short,139.3848965689995,2.5190539522831563,2.611408290807392,3.034552214218267,3.4697507582219798,4.344053275003476,5.4284694036306025,5.7143741844981495
fast:short,148.03509587756747,2.560733238999103,2.6655342178362846,3.1115860219680256,3.5835284689854108,4.6479074903392155,5.773978685906582,6.0755460569785695
fast:short,157.22212485649294,2.5940406787792045,2.712440631302155,3.195397103581778,3.72557451482106,5.003624181284046,6.171494782320798,6.498449237765335
fast:short,166.9792990496953,2.6555238819653098,2.7728270108196544,3.2828364807890984,3.878080250113545,5.393404300707196,6.598266266941622,6.954438454982171
fast:short,177.34200155720706,2.751126980248937,2.8841949213854927,3.4199384985958363,4.116707360134993,5.826545301386552,7.101466953843364,7.4456227622040165
fast:short,188.34781134730017,2.9206020618018,3.069663991203344,3.631506080988733,4.459414093453432,6.309486597060069,7.642390986612223,8.017897152920458
fast:short,200.0366395316378,3.068085743037673,3.21368626110632,3.9425804766124717,5.0551369439630385,6.804751933830474,8.227111522590535,8.610923114096286
fast:short,212.45087409763514,3.1897151539839625,3.4068440273578946,4.380358529284764,5.853536309147959,7.371778402076534,8.926103076137947,9.331146491003931
fast:short,225.6355336228819,3.4680150463733126,3.6707868031912216,5.14340719336168,6.737714836657447,8.082987873196362,9.70098559389773,10.196348966320361
fast:short,239.63843052905298,3.9193148655708128,4.305763945030239,6.254357396430412,7.681472819606985,8.92879842590887,10.65631470519786,11.204517008919412
fast:short,254.51034446732228,5.050824202663929,5.479288898654095,7.505461369155866,8.772739797111894,10.003493835546678,11.881839581958264,12.434034447740899
fast:short,270.30520646404364,6.64745814048221,7.08869181330623,8.841453166456056,10.110165887266744,11.387268682865912,13.443428513655915,14.177464345413767
fast:short,287.0802944944754,7.927474867095603,8.530334722640362,10.250382059349711,11.733458536192398,13.332697988417419,15.69106549164825,16.622482779717284
fast:short,304.89644119377215,8.545946603147597,9.392117268718565,11.86147844513636,13.805678957150324,15.900692474062359,18.96943054659415,20.13262429623913
fast:short,323.8182544584798,8.996251326693338,10.002646296712767,13.347784780036129,16.397959106683693,19.30308680200207,23.692224393360647,25.43568402433994
fast:short,343.9143517385163,9.492641856955574,10.52905535302614,14.61528677904598,19.25995403826205,23.832559677245857,30.465973382788093,32.89499632825834
fast:short,365.25760886926605,9.961961854886153,11.142783663132503,15.87019649781935,22.27577663625376,29.3326157257436,39.93554729209316,44.09620243804821
fast:short,387.92542434614626,10.501539907607585,11.78554744501549,17.206332012345626,25.834739731068275,35.98224641622856,53.1325635312749,59.7322188590334
fast:short,412.0000000000001,11.120164666116178,12.41137869769923,18.56017752499219,29.587545092180928,44.41735653325168,70.22348319409562,81.59527245192947
tall:slow,1,0.1618883100605177,0.17765209484813418,0.22626712756934844,0.26474679281795876,0.31542799073445704,0.4107345377660125,0.46075017017754943
tall:slow,1.0620598036192959,0.16695033830137093,0.18498357315082775,0.2305858472115241,0.26798992515005515,0.3158037267047179,0.4020566293015353,0.4477733461671883
tall:slow,1.1279710264638572,0.17502293983398343,0.19040221024873427,0.23467299755943713,0.2712866836984771,0.3155616821953648,0.3954343501982469,0.43504112804573575
tall:slow,1.1979726868544596,0.1819058990764237,0.19563572109952163,0.23910195369389609,0.2742109223486574,0.3160731019224746,0.39584754070207007,0.4289423104176603
tall:slow,1.2723186365419277,0.18825086491345536,0.19968919493246998,0.24261727925669507,0.2771070214260715,0.3170831792383161,0.3947621369708092,0.42735388264800617
tall:slow,1.3512784812668899,0.19242916634662427,0.20286741004522546,0.24513762472732625,0.2791088379767098,0.3184348933038941,0.3929764649619882,0.4258868205503543
tall:slow,1.4351385584492933,0.19459798969635408,0.20557858404962845,0.24774154567520956,0.28124411197313026,0.3196521533288797,0.3899488299256979,0.4266014027077233
tall:slow,1.5242029755531357,0.19605372705221663,0.20879283033745677,0.24884992541323664,0.28272173313732474,0.32255944441073553,0.38834827300416186,0.41778786833123777
tall:slow,1.6187947128919096,0.1961152178809031,0.2096331791961407,0.2499289855956815,0.2830164599663327,0.3236577238516972,0.3904102130381416,0.4139943367110032
tall:slow,1.719256794873936,0.19681085365781548,0.20968379488427166,0.2496363744010659,0.28309771618725943,0.3240524874113643,0.3900119407638205,0.416793820539015
tall:slow,1.8259535339349524,0.19503065804828754,0.20794328589263483,0.2481381959044806,0.2823585732376185,0.32320882891347547,0.3929611668798245,0.42195077034554973
tall:slow,1.9392718516689147,0.19042655304641382,0.20348416305673372,0.246205541815177,0.280411425713297,0.3204694781263072,0.3881318884317335,0.41057124583884363
tall:slow,2.0596226819479155,0.18547734293559598,0.1992882811182925,0.24246138417512866,0.27687670650966745,0.314802701251861,0.3803341457796408,0.40555479376237796
tall:slow,2.1874424611194505,0.18048401353574478,0.19376483991042578,0.2368306977937088,0.2705199606547539,0.30798069623572033,0.37430532033322594,0.3944996460411093
tall:slow,2.323194710685033,0.17335918849860252,0.18473451317452927,0.23047998499548733,0.2639242398533622,0.302410491868654,0.3684117983010027,0.3938431523412098
tall:slow,2.4673717181995327,0.16762458875327704,0.18085753558744844,0.22514319400701405,0.2599825295136001,0.2987643061314007,0.36002082704311716,0.3862214756994812
tall:slow,2.6204963224868,0.16925448889518618,0.18039935219064762,0.22368330348016158,0.2601891693408616,0.30032503218262435,0.36498920461108153,0.3910674486988825
tall:slow,2.7831238096454176,0.17479771860436635,0.18881141115108685,0.2304268566772849,0.268387071336198,0.30962851012733356,0.37486228648298037,0.4044129726308227
tall:slow,2.9558439267201986,0.18575294721311242,0.19912955239985203,0.2413355128409288,0.2807598610324954,0.32508533410194057,0.39574240751130213,0.4253204131699866
tall:slow,3.139283020341743,0.19811477010528966,0.20958829029512574,0.25346836104379994,0.2956645445244419,0.34367246403093876,0.42022722754274416,0.4510889722192965
tall:slow,3.3341063080895412,0.21057431015769687,0.2219636697090535,0.2680367549004897,0.310748793738434,0.36237545509442526,0.45556890523771276,0.48738847142106734
tall:slow,3.5410202908154336,0.2237207219943145,0.2362200180003182,0.2820568605927292,0.3248006197936293,0.37875426952558255,0.48372078497679405,0.5195224455982844
tall:slow,3.760775314675381,0.23826586097427516,0.2507213449247464,0.2967254753203392,0.33877658725519455,0.39264261440608694,0.5023248416670358,0.5381252262460995
tall:slow,3.99416829216043,0.2528148138526361,0.2656071818996879,0.3105753727580528,0.35262506261090676,0.40450412220418164,0.5156240859587254,0.5531112126708717
tall:slow,4.242045591994325,0.26738204057569964,0.2811421910083886,0.32572196464415226,0.3660164465188853,0.41768741357992323,0.5277612014783726,0.5635806847505663
tall:slow,4.505306108377592,0.28097379727074834,0.2952552294158711,0.34087097918903975,0.38074834813924674,0.429367176337962,0.5385431003434255,0.5751593985770992
tall:slow,4.784904520708319,0.29544433460168856,0.30983924973543725,0.3560051319180419,0.39601265495705446,0.44318794828204316,0.5485606592225919,0.5824913015038536
tall:slow,5.081854755600558,0.3098190967506927,0.3246228704990548,0.3721500694913236,0.41030792233936775,0.45688848228608375,0.5569674091694876,0.591532076327194
tall:slow,5.397233663754914,0.323336852283743,0.3390774808116903,0.3876288314533902,0.42493301486078716,0.47170511021574746,0.5657412050037645,0.5973171620054137
tall:slow,5.732184925014995,0.33746869601929336,0.3548104385856426,0.40340193168480676,0.44021526538603184,0.48717238451363687,0.5780796034892197,0.6067391713884631
tall:slow,6.087923195770914,0.35162752735219754,0.3698629685228696,0.418404822572363,0.4558367330306138,0.5034041948182812,0.5902591847979006,0.6218913591961701
tall:slow,6.4657385137498125,0.36605317495051815,0.3834416739695616,0.4339326684748283,0.47227149868051527,0.5206094048627778,0.6081515530568203,0.6419915464486426
tall:slow,6.867000976166844,0.3804174203099702,0.3959674982660579,0.44932700948211024,0.4886035219393756,0.5377737123300739,0.6284697169026019,0.6608155828085264
tall:slow,7.293165708201271,0.3937901060612819,0.4110071298363087,0.46351529831070315,0.5051028314324684,0.55600618554858094,0.6508912856595345,0.6889468089783392
tall:slow,7.745778139815223,0.4043013695087584,0.42166179984278707,0.47709085702306575,0.5210790847283873,0.5756685209263932,0.6757077810027862,0.7208901202266859
tall:slow,8.22647961005079,0.4174488033268473,0.4344624265230657,0.48987815734084206,0.5366884156742102,0.5937880680842638,0.7010993484990681,0.7443931301037323
tall:slow,8.737013319128684,0.42956540006725075,0.44749983684004546,0.5038940685022522,0.5535614378341339,0.6136092308010712,0.7294463805890212,0.7757366857606276
tall:slow,9.279230649932982,0.4421204342257916,0.45978516907544836,0.5165975558447273,0.5701121441286843,0.6327539802029953,0.7499501918024266,0.7892334634179752
tall:slow,9.855097881805975,0.4531222754809766,0.4708147682409913,0.5302117778948353,0.5852156126593215,0.6530087325392446,0.7662537409527744,0.8122811630727409
tall:slow,10.466703320999791,0.46290999240316333,0.4818622515145722,0.5425418583847856,0.6000822953812495,0.6707134323530066,0.7856838967458384,0.8264949504323446
tall:slow,11.11626487364247,0.4725788685564218,0.49117776081324194,0.553771074245222,0.6140915579779086,0.6891481955447303,0.8016711740633848,0.836734675440369
tall:slow,11.806138088680799,0.48013182827113765,0.5008360782699036,0.5655261928392623,0.6278262971978112,0.7050865776497115,0.8115285726514571,0.8429930722712842
tall:slow,12.538824699966618,0.4896088837399059,0.5102102232228891,0.5766448547347711,0.6409794923066036,0.7157771532531237,0.821384927653381,0.8498356556710452
tall:slow,13.316981698463321,0.49761469315696283,0.518359680711903,0.5877315491692601,0.6526309992865207,0.72483122853394,0.8309618519171721,0.8610854795425064
tall:slow,14.143430967471712,0.5050586584386532,0.5270532442706087,0.5977546383603408,0.6629900609906002,0.7334515409162135,0.840551379846287,0.8672068052338252
tall:slow,15.021169515816068,0.5140735068074314,0.534925824763472,0.6070220821872423,0.6742204314531568,0.7433600430661974,0.847176102073114,0.8811215746479308
tall:slow,15.953380346099765,0.5190652504813114,0.5431200867184952,0.6156746311151611,0.6820782470285263,0.7525440050982449,0.8516725222781426,0.8864610041401473
tall:slow,16.94344399744265,0.526515481190197,0.5480689113947617,0.6242325453049444,0.6894748438660188,0.7569420778284975,0.8581101246686786,0.8919585110194017
tall:slow,17.994950804558478,0.5334027212852485,0.5539402269225867,0.6295761730611062,0.6946235183893144,0.7649284031761678,0.8631431801678611,0.8999376406840337
tall:slow,19.11171391762827,0.537263597160994,0.5608108215528573,0.6372639077295194,0.7000749962817204,0.7698189026989694,0.86737978923175,0.9078758664056804
tall:slow,20.297783130184442,0.5425392951749718,0.5634747872156486,0.6437383140047457,0.7056332363881145,0.7745405984394055,0.8738581085815996,0.909225886791187
tall:slow,21.557459565150744,0.5475021359897962,0.5685158205626146,0.6490988805473825,0.7105838905678834,0.7775255801537359,0.8749266234521839,0.9082376753791741
tall:slow,22.89531127229491,0.5512764532026929,0.5716845539342326,0.6543391019758416,0.7129000826488228,0.7801889401713283,0.8807973266044201,0.9078574897274923
tall:slow,24.316189793656182,0.5532630418863266,0.5763307851583521,0.6585333817142721,0.7171151236257879,0.7825542358800446,0.881196988675827,0.9117473462592639
tall:slow,25.825247757020012,0.5545354414189784,0.5805199521758714,0.6620864076722223,0.7203942730526481,0.7865820566078485,0.8837365144670689,0.9132404318521969
tall:slow,27.427957561240333,0.5586446885601872,0.5842994774806234,0.665134154517276,0.7246266409851745,0.7878761271699444,0.8832003876878651,0.9154820542210856
tall:slow,29.13013122116929,0.5613520671850365,0.5889231770725724,0.6679663865789531,0.726617287303233,0.7892657665075602,0.8865368798426446,0.9207367200883225
tall:slow,30.937941444159375,0.5665945313274083,0.5925113185378045,0.6691207093038277,0.7287786060964032,0.7907150948403032,0.887642561941718,0.9267375826121204
tall:slow,32.85794401456916,0.5700879939857464,0.5939411262519502,0.6706682918315372,0.7307448401472453,0.7922448041779218,0.8907001474212745,0.9306875915818894
tall:slow,34.897101567447145,0.5736082820979205,0.5965149189805321,0.6721070163804485,0.7330589445122473,0.7943873547571597,0.8950121282456789,0.9347854876414954
tall:slow,37.06280883760554,0.5754539789250979,0.5993395440112761,0.6739702274302037,0.7339971697783907,0.7949232915170534,0.8980073123561889,0.9370431578580382
tall:slow,39.36291947564684,0.5783689640497378,0.601561803744041,0.6756364696466306,0.7362242942766786,0.7979944524506772,0.900850915100967,0.9362953268426064
tall:slow,41.805774528187634,0.5770400652779523,0.6046366880306036,0.6781807159086416,0.7379977925955605,0.7981936615343781,0.9059085413786386,0.9447568445314193
tall:slow,44.40023268555952,0.576490980205222,0.6059197267598163,0.6796585523794457,0.7389409104272462,0.7992000342027769,0.9077656003952181,0.95251422169518285
tall:slow,47.15570240667638,0.5784572089369556,0.6079289048052066,0.6803330134505897,0.7409966296917623,0.8014336215238608,0.9125085609924758,0.9550398637751226
tall:slow,50.08217603756468,0.5837941497484586,0.6082626402733987,0.6835945791310882,0.742474080494456,0.8035928151962737,0.9177238538061284,0.9556352095912501
tall:slow,53.19026604728295,0.5864822969154856,0.6092484092071146,0.6853781763100218,0.7440260982946927,0.8064975616765057,0.9228982303914726,0.9633144239963856
tall:slow,56.4912435126354,0.586670272300807,0.6108196234295353,0.6885561919571107,0.7476295534967179,0.8095157556655912,0.927347055476712,0.973996947835205
tall:slow,59.99707899123938,0.587179280828216,0.6111296067958373,0.6917960942764171,0.7504049459828402,0.8150717552481739,0.9329968388458693,0.9818021785229974
tall:slow,63.72048593116707,0.5875797116907789,0.6112472873222388,0.6948264839679462,0.7535361313936048,0.8211907691936856,0.9422421732046415,0.9910521058158446
tall:slow,67.6749667745814,0.5923259598282004,0.6115585773130581,0.6976143095243397,0.7568219986543399,0.828573349299836,0.9539971288404657,0.9963518202951019
tall:slow,71.87486192255429,0.5937533786234224,0.6163506661923674,0.7018896073915368,0.7626656010745297,0.8369073181734695,0.9638035408799775,1.0138479582593434
tall:slow,76.33540173863202,0.5982526947203506,0.6211434602413594,0.7064129780515611,0.769182264940916,0.8459720735945402,0.9771533207442819,1.0248208409116304
tall:slow,81.07276177973158,0.6025435615960681,0.6276337591318272,0.7133485310158598,0.7772187147110492,0.8572945310843549,0.9898581869918891,1.0422402438404625
tall:slow,86.10412145465567,0.6113077711591908,0.6345304834157796,0.7205465413185363,0.7868241167332815,0.871490133494156,1.0049477165625698,1.0551136737777955
tall:slow,91.44772632294361,0.6202272615943059,0.6458215339278094,0.7289294828150701,0.7991290601455091,0.8876624769059178,1.0240131374241783,1.0786867226247459
tall:slow,97.1229542599766,0.6294074797370647,0.6553200306429268,0.7407630432995221,0.8153085522169695,0.9076214420646621,1.0492150468725694,1.1017544907842654
tall:slow,103.15038572827659,0.6359960762443132,0.6675365389999506,0.7532255344195042,0.8331653687347329,0.9282268537889505,1.0727188282003841,1.1233078406175783
tall:slow,109.55187840982805,0.6502535699709785,0.6774981339764254,0.7697726228478236,0.8564748592049936,0.951668579661236,1.09840960310674,1.1510033595949223
tall:slow,116.35064647006696,0.6613439703608864,0.6916030767764232,0.7912292646667495,0.8802150032577885,0.9784953321850847,1.1280537988785988,1.1819077389091845
tall:slow,123.57134474097744,0.6781594677374563,0.7079100394839252,0.8124622333924688,0.9093044472309798,1.0078936989141132,1.1604962919047848,1.2172464005387842
tall:slow,131.2401581285748,0.6950273283277766,0.7270490027208483,0.840927767015088,0.9427299159712637,1.041010793820977,1.19508033262096,1.252358601162044
tall:slow,139.3848965689995,0.7107798852245776,0.7434300162493007,0.8734714777828928,0.9785471548130193,1.0798862666840932,1.2381251185833326,1.2928802383273659
tall:slow,148.03509587756747,0.7364767922799754,0.7708767109740614,0.9091716326862365,1.018154993731008,1.120038001437403,1.2785480830667657,1.3403761567863348
tall:slow,157.22212485649294,0.7658551987278295,0.8049254205602999,0.9497599849632655,1.0602430225155153,1.1620820440450448,1.3232157683545758,1.3891161218079835
tall:slow,166.9792990496953,0.7973396065145716,0.8444055732559818,0.9937401574850743,1.103970506712995,1.2057001094690187,1.3782781741406704,1.437869805146987
tall:slow,177.34200155720706,0.8392152119454936,0.8901086055666264,1.0403667690459337,1.1491541420645446,1.254096618851216,1.4412217353946744,1.496064159153712
tall:slow,188.34781134730017,0.8842823695296074,0.9351313412228233,1.087908220822046,1.1978139452937735,1.3070045534017192,1.5012761437605149,1.5626010542657918
tall:slow,200.0366395316378,0.9261726335906637,0.9802962362173977,1.1386272441350087,1.2514220483234275,1.3650231197680078,1.566473416067317,1.6493577619736137
tall:slow,212.45087409763514,0.9748996129710957,1.020850535080805,1.1927252772892958,1.3062807347354122,1.42617654156423,1.637134664740204,1.7141882943194442
tall:slow,225.6355336228819,1.0180464092453678,1.072017332265326,1.241686159101878,1.3677223773293252,1.493227665518969,1.717493393109002,1.810918823180726
tall:slow,239.63843052905298,1.0512425340827687,1.1150073860216225,1.2918607174494254,1.4315898076925397,1.5665254791259091,1.8070207967871565,1.9019442763130128
tall:slow,254.51034446732228,1.0880610551232326,1.154473208532132,1.3408164038075319,1.49555276365513,1.648066942943347,1.8997676216307833,2.0184985660782537
tall:slow,270.30520646404364,1.1228015272080933,1.1881241747073155,1.3973951906356894,1.5634551030861927,1.7382425658733962,2.0230811907898714,2.15138128033723
tall:slow,287.0802944944754,1.146516452589083,1.2215427853654686,1.454896764012328,1.6334253523085676,1.8270763477857737,2.1451420152052765,2.300782005484544
tall:slow,304.89644119377215,1.175801228645309,1.2560107847019655,1.511663180635297,1.7069876734076375,1.921987301216693,2.291012227688781,2.4602697426275126
tall:slow,323.8182544584798,1.2006570421969378,1.287689548484218,1.560880786341393,1.7791080688397822,2.0272106903987117,2.4541201304700238,2.6415644008485275
tall:slow,343.9143517385163,1.2237150437135664,1.3082301914975139,1.6183712555912,1.8560650219242087,2.1410505896332817,2.6285433501382482,2.8215847727744814
tall:slow,365.25760886926605,1.242593811220238,1.333990029491927,1.6735228908785047,1.9383066402222484,2.256017568516618,2.8300010612635376,3.0872813462597795
tall:slow,387.92542434614626,1.2562204833494865,1.3597812964620168,1.7315561680624705,2.01693584505358,2.3665920144803874,3.0388678294036042,3.3292658385760396
tall:slow,412.0000000000001,1.268707937964283,1.3808701334520237,1.7782201334272767,2.106562046130403,2.4949071276635855,3.263317553539218,3.611384154857991
tall:short,1,0.6635374536142549,0.7144684626994651,0.9124939454047607,1.0949261019143663,1.3195308092496874,1.8227615789945883,2.062083466229491
tall:short,1.0620598036192959,0.7009915303996249,0.7481601017810454,0.944064911408548,1.1126326807375322,1.3217522119806975,1.768561935082209,2.0051892305038046
tall:short,1.1279710264638572,0.729818262129348,0.780974490813438,0.9715645072808973,1.128044129592021,1.3328076996636418,1.7340908197629157,1.929195611203495
tall:short,1.1979726868544596,0.7601194196270666,0.810182495468637,0.9940775816293587,1.1473687869093836,1.3420171363844007,1.7100683066069375,1.8920311234534861
tall:short,1.2723186365419277,0.7789223407616549,0.8347925940720623,1.0145581157067087,1.1641988033923847,1.3522276214510545,1.7011348884927446,1.8608677293861127
tall:short,1.3512784812668899,0.8028624613250155,0.8562927610106006,1.0332450123242194,1.1790066466737668,1.364625209417204,1.706647917249446,1.875287744314254
tall:short,1.4351385584492933,0.8163938757636122,0.8747468273351235,1.0466862469747145,1.1991566145518353,1.3726893257099848,1.7074002504710895,1.8998942931184275
tall:short,1.5242029755531357,0.82962807075664,0.8921010484754777,1.0585240412144001,1.2100595812876507,1.385628909897413,1.7022250320238366,1.8482598319422248
tall:short,1.6187947128919096,0.8379564908594308,0.900825245850935,1.066548759522251,1.2173427612847287,1.3975927695162023,1.7216867137566816,1.8344671973295192
tall:short,1.719256794873936,0.8406659156269676,0.9036986076552184,1.0679091497987563,1.2216178383707654,1.4053116933765293,1.7554084510568275,1.8678096454322488
tall:short,1.8259535339349524,0.8421028973789114,0.896048111904553,1.0690069997683347,1.2202652375662513,1.4098077220364087,1.771565383179397,1.904623892950274
tall:short,1.9392718516689147,0.8343998451885817,0.8864495893883361,1.0606959801063698,1.2157570833835003,1.4080198516539395,1.7593823904661303,1.8754823324177896
tall:short,2.0596226819479155,0.8161453766479925,0.867435971694924,1.055014008367218,1.2053864100234237,1.3858316465620713,1.6990696277079136,1.8005789044531086
tall:short,2.1874424611194505,0.7734827857032907,0.8390621170521804,1.0362069059511203,1.1864585588745622,1.3573500127579772,1.6371698734438103,1.7473262327500296
tall:short,2.323194710685033,0.7303554276912338,0.806935115802505,1.0062520203216019,1.1518885496421256,1.3173655622878369,1.601560953784719,1.696945319299358
tall:short,2.4673717181995327,0.68008200805245,0.7466490711057385,0.9623684062827493,1.108782699230026,1.2838922545550524,1.5555935822902007,1.6692113840529743
tall:short,2.6204963224868,0.6189736021443683,0.6925401979462262,0.9005007892829374,1.0622746501244467,1.2357353525341994,1.517808459826975,1.6226548835162815
tall:short,2.7831238096454176,0.5805583951462997,0.6322143028199886,0.8354782900645232,1.0021273815713516,1.170712021973261,1.4526303659695436,1.5499169437237905
tall:short,2.9558439267201986,0.5378760228945287,0.5831392393765621,0.7657192471536288,0.932399299392324,1.10589221596652,1.377177615637887,1.4883890906061275
tall:short,3.139283020341743,0.49055160949153737,0.5290827008721466,0.6916045545544829,0.8585777698914319,1.0365836060760953,1.3233091561723402,1.4338718677669648
tall:short,3.3341063080895412,0.45158380905827433,0.4831483894865798,0.6342237564602657,0.7883333642429342,0.9695335079055762,1.270012049092053,1.3618913957793939
tall:short,3.5410202908154336,0.4216792041318209,0.4532803112242894,0.5895442929652251,0.7279521912363763,0.9124484209624857,1.2041400740935573,1.317692902247531
tall:short,3.760775314675381,0.42023532929786844,0.4476420941169498,0.5664988640276017,0.6911615821255327,0.860949751961455,1.1542500907543531,1.2347033771378972
tall:short,3.99416829216043,0.44344587128301133,0.46533483789293484,0.5658164564637682,0.6739853408142824,0.8341250962071113,1.1036708778175182,1.1933252378745791
tall:short,4.242045591994325,0.4550553807363235,0.47593142317797177,0.5694600797108319,0.6742739714921866,0.8233364239817996,1.084789537924737,1.168635625746033
tall:short,4.505306108377592,0.46199559347777686,0.4880025863010718,0.5857357835615483,0.6879055487017975,0.8311925914558771,1.086761767052183,1.1765442519410851
tall:short,4.784904520708319,0.48164737028730836,0.509809118655573,0.6141374847574703,0.7159176482048843,0.8565126436174535,1.1092402790138625,1.1896529165968195
tall:short,5.081854755600558,0.5127269790064805,0.541330885518358,0.6502642611379188,0.7518889824519603,0.8919971960050181,1.1303054048742713,1.2099501920074485
tall:short,5.397233663754914,0.5463656680733237,0.5770476275100619,0.6903743907462316,0.7922863201351332,0.9263824617209176,1.1580398841963297,1.230347257203932
tall:short,5.732184925014995,0.5849920848603549,0.6175432447116574,0.733460128729305,0.8344256240493946,0.9647977267126594,1.1865014027435572,1.2556304115049988
tall:short,6.087923195770914,0.6229210965362885,0.6551833878617153,0.7774937291104537,0.8780678113482226,1.0049107336642824,1.2188303814325956,1.3009018971249344
tall:short,6.4657385137498125,0.6646458563579822,0.6957865650594246,0.8238228142577803,0.9201238341009594,1.0483619128366288,1.2606416662776638,1.3349640881709577
tall:short,6.867000976166844,0.7045952793248076,0.7379539987413649,0.8679524613884716,0.967139685159967,1.0951589827762913,1.304762263750576,1.3889643033793153
tall:short,7.293165708201271,0.7473491173166394,0.7841297764893469,0.9130693431596264,1.0176635425405878,1.141599359238622,1.3601874978266624,1.4497386797751823
tall:short,7.745778139815223,0.7904312524665781,0.8272662582105899,0.9589519379534002,1.0647941405686063,1.1949508408005247,1.4185112497828667,1.497391031972293
tall:short,8.22647961005079,0.8313999014009554,0.8713259948726562,1.0058254556589925,1.1172886227248455,1.2494290814344982,1.4921319060424212,1.5646842735199524
tall:short,8.737013319128684,0.8724602390061221,0.9108475567924692,1.054379262468189,1.1712234179560297,1.2981003564757823,1.554333724950752,1.647201015825532
tall:short,9.279230649932982,0.9121812587800542,0.951475788590135,1.1015868250092715,1.2229556271546467,1.3557536216149604,1.6179592467005588,1.7114397137526882
tall:short,9.855097881805975,0.9520618686247605,0.9934147618486472,1.1486582283611302,1.274361490964901,1.4146147197366936,1.6782005427839088,1.7729850532244786
tall:short,10.466703320999791,0.9888593017891921,1.035647442829153,1.1961050408633627,1.3244533070083433,1.4726019885461858,1.7341403444913228,1.8387967014614164
tall:short,11.11626487364247,1.0276493769255841,1.0810025023221235,1.2423482329377238,1.37093263470667,1.5290832709011808,1.7865403044764427,1.889502667023709
tall:short,11.806138088680799,1.0700696029549823,1.1187802673865268,1.2860802921182082,1.4204693592346926,1.5871506833906042,1.848034978137837,1.9283933860628992
tall:short,12.538824699966618,1.106065388365655,1.1548517412970416,1.3322188559894705,1.4702740556864868,1.6470796368196017,1.8961755861235483,1.9877297709308832
tall:short,13.316981698463321,1.1431763109072794,1.1893518561081746,1.37395391138506,1.5211818189029278,1.7018756554411067,1.948959648818686,2.034543019587678
tall:short,14.143430967471712,1.1753723335327715,1.228166629619136,1.4167905657797846,1.5761013866870757,1.751434090975363,1.9948857889445886,2.0851456698481545
tall:short,15.021169515816068,1.2044782462095338,1.261063014798674,1.4558910645620187,1.6228909252889574,1.7972542048425324,2.04985721296459,2.13472306645215
tall:short,15.953380346099765,1.2316869086481528,1.2956567965229508,1.4955318916199476,1.6707988927818525,1.846406419139849,2.1085999504581947,2.185629579846213
tall:short,16.94344399744265,1.2603124846202756,1.3283803414700845,1.5350974347833923,1.713934368779405,1.8905675116989755,2.1550582557504794,2.257487935426211
tall:short,17.994950804558478,1.2930613544830412,1.3604293446010716,1.580083149140779,1.7531578341222793,1.935204950725391,2.204831182897831,2.301980396161566
tall:short,19.11171391762827,1.319536767854957,1.3901409883278704,1.6223897118453068,1.7947316970823484,1.9812048936697202,2.252579571499445,2.345710202085789
tall:short,20.297783130184442,1.3291251432017743,1.4199008292996174,1.6605433394095643,1.8354084173094125,2.02680644521357,2.3042465056256134,2.4055354945860414
tall:short,21.557459565150744,1.3580013207370998,1.447535430047229,1.7008381049904489,1.8764241049863732,2.066061146328447,2.355709611182287,2.4466033926464013
tall:short,22.89531127229491,1.3746434931611933,1.4678172002838101,1.7410991897601158,1.9196276318484573,2.1117357140781143,2.4059882333932587,2.49864429112123
tall:short,24.316189793656182,1.3842035779486934,1.4916215444853285,1.776697494129332,1.9630051280151415,2.1535840891605105,2.4542211203837665,2.539840084392323
tall:short,25.825247757020012,1.3918015954109757,1.5178297132395155,1.811841062808175,2.0026010901739726,2.1918978800310858,2.500483927664979,2.6062984722499705
tall:short,27.427957561240333,1.415057768801043,1.5343794960345412,1.8501447113229885,2.0452644207604553,2.2328454578509547,2.551688278394484,2.6449595490018503
tall:short,29.13013122116929,1.4434653920944462,1.5565805474561287,1.8888732069442415,2.0875574911007284,2.2767582332881426,2.59835262745472,2.7011609029138985
tall:short,30.937941444159375,1.4617480117063448,1.5792658363850525,1.9277972969525752,2.1274952532449136,2.3239745910612553,2.6452414645338895,2.7626577178220733
tall:short,32.85794401456916,1.4869679634871125,1.6012828458173507,1.9671958310467992,2.1698110467959637,2.3667510337804085,2.6904302140037726,2.8179994402715964
tall:short,34.897101567447145,1.5234758304120393,1.6294678816348855,2.0087265428666172,2.213456412249306,2.415364044112411,2.7411712624196642,2.866205542710048
tall:short,37.06280883760554,1.550108930490232,1.6492334912180309,2.048078259035334,2.2578674630804416,2.465012853371151,2.789014706433556,2.9129369422987876
tall:short,39.36291947564684,1.5753574998125688,1.6866542818473294,2.0843155781116898,2.306845298080291,2.512594361039036,2.837222632994821,2.967721885435289
tall:short,41.805774528187634,1.6008600960094472,1.7158939864444267,2.125292760989805,2.352718575833249,2.5638376500660187,2.8986822498160656,3.0195303449253
tall:short,44.40023268555952,1.6238832300244888,1.742900247804735,2.164263621362546,2.402690966501915,2.6185229896257427,2.9550436105164044,3.0914176111066642
tall:short,47.15570240667638,1.6535833705147887,1.764914547410833,2.2069093613672237,2.4509908523376374,2.672760073951107,3.009930884502134,3.1471020359714257
tall:short,50.08217603756468,1.6839009814329282,1.7975793408450216,2.243480829750523,2.5043029704212874,2.7287180459085576,3.0695252017658596,3.2070766990608117
tall:short,53.19026604728295,1.7063462981054909,1.8343679914951,2.29471056808788,2.559051719281257,2.7861949465923903,3.1368498430279033,3.2684417031051742
tall:short,56.4912435126354,1.7444316444154404,1.8674331519808316,2.335702395186495,2.614865034547739,2.844584511597834,3.1991930056357845,3.3307209950732743
tall:short,59.99707899123938,1.792943768900712,1.9177218027935163,2.389262078529977,2.6695107556562396,2.913521100484427,3.272303449621154,3.4167328213954544
tall:short,63.72048593116707,1.86721200303337,1.9775804901677,2.440486968965314,2.7298893308778704,2.9807795334881,3.362289498545386,3.5293551258537934
tall:short,67.6749667745814,1.9336239632060348,2.0586958811720164,2.50706351832094,2.7941663315939183,3.050999463695032,3.4503939772886403,3.644598646935014
tall:short,71.87486192255429,2.0161794593761693,2.140788294548344,2.5766554755740554,2.8631688115738325,3.12506341631984,3.5665520728681726,3.747065440270362
tall:short,76.33540173863202,2.08691843153746,2.2234907443942897,2.6507749980871473,2.940536924640914,3.204158281271202,3.680092987806667,3.86695769284192
tall:short,81.07276177973158,2.1852165224059044,2.3030199906400597,2.731269696512115,3.0220129687638906,3.294912054178587,3.8128483011995336,4.019182014868358
tall:short,86.10412145465567,2.265428016761156,2.399650632070911,2.828069603139742,3.10815091374935,3.3979858462837296,3.9726093219774414,4.197445733410114
tall:short,91.44772632294361,2.356207257950012,2.498017890440879,2.9122566240773136,3.199530001476672,3.5103271658137176,4.1541406174180135,4.393749336697529
tall:short,97.1229542599766,2.4615811759099797,2.589531634008103,3.005508866801238,3.295525333894637,3.643348764553655,4.371069105983783,4.585626410472741
tall:short,103.15038572827659,2.5717485972036838,2.6813874725538027,3.1008021696386514,3.400563072577749,3.7861562482514906,4.61665486972098,4.833928983974309
tall:short,109.55187840982805,2.650266896097578,2.7576999009692496,3.1887236552409703,3.5096801434318454,3.9631669608253715,4.891356969714853,5.113434319259815
tall:short,116.35064647006696,2.695854043233839,2.8242305863974675,3.276848596211285,3.6234517054047615,4.1638492026476,5.1789029934869495,5.434293124708667
tall:short,123.57134474097744,2.752082538305962,2.8861150283627044,3.3632724718940086,3.752811394335204,4.405871752345541,5.506456128732309,5.763917468283864
tall:short,131.2401581285748,2.828824349787918,2.959793981084793,3.4471673718497877,3.880316491101883,4.694225538053863,5.864109791309988,6.151729213406283
tall:short,139.3848965689995,2.885351182365239,3.041238556835907,3.538241679840426,4.017840968387582,5.030077785132321,6.262320584070733,6.567682709461008
tall:short,148.03509587756747,2.981006429937099,3.1152125710805416,3.6461398920126915,4.1780997531972695,5.394970375010258,6.698936141635985,7.019034981563486
tall:short,157.22212485649294,3.0482285855256124,3.192701113543106,3.7399893756060765,4.350163592992885,5.82797621726977,7.200015648738838,7.519707065548679
tall:short,166.9792990496953,3.134813055250674,3.2660889253761063,3.8512846693228475,4.590247915902156,6.280740574065236,7.729267446414196,8.075339480339998
tall:short,177.34200155720706,3.260937085836378,3.393783854436902,4.00632596137781,4.879699519253377,6.792045497461438,8.332676170403051,8.733862357599692
tall:short,188.34781134730017,3.4144394573961856,3.5821456942050856,4.250177039221115,5.286900511595716,7.338868816066736,8.99918283668105,9.429688144460139
tall:short,200.0366395316378,3.609296947973429,3.816177120577743,4.610769174759934,6.023983730284014,7.991941575141239,9.792322218877016,10.209137319871283
tall:short,212.45087409763514,3.8101654203008835,4.00224334139739,5.177159105586746,6.9856360278974385,8.71521526475019,10.637650742370704,11.125286474247986
tall:short,225.6355336228819,4.064634980340277,4.330022673364709,6.066416283420549,8.043838826550042,9.600820044862314,11.594578038817415,12.249573656675397
tall:short,239.63843052905298,4.626571734538496,5.067989139204684,7.399693850128141,9.192470879496419,10.652441611007275,12.72764114009382,13.643910131927598
tall:short,254.51034446732228,5.871482053858775,6.583262518992304,8.903233385524132,10.487189195110934,12.000408759473224,14.290003859146756,15.18685658252764
tall:short,270.30520646404364,7.818036665256935,8.535081346761418,10.596876297199186,12.065590183612414,13.69350458460705,16.35886704889696,17.271206667670267
tall:short,287.0802944944754,9.575431351064125,10.232448697705392,12.386390148705589,14.08386985924156,15.958179199387466,19.087080525427655,20.466954085110515
tall:short,304.89644119377215,10.465290819514832,11.248621448356594,14.392651686714562,16.66729588746577,19.090532922727327,23.116528804071365,24.896144834270505
tall:short,323.8182544584798,11.198058131376198,12.161461471786353,16.20957086246064,19.752702605256246,23.211730766377528,28.955968169141883,31.179242388824594
tall:short,343.9143517385163,11.87833885026569,12.9197101555106,17.953658718007325,23.287218849036158,29.019724052525127,37.087365951603054,40.331348204620184
tall:short,365.25760886926605,12.525475847883381,13.731197522468657,19.665886359852323,27.36768581102325,35.809093033590464,48.9218744342061,53.22217197011118
tall:short,387.92542434614626,13.257234398739474,14.557166639976117,21.433444254394573,31.945334642285715,44.47073104132697,65.08213917736438,71.52784653821644
tall:short,412.0000000000001,13.997824154311823,15.458232025492372,23.28296704907042,37.458939001326655,55.39167028296615,87.22565862094575,97.92525846069664
slow:short,1,2.630007805752528,2.8204313839892308,3.5208216764787146,4.1072248603055455,4.835073919813944,6.2211444360583386,6.847039041245822
slow:short,1.0620598036192959,2.711689018777174,2.8893216227315857,3.5624567404985186,4.126681136737426,4.831137103373326,6.126197457283288,6.640332073477221
slow:short,1.1279710264638572,2.7906337518911695,2.9633210847759273,3.6112899658290574,4.153111603695409,4.824006856536703,6.0308910786884775,6.46094535884704
slow:short,1.1979726868544596,2.8653831430347045,3.019508802866725,3.663566005779481,4.195524142739032,4.817452314649477,5.932958741818662,6.33548508286189
slow:short,1.2723186365419277,2.925352255530296,3.079728291800328,3.7069433311610007,4.219517921775472,4.826267267660822,5.841928281670705,6.252229237668001
slow:short,1.3512784812668899,2.9622941708093626,3.1086930737177743,3.752851982350175,4.247905665285697,4.82457998320619,5.7988163648297775,6.187408837596145
slow:short,1.4351385584492933,3.0011852221273836,3.1551415689660702,3.786900726997305,4.268544689396341,4.827325702973512,5.747336075714249,6.16232317818629
slow:short,1.5242029755531357,3.0256782951390946,3.2024877329539354,3.816758101147933,4.2877769306370235,4.838866042013532,5.724345773565625,6.094158255741972
slow:short,1.6187947128919096,3.045011807015419,3.2209487628346403,3.8433185290358245,4.3032823644629765,4.8468530947833495,5.728148780849676,6.138837297430088
slow:short,1.719256794873936,3.02188396098334,3.2059456350871893,3.8537330101519096,4.32164466298151,4.868977929209818,5.793520166960919,6.2342195234756685
slow:short,1.8259535339349524,3.00373327524994,3.2117726013919,3.860307013643701,4.348090100941651,4.906381030843509,5.848057634150959,6.327375464858931
slow:short,1.9392718516689147,2.984461819451973,3.216928574481566,3.852475947684188,4.368064330200395,4.946247569569131,5.943638566423653,6.449275834555306
slow:short,2.0596226819479155,2.962739480373841,3.1770313189183796,3.8497120363490134,4.388042728021766,4.988588227036435,6.064914150840105,6.528532740866341
slow:short,2.1874424611194505,2.910422568347162,3.122659193322447,3.828287004588827,4.409129026476843,5.032743392066815,6.008396595572143,6.428409654093825
slow:short,2.323194710685033,2.817003024901656,3.0360727422205667,3.8053465691029573,4.39854087154996,5.04260920866922,5.971464923879483,6.313569858436143
slow:short,2.4673717181995327,2.6986353965225867,2.9456488392846563,3.7352841060142095,4.330289384995513,4.971693669361205,5.8662361184382075,6.18858468421656
slow:short,2.6204963224868,2.512993332937189,2.790269950746249,3.5733019437974916,4.101670022171039,4.700755792878095,5.589237095696465,5.866507678621794
slow:short,2.7831238096454176,2.294433821458675,2.517635402062842,3.2261411996758764,3.738604951491094,4.2967226974735695,5.127370697674369,5.368155475568635
slow:short,2.9558439267201986,2.0557771570742887,2.2285363418434545,2.823933080812857,3.301694591502168,3.8349435623808397,4.615301125569783,4.903233504596368
slow:short,3.139283020341743,1.7994347317251311,1.9616116107328962,2.435261262710853,2.881246181698462,3.3678473912594002,4.137944038621391,4.398590340921592
slow:short,3.3341063080895412,1.598367290840729,1.720927923635821,2.123129268392476,2.518546963118047,2.961513345585413,3.6842270949421767,3.9437717370013066
slow:short,3.5410202908154336,1.4378452017086918,1.5413950942853327,1.8947114822562061,2.2180013295270973,2.619168728674475,3.2477544807675494,3.4660926956326246
slow:short,3.760775314675381,1.3560796670930078,1.4461782107667722,1.7532728493146739,2.028046348289245,2.346577551458836,2.95245173784069,3.1687467220941903
slow:short,3.99416829216043,1.344636027098479,1.4150371717219756,1.6698287998537613,1.9007434132757512,2.1852355350514303,2.7769492208809963,2.971666428721499
slow:short,4.242045591994325,1.2963401484682695,1.3690504134294272,1.6122494058043124,1.824256519981237,2.0928305259108737,2.673867000863486,2.9080556491113927
slow:short,4.505306108377592,1.2452685069652403,1.3272921741631738,1.5708126304258359,1.788612455562565,2.073375480699923,2.6542521831593104,2.874832053236414
slow:short,4.784904520708319,1.2607917882791049,1.3272263545456806,1.5711780850926194,1.7982825375916183,2.0797943746221472,2.639409398352586,2.850548159177568
slow:short,5.081854755600558,1.2852286008476008,1.3483469821905216,1.5959227164750507,1.8235784122051926,2.102117594831488,2.624774544179085,2.830293893536519
slow:short,5.397233663754914,1.3161926038233778,1.3837305571377605,1.629628756279661,1.8525235829269815,2.1217267841469676,2.6142731617310293,2.8069902330474066
slow:short,5.732184925014995,1.3531248751075806,1.4195395550467893,1.6644274904076959,1.8811250131437984,2.145107277820568,2.6015446527557655,2.806842173537792
slow:short,6.087923195770914,1.386725037868151,1.455871944414603,1.6991117160364824,1.9128082528789374,2.1683966588608037,2.5886224345961857,2.7824284113428983
slow:short,6.4657385137498125,1.424429626366314,1.4932525237596483,1.7328037993067276,1.943176043805718,2.190442184065959,2.589355341704752,2.7509701312226267
slow:short,6.867000976166844,1.4614654047579776,1.5322153978668331,1.768812725631887,1.9742728092303987,2.2125063182180043,2.585990417525174,2.7190035852849186
slow:short,7.293165708201271,1.5018940654255208,1.574192685120492,1.804283635968615,2.0062083382146856,2.2349632442080622,2.594764316048681,2.708441258351213
slow:short,7.745778139815223,1.5401510442190638,1.615232734368609,1.840882222397298,2.0374546621968923,2.25633738448162,2.595122046104395,2.7073312231100544
slow:short,8.22647961005079,1.582353658497182,1.6537073584049724,1.8768727501543143,2.070653119899232,2.279821260082322,2.599326238935845,2.712442589371153
slow:short,8.737013319128684,1.6275617437299859,1.6913230585285106,1.9129682595191415,2.1022670081363986,2.3033834336342562,2.608619304075312,2.724804119111965
slow:short,9.279230649932982,1.6610048696270994,1.7276317110560688,1.9499496389857283,2.1355851554035885,2.3282156826069795,2.6198257796602573,2.7430117538820578
slow:short,9.855097881805975,1.7002947383160991,1.7720801151674264,1.9847162990258416,2.1699431834698943,2.353390594394905,2.6342230698686873,2.760999718455736
slow:short,10.466703320999791,1.7401343486153855,1.8138820348350135,2.022499733373915,2.2038176366396924,2.3811770568076676,2.658485257702083,2.8030753893963456
slow:short,11.11626487364247,1.7815784927201395,1.8500288929373188,2.0602208762293026,2.2366616491810882,2.408498504710587,2.6867235782340844,2.8082327361828874
slow:short,11.806138088680799,1.8162111136756693,1.8895897545442106,2.09643512782884,2.269532594276994,2.437499209398681,2.712616262008859,2.8413527312264586
slow:short,12.538824699966618,1.8556300018418592,1.9234266749169413,2.1363901628211766,2.3028700446797785,2.468923289804004,2.7434589377862904,2.8610919503753807
slow:short,13.316981698463321,1.8781963543672375,1.9597024925920357,2.173969510381284,2.3374254703433555,2.502705148745057,2.7820156007201513,2.8978666239198194
slow:short,14.143430967471712,1.904835469048974,1.99392064534703,2.211109282429588,2.373123508398916,2.540052610546923,2.811213478879407,2.9321723734151064
slow:short,15.021169515816068,1.9304629740651063,2.0175893231729667,2.2496973423362725,2.4078112674207377,2.5795039990960453,2.854766996260391,2.9691976152425315
slow:short,15.953380346099765,1.9550952267881052,2.0400014389397993,2.283850081020831,2.445747104476902,2.6181603362034864,2.8934444100909276,3.012352639865829
slow:short,16.94344399744265,1.9604322004543384,2.0667930416188494,2.317315163757657,2.4894903002013233,2.6587440360685646,2.9368293291984164,3.0558172274068016
slow:short,17.994950804558478,1.960384388482451,2.0846931992638953,2.3552082267220635,2.528195313943403,2.6983427993764626,2.9939551639658695,3.1083759693624162
slow:short,19.11171391762827,1.9555292148602936,2.0955784293716055,2.392934367188196,2.568879009008067,2.7446383783397676,3.0448755209525777,3.162688080951165
slow:short,20.297783130184442,1.9553249957349106,2.1093744317419953,2.425743428242351,2.6137080375419663,2.7949920991907016,3.1056232429162582,3.215297339393691
slow:short,21.557459565150744,1.964400134729304,2.1213170641735997,2.4628231464076644,2.6568536891111396,2.845864655756154,3.1575046920402285,3.2720460048776907
slow:short,22.89531127229491,1.9545577799257356,2.1187495448287406,2.4985202601122642,2.704502577707954,2.898896098551883,3.2158779110967237,3.335549320366617
slow:short,24.316189793656182,1.9569511873782905,2.1304212121689647,2.5374796502352273,2.750133674155299,2.9559381835690477,3.2823570096906582,3.413010149064971
slow:short,25.825247757020012,1.969736744605326,2.135829877614563,2.575670951691748,2.7960737871495924,3.009575773097123,3.352719738296725,3.4844883170307024
slow:short,27.427957561240333,1.9787205980287137,2.1463304292097227,2.6108471052584274,2.842155785832725,3.0690699576967435,3.419442024101183,3.5571896193226693
slow:short,29.13013122116929,1.9899818211231046,2.1654883756461674,2.643425058489173,2.892716693978352,3.1257580278478962,3.4894317437582143,3.641153014030507
slow:short,30.937941444159375,2.037420295379389,2.182898023969633,2.6759357566208286,2.94135574820473,3.1852825046269846,3.556507148292728,3.720321735222538
slow:short,32.85794401456916,2.068878720739989,2.20599043370998,2.7114679587772015,2.9949465255553926,3.242789383706709,3.6359001851424573,3.801830576635013
slow:short,34.897101567447145,2.0804551828171305,2.2220053093998224,2.7488331593481177,3.0413713203464123,3.3067675096723828,3.7103899554385946,3.8700771029333367
slow:short,37.06280883760554,2.097660762729446,2.2402863430423072,2.7874139771901096,3.0936697178880683,3.3698762435050136,3.787789614423547,3.929744997157587
slow:short,39.36291947564684,2.131307920063535,2.2714534098065857,2.8231703971224915,3.1450957730845848,3.4347179598405986,3.866656316525819,4.020332383068429
slow:short,41.805774528187634,2.159745973123521,2.308596040396519,2.8589083471508108,3.194673840995141,3.5013688282689905,3.9468578362695146,4.1170633221636175
slow:short,44.40023268555952,2.18057510385752,2.3422434746967564,2.89289836746545,3.2538178857011477,3.5679055201479164,4.041680461321343,4.223091440681788
slow:short,47.15570240667638,2.1879539242922017,2.372395967055986,2.936855105605809,3.3035286966019712,3.638444857136512,4.134664952974147,4.3065301892958905
slow:short,50.08217603756468,2.2145827184406905,2.4101616479307695,2.9788099749624406,3.363438519626052,3.706320255580132,4.219271161588582,4.406778082048796
slow:short,53.19026604728295,2.233020735205144,2.425161085444451,3.020624328601923,3.419902830801208,3.778525795750271,4.318719151142938,4.491595581068959
slow:short,56.4912435126354,2.286061087840451,2.4579463470950254,3.065808012019117,3.4829435803881434,3.860144304084632,4.405874310564419,4.589647415113175
slow:short,59.99707899123938,2.331874845376464,2.513556933380925,3.1127831545583264,3.543293044605579,3.938030158971732,4.50479238252254,4.691344455882637
slow:short,63.72048593116707,2.4043569290915143,2.5603960810976614,3.172905374670205,3.6103952070800767,4.006977654039576,4.598044975272044,4.806618181425424
slow:short,67.6749667745814,2.4613139649853593,2.6302477502016397,3.226224605272544,3.678206879902051,4.088305038620189,4.692293299106877,4.941129826606826
slow:short,71.87486192255429,2.5440506981287903,2.7015307305132112,3.2935413643691396,3.7483742145949677,4.159182932714851,4.79701296972925,5.015603695580848
slow:short,76.33540173863202,2.594173899270415,2.7695022028026535,3.3628970189476526,3.8091361082163244,4.234472509118564,4.891695660563243,5.122927653269053
slow:short,81.07276177973158,2.6626943248934376,2.835589301461977,3.427854542328217,3.8755301661844292,4.303770995609705,5.003136564018476,5.244370076991619
slow:short,86.10412145465567,2.7300043309356865,2.9023658535667267,3.506795693237959,3.9475962462190073,4.38120801153665,5.094570864343504,5.338449719272592
slow:short,91.44772632294361,2.799587458051827,2.96541041664163,3.5645855405945746,4.007791710016545,4.457302427131511,5.227860805636652,5.4521321982800215
slow:short,97.1229542599766,2.8476354076077137,3.0088239645109818,3.6197686159321147,4.060302213461036,4.5361802982854496,5.354890144020387,5.621241974033081
slow:short,103.15038572827659,2.894532266771059,3.0594134162754885,3.661163416888167,4.121085167762205,4.623404543146098,5.495896657926104,5.866854827980616
slow:short,109.55187840982805,2.9049555756783785,3.073119904155572,3.6904231456613448,4.162479090586135,4.715100211958205,5.661519674418587,6.039491778135371
slow:short,116.35064647006696,2.886040168058921,3.083911369085734,3.702992597692581,4.202932619408777,4.79543155583763,5.847807512210917,6.2036667494191615
slow:short,123.57134474097744,2.8826182386930723,3.0699818686611344,3.679598980972213,4.237535855157306,4.897212631037875,6.024598270859851,6.491468609743961
slow:short,131.2401581285748,2.8709157886071623,3.052635401638181,3.668991834904684,4.251196114406749,4.999720467809336,6.2156426103163565,6.700458575035726
slow:short,139.3848965689995,2.868264849818521,3.04118205995213,3.6393540036106082,4.253098179398037,5.1105371912534405,6.416971800182763,6.933208679259252
slow:short,148.03509587756747,2.868916731419678,3.0257416017820087,3.5896924970260797,4.271921322641031,5.251545556710537,6.572753412872352,7.105001310086415
slow:short,157.22212485649294,2.8418974129427568,2.9921860409860437,3.5534512898137143,4.298147638537737,5.443961707378623,6.759498664763162,7.367826725532796
slow:short,166.9792990496953,2.803506130498807,2.9560138563885348,3.5279735701636574,4.28811355890862,5.651436717217048,6.990767620830787,7.523547010347803
slow:short,177.34200155720706,2.8201551492887447,2.960530732870524,3.5292249400926883,4.331838027889314,5.889469826125242,7.21874953457644,7.797194415677928
slow:short,188.34781134730017,2.8563164338247,3.012532941161487,3.5874213002072364,4.49008121286819,6.159636710738969,7.494941810557574,8.082931781765353
slow:short,200.0366395316378,2.8840410247712964,3.0263163606518764,3.755647153166784,4.829789471773095,6.4131068163286145,7.8347755501623695,8.421651864790812
slow:short,212.45087409763514,2.895642517149845,3.0443585003496825,3.9762303174631057,5.340938096316297,6.6999181831759556,8.178151011891968,8.652917286401728
slow:short,225.6355336228819,2.9577041998391667,3.1683565658967874,4.472178281140904,5.897331403913414,7.047699182311199,8.599991876599868,8.994369961307234
slow:short,239.63843052905298,3.262257704405858,3.5467156906067627,5.192329264057369,6.46528852183972,7.493222509393369,9.06235028386239,9.521283547235564
slow:short,254.51034446732228,3.9203367837829783,4.3491709236740315,5.9895419833901276,7.0649453790391625,8.02645611113002,9.644080799112821,10.243147632505542
slow:short,270.30520646404364,4.9653987437249585,5.332900477676958,6.790495366916878,7.749968306374829,8.82018384826208,10.480877703968988,11.103087074708762
slow:short,287.0802944944754,5.870708947615151,6.272401332843685,7.573307094431914,8.623380419147054,9.811271844836995,11.776760830654634,12.51308653019676
slow:short,304.89644119377215,6.374044360727129,6.861356549222291,8.414525908898355,9.700214631454033,11.155885200916769,13.546096683275977,14.400559917435894
slow:short,323.8182544584798,6.607319020734977,7.115721386608307,9.129868339698113,11.01683249289669,12.89961533396806,16.253565410504745,17.36290851418571
slow:short,343.9143517385163,6.763824785671071,7.326342900320031,9.735938187350845,12.34234477444203,15.175155130855066,19.932043063409548,21.69774473071623
slow:short,365.25760886926605,6.909431625278,7.489781459370462,10.319708184311303,13.769352886610818,17.992600996373554,25.023840887427482,27.72885192331679
slow:short,387.92542434614626,7.00987979628748,7.640052498008778,10.846576981487335,15.410430348695428,21.115085292094548,31.95957491874942,35.594411336015064
slow:short,412.0000000000001,7.076024921637557,7.82272152484478,11.403297015639069,17.23932388770414,25.02983788454233,40.75271316257179,46.74206428036935
