abundance_by_bin_width,fg,mean,sd,q025,q05,q25,q50,q75,q95,q975
0.01,fg1,0.012005319174369769,0.0024806393431797713,0.007903634793138608,0.008414282990701676,0.010242876398226988,0.011790403935271879,0.013442940034290512,0.016573284794575045,0.017426888129508135
0.011748975549395297,fg1,0.013571187136141537,0.00276712320182163,0.009038088948343832,0.009588328343115817,0.011650795604990733,0.01328595823729592,0.01513492708307822,0.018720201769047023,0.019956792276401507
0.013803842646028852,fg1,0.015176474615364926,0.0031019131523345287,0.010136291888639388,0.010785573629049104,0.012885344346828975,0.014856063483236263,0.01691718616876601,0.020836755230948658,0.022180935965976457
0.0162181009735893,fg1,0.016939234416484365,0.0034455858012454234,0.011300416528552947,0.011975537543271015,0.014496687781754235,0.01655037578815454,0.01902157488107995,0.023034369755058064,0.024272980110172867
0.019054607179632473,fg1,0.019204572967472206,0.003881840552363384,0.012731800283167352,0.013664379508212109,0.016551905494022447,0.018713046318155832,0.02145117192152851,0.02609269668160077,0.02811871231974085
0.0223872113856834,fg1,0.021409466801309014,0.00430159413159422,0.014210465763576933,0.015123232701585321,0.018298334958452647,0.02101597753028884,0.023951047913677206,0.029117210861510284,0.031163475193750106
0.026302679918953815,fg1,0.023954873333305485,0.004740134114381348,0.016097440995999714,0.017034864033519295,0.020644006961486307,0.02352218582078504,0.026644053221970256,0.03230959388246022,0.03470947324431705
0.030902954325135904,fg1,0.02698142672591799,0.005429918256197008,0.01795751474998643,0.01913518889954097,0.02318921074567248,0.026405733591704818,0.030119982774011858,0.03669170539114534,0.03940254335882224
0.03630780547701014,fg1,0.030304245313455477,0.006035291046297701,0.020056959503673914,0.021920792851334175,0.02601916247064049,0.029631793268601686,0.033849635448306964,0.041245172380145856,0.04379285000711787
0.04265795188015928,fg1,0.03391423859346535,0.006613372100658932,0.022858907216467463,0.02418883235722239,0.029169974894503955,0.03335304154188935,0.03806839425411646,0.04554340219997405,0.04827870881765803
0.05011872336272725,fg1,0.03832643927918435,0.007539560304776566,0.025708212504427026,0.02704651539057186,0.03304371940282709,0.03752821665742753,0.04289271721185736,0.05171846498683264,0.05539547849983884
0.0588843655355589,fg1,0.04276547648815491,0.008288760585434422,0.02828946998620656,0.030681593936274596,0.03697001749318106,0.04205249329594733,0.04759549940295099,0.057706481356965315,0.06117695309466817
0.06918309709189366,fg1,0.047889468715070584,0.009355663310861491,0.031794697155083054,0.03425734509269909,0.041089917185552105,0.04695778642102229,0.05363566153222333,0.06458206132520579,0.069095363221023
0.08128305161640995,fg1,0.05381598956266505,0.01024140627111455,0.03641560855085301,0.03882388597237262,0.04674355654329497,0.052847252192148655,0.06004767855727265,0.07215837573721554,0.07693514812959874
0.09549925860214359,fg1,0.060414570570347784,0.011562526082914647,0.040884702599861746,0.0437062777345156,0.05236372813665049,0.059195711775395204,0.06720441031059925,0.08107839606768763,0.08679001817174052
0.11220184543019636,fg1,0.06791584213235405,0.012982176790168658,0.0460446176727899,0.049020206337858696,0.058675378678853606,0.06686621488747094,0.07586359809613072,0.09106398542731828,0.09652950040479004
0.13182567385564073,fg1,0.07588930608243447,0.014631408477150023,0.05115926352705934,0.05443455428825336,0.06595130514744775,0.07437978766810982,0.08440353585074649,0.1017812348014733,0.1091813436317586
0.1548816618912482,fg1,0.08517758885650561,0.016188110728834353,0.0575652334405251,0.06104108455030416,0.07398638316202415,0.08347742989448761,0.09465909606710604,0.11393596529498791,0.1205834886417244
0.18197008586099844,fg1,0.09608907091985454,0.018743779451657887,0.06399373639001965,0.06872105423928883,0.08287823284148708,0.09463591166369273,0.1074473726449856,0.1290199032648023,0.13719610409878358
0.21379620895022325,fg1,0.1074422917978095,0.020110556494299228,0.07295656906897123,0.07744817921684585,0.09354424883317682,0.10570180881106797,0.11883982773612671,0.14320459930107246,0.15318267054183982
0.25118864315095807,fg1,0.12132533575379098,0.022965549079708648,0.0829213206017749,0.08761332049542903,0.10487758926002705,0.11883866170474948,0.135133882150674,0.16256578311932113,0.17198471301260498
0.2951209226666387,fg1,0.13490789312242163,0.025152519345488084,0.09187733889477527,0.09794508593483112,0.11702681198705231,0.1329323594522243,0.15020961179376824,0.17903308381745048,0.19217054737708406
0.34673685045253166,fg1,0.15191806282899947,0.027821656303817045,0.10529352005226653,0.11147507474680061,0.13291890065743506,0.14913102837907743,0.1678820789675181,0.20117978704892953,0.2146526336028091
0.40738027780411284,fg1,0.17009170518254343,0.031060441315171026,0.1157660655206786,0.12351609325784603,0.14836843509570355,0.16786520507579444,0.1890615224631069,0.22636163079299781,0.23866104214144557
0.47863009232263853,fg1,0.1912349231263845,0.035541804049982376,0.13214046649343322,0.13956497314581803,0.166856906030882,0.18797422542428682,0.21223272828262085,0.254168203690439,0.2689962627629824
0.5623413251903494,fg1,0.21469417644229924,0.03999741889755438,0.14645500733049216,0.15579275342943916,0.1866104610735197,0.21139797400538207,0.23821680921811328,0.2844706830987404,0.3043074663071092
0.6606934480075964,fg1,0.24239178512842857,0.045330020250192726,0.16561368597672615,0.17597435159542035,0.21041242008164757,0.23946329839423502,0.26972282611575465,0.3203332661777408,0.3424619304355988
0.776247116628692,fg1,0.2713587156389104,0.05115336825987319,0.18676711694145703,0.19884422392620238,0.2355458783128203,0.265345943049333,0.30071174788929655,0.36587596102980346,0.3863993794782202
0.9120108393559101,fg1,0.3043062308402917,0.055409401258099664,0.21026367134078275,0.22214127933236075,0.2653343219107226,0.299555032353508,0.3372420483797245,0.4006898117636852,0.4247205761152991
1.071519305237607,fg1,0.3410021817010875,0.06413990360386944,0.23498624844651306,0.25015169978953433,0.29475827010488326,0.3336773223962394,0.38067069583696744,0.45256559056113776,0.4810318965097209
1.2589254117941675,fg1,0.38327771142912787,0.07101760071250858,0.2631588211285101,0.2776257500065286,0.33312026989220006,0.3764035033822546,0.42820515252952984,0.5071555030554927,0.5371339404996721
1.4791083881682088,fg1,0.4294140495343106,0.07878029993584584,0.2968294428061902,0.31617221170032844,0.37571544154952696,0.421817461387662,0.47776693136763493,0.5667901136637954,0.6047899589816107
1.7378008287493762,fg1,0.4820094512351061,0.08826198954733525,0.3341850632639207,0.35213086143440914,0.41824367093571363,0.47560376727152287,0.5350650696108116,0.6388927094825185,0.6790721346466728
2.0417379446695296,fg1,0.5423195373069291,0.09675572325798387,0.3780012230624527,0.3962383555311282,0.4746382661902781,0.5338475784167395,0.6005087884493845,0.7132531428733904,0.755642212528618
2.398832919019492,fg1,0.6052186244473733,0.10750766066074485,0.41934177171203163,0.44635750964566623,0.5311344152391932,0.5942168525199241,0.6705210488196773,0.7922826542924692,0.8419333934000491
2.818382931264455,fg1,0.681726832596688,0.12501324922162052,0.47137382212639206,0.49973290898965067,0.5929895481935307,0.6714345487172473,0.7561133949446744,0.9000997940297646,0.9629246910854651
3.3113112148259143,fg1,0.7621189335889018,0.13940879915335158,0.5320291242279743,0.5608416568213505,0.6634727993312091,0.7484887851728621,0.8431418604362786,1.0155225404002695,1.0791135393682563
3.890451449942809,fg1,0.8666593657822759,0.15858472420906147,0.609294093496361,0.6404087133259944,0.7529529512743882,0.8505691982551222,0.9634048943683617,1.1523435026652367,1.222269789871244
4.570881896148752,fg1,0.9608768220219303,0.1725273800365484,0.6665460293979258,0.7058756033716388,0.8401571715161932,0.9458112502209565,1.0665119582733515,1.2693502968344945,1.3372128454362744
5.370317963702533,fg1,1.083622016668496,0.19570901116234699,0.7511478067592647,0.7928628362074188,0.9485119699822446,1.0659445479988523,1.1966590800035373,1.4297805346079713,1.5129129697044124
6.309573444801936,fg1,1.2198839168983096,0.21492172313718358,0.8533119258031455,0.9061452911029356,1.0647900504337477,1.2050551584096154,1.349684803150419,1.5921860878727714,1.696847694399233
7.413102413009177,fg1,1.3660005622352667,0.2411189428283646,0.9488362766441907,1.0035796799131214,1.1974032936727674,1.348797554528422,1.515941598037645,1.7915036278603909,1.8934580589556167
8.709635899560814,fg1,1.528993100077473,0.26697241185216386,1.0600710244745262,1.130624027058297,1.3443293460543562,1.5051652674055722,1.6966026450440042,2.005177624803673,2.1054210734565686
10.232929922807546,fg1,1.7095592395861448,0.2976215102916949,1.186787110412643,1.268853159762749,1.5017524903172428,1.683634095628242,1.8959695896154116,2.2404799887186537,2.350546287250281
12.02264434617413,fg1,1.9196691604001377,0.3439958798376801,1.3301260581382954,1.410153176588136,1.6812759233817098,1.8866029855791497,2.121605108763595,2.5267406637969083,2.7106952474724366
14.125375446227554,fg1,2.1527745988277696,0.37849509338284554,1.517039881562734,1.5966160824038902,1.8895540208442827,2.115121739557089,2.377491029047911,2.8217976924363146,2.9816016468436133
16.595869074375614,fg1,2.4333173529713066,0.43780688545127494,1.6782347032490956,1.8003245541676514,2.1274905169800493,2.3913023381801057,2.6912724729481816,3.2014904526512438,3.3874031981419006
19.498445997580475,fg1,2.722123318232581,0.4796710257162797,1.9146786339910111,2.0093206044034058,2.3741294236058224,2.689882881211208,3.011231218424003,3.5936779276740713,3.7982736805026094
22.90867652767775,fg1,3.0573852277366433,0.5381060033804461,2.133080359904596,2.2515853820349934,2.681581178914293,3.003775367886634,3.3974396876314286,4.00054753409948,4.187771130418809
26.915348039269166,fg1,3.432514136365082,0.6071775033320614,2.384113947910978,2.5204277677339224,2.9980588471207423,3.386684209607988,3.814711705036202,4.53308069581891,4.7584309478271205
31.622776601683825,fg1,3.843219722752174,0.6736399697145076,2.6996200294165975,2.8502643788824,3.3637272994064826,3.7937100338145076,4.261037904531737,5.0087239944139466,5.297750383993886
37.15352290971728,fg1,4.336344897695797,0.7735204615564314,3.0014959823124387,3.1978092366445368,3.787919214495418,4.259621296097916,4.814514970649802,5.731798290297965,6.059664550526665
43.651583224016655,fg1,4.869340745897739,0.8651655893654714,3.413501734285084,3.5820227625366243,4.259752916708571,4.808560789143527,5.415749483921708,6.409872487410271,6.742454200274756
51.28613839913653,fg1,5.4253137778308425,0.9583493991556663,3.8190307898763716,4.045205118533384,4.74556268600471,5.347716494990676,5.994998842592686,7.17075674393116,7.518174076700089
60.25595860743581,fg1,6.134334102675381,1.104659643982601,4.258466886201943,4.5392298591746405,5.38009838360569,6.0310386492676225,6.782498846168367,8.109055737737418,8.568562435370316
70.79457843841388,fg1,6.853933082386119,1.1847781174584524,4.88069284272406,5.138768676140387,6.022847281566273,6.725077088115807,7.60017436692242,8.897655638293342,9.50575201969913
83.17637711026717,fg1,7.634735524884495,1.3312555506178312,5.39390447985027,5.653657998515078,6.6713351689065155,7.528556770054728,8.469957464263441,10.012697921489705,10.540203937739747
97.72372209558111,fg1,8.595775155313953,1.497556682551906,6.086119382817536,6.368641240645109,7.558097177924477,8.466633511372697,9.518101676418599,11.20920943104835,11.767469187396825
114.81536214968841,fg1,9.685425075009746,1.7197444572658218,6.837708904130511,7.17056657644142,8.472345108095706,9.528529920594632,10.714395340273702,12.681227654408202,13.462951364701786
134.8962882591656,fg1,10.89579889915109,1.9617562587033541,7.50685725960633,7.983934116580411,9.533269520956033,10.699347903257786,12.073252483627668,14.400227050155046,15.341073074197588
158.48931924611142,fg1,12.274647944343286,2.1213571511470493,8.567296090441157,9.11808749778188,10.787071120492234,12.134989157769706,13.526656564205666,16.044574034844604,16.923138530548577
186.20871366628694,fg1,13.663298085989236,2.421659108696669,9.412616033109934,10.040923739385029,11.980688285548927,13.497787850197852,15.1434540601568,17.984923070607856,18.921154815742824
218.77616239495563,fg1,15.469850160566674,2.8020681337088647,10.500536023762637,11.221049452177148,13.524896251671665,15.21446263884088,17.14501794748416,20.487506671941354,21.566189331458272
257.03957827688646,fg1,17.26883372856302,3.1003002938310686,11.977070586436255,12.642902217790592,15.032572878918435,17.005120687738646,19.152469020232406,22.752555261516676,23.994050447245847
301.9951720402019,fg1,19.418053588837996,3.415758242503359,13.679674474185372,14.441345931627609,16.96343736163592,19.11757584104418,21.603354967594967,25.29257538981983,26.775828407333957
354.81338923357606,fg1,21.747639830205348,3.9246350082977957,15.047811437178442,15.909818891180374,18.995950687507626,21.409154464561677,24.06866746521112,28.889535933770034,30.55962767355175
416.8693834703355,fg1,24.506200673218775,4.398728847209063,16.879079990890958,18.004010476975893,21.473525800863875,24.138365817638327,27.114863061688457,32.33040030263694,34.35175644505414
489.77881936844665,fg1,27.2836004911564,4.919200443222062,18.79820353011645,20.11044473060941,23.93695071185502,26.74174655385132,30.214745826756243,35.95861234876215,38.47702939827764
575.4399373371579,fg1,30.684461458098266,5.5827876383239134,21.585099998420592,22.611353896857565,26.69366313217332,30.09812811254593,33.97868260283144,40.48771360749396,42.542159135595426
676.0829753919819,fg1,34.671773748142414,6.168408059081966,23.77344074849628,25.267099275176776,30.45917580383919,34.299567990201595,38.39268155626532,45.7514229854058,47.96016853721547
794.3282347242822,fg1,38.70045239556025,7.000622691116495,26.52827113290025,28.34310059910798,33.691923038461546,38.14157713706116,42.994562843968104,51.19295130616302,54.30867683035604
933.2543007969924,fg1,43.79272980110534,7.906568588798828,30.33554867378606,32.20009214797552,38.104521614711295,43.171362557504935,48.5332250538238,57.983631705445575,61.42429738206909
1096.4781961431872,fg1,48.812106495334476,8.68350422279446,33.863023830296356,35.874348503663576,42.72749766094547,48.07589374876625,54.17686168516315,63.81184980924664,67.27008370627064
1288.249551693135,fg1,55.042470506487795,9.856582571724024,38.43610071652105,40.50042513127896,48.149820328165305,54.31727645947217,60.940049846190945,72.36269155285808,76.48702175251007
1513.5612484362102,fg1,61.35224635340962,10.82766143440213,42.90868342280774,45.66873058197405,53.8360402729372,60.32579230760134,67.86191672715711,81.2451281413982,85.89054509202748
1778.2794100389265,fg1,69.5122688401282,12.803249978553923,47.87834241707159,50.901013116644684,60.598844974954616,68.50757341187372,77.09831142472203,91.7622208809997,97.71505489652546
2089.2961308540407,fg1,77.78003399215756,14.212418264130468,53.51823967847445,56.8413252650353,67.78275457645333,76.67699124232539,86.26677409490091,103.58386053989967,108.74706854941904
2454.7089156850334,fg1,87.19361251413414,15.922441431691333,59.71733880635973,63.90405316454788,76.14352133974519,86.0280891227321,97.062132541393,115.53560834537012,122.4873228662584
2884.031503126612,fg1,97.54472675548679,17.892507250323156,66.06138361534234,70.49515542473091,84.6349618749456,96.20723473551922,109.09742951246963,128.00082245674443,135.8448799143369
3388.4415613920273,fg1,109.89247192539462,19.697295372561754,76.66660439918194,80.69100134693424,95.63351306005164,108.17387312480719,122.08935855509282,145.29058973912046,151.91554504460504
3981.0717055349774,fg1,123.37147025773213,22.788549817160966,85.26131982869725,90.22259438202323,107.09465617351239,121.3065502536773,136.42096924456456,164.23118096829762,173.95044439989363
4677.351412871991,fg1,138.1687926572422,25.7623912629445,94.74629185620651,99.67818648028572,119.72624641750737,136.44950982262475,153.5890544245521,183.52705837697783,194.1090775593904
5495.408738576249,fg1,155.06400863134118,29.0451220662447,108.10964249011434,113.21673854227916,134.46816659257073,152.3103514804115,172.695549646703,207.35108702280502,219.11689251923315
6456.542290346562,fg1,173.92589106346307,32.380703584473764,119.16625096144986,126.52708607830888,151.89336981989837,171.13190659342166,192.69013176546014,232.42756591874067,247.74761369997972
7585.775750291851,fg1,196.55208305092427,37.239411773888065,134.44049642816364,140.7518370808462,170.39375822974603,193.0018754084718,219.30603204865727,262.9796240173262,279.5724282810208
8912.509381337459,fg1,219.4083698934948,41.11695519814184,149.18983559157698,159.82782877106118,190.51442764975448,215.679825227878,244.18482967435986,290.8246820239324,313.0868569394054
10471.285480509006,fg1,246.42955448504594,47.060231995028424,168.91985821730668,179.2643981838217,212.92403625612985,241.4307117006589,274.88195927734193,328.87549561052896,348.41192910630957
12302.687708123836,fg1,275.51719846335715,51.61623033930731,189.1597377139122,200.21243621974074,238.850484974993,270.78523322324025,307.1518037341999,367.3650391498343,388.17615827696426
14454.39770745928,fg1,311.7727913404323,59.55817815476826,213.86864606219837,224.05962277533607,269.5498539250689,307.3081627214524,347.0073613493565,419.7093364003683,442.48603133506987
16982.43652461746,fg1,348.7840492720714,65.45646369351124,238.59782068543657,251.45998332464794,302.81792565967993,342.95029146476895,389.21053434470457,466.7710936733732,492.20437080782216
19952.62314968883,fg1,390.19263469995184,74.23255758565807,267.7300793031785,283.9285749800833,337.333540125622,382.44717653409816,435.9032511435622,524.1161210808095,554.6611855369583
23442.288153199275,fg1,438.3430968569964,85.28339885655896,298.1056575066807,315.04298595431055,378.88132949492507,428.7669487347505,488.7359764439198,593.1780019018939,639.459666729344
27542.28703338169,fg1,493.1044094505166,94.8096340497178,330.3555208997621,352.75436366832395,427.800572279895,484.140834884901,550.8843255337687,661.7085258031957,701.5387310024621
32359.365692962878,fg1,553.4854974284694,106.17537594687236,371.74415281185446,396.6474166830661,478.94994626161315,544.4428848536556,618.3733577582027,739.6702451750708,784.7344826452174
38018.9396320562,fg1,622.9259607021197,122.9900953218402,416.8667131496826,444.03314933549177,535.4684432706466,612.0932502109013,695.0484547807728,841.9303417556619,900.5239621383673
44668.359215096345,fg1,696.1283427873252,136.45918819583113,464.3414013983633,498.9786255020505,601.5057868940221,682.6576600809803,777.0192322873935,939.5216277266301,999.2805442540391
52480.746024977336,fg1,785.7433331316827,156.63094704147377,527.0780749268649,562.8479060536732,677.3166546350682,766.4221179876625,875.8359290549243,1067.867808344309,1129.0118487530299
61659.50018614835,fg1,880.8852246036515,175.59930455715852,591.8885189881754,628.9312317288045,756.9158864299243,864.6726470638514,983.0564569094493,1200.111950182296,1273.1708034885462
72443.59600749906,fg1,992.6826028939921,197.7290255602744,665.350533666848,701.1570913929106,851.2798149432169,974.542664510079,1114.7572999973547,1340.535954611022,1443.9692201664789
85113.80382023776,fg1,1103.810948260868,217.14850230637168,737.8756045677579,781.6872052088706,950.1165081126261,1084.7170763652111,1233.8935834574752,1486.825787566002,1571.937166076991
100000,fg1,1238.7558893469538,242.72850308528058,836.5431874257914,886.4392462940227,1066.9107525512345,1214.4419120126302,1377.5927030222108,1683.275834309907,1801.2150036053413
0.01,fg2,0.00868492142060972,0.0017862174099682285,0.005789344466004285,0.006123465446535784,0.007407905912638432,0.00848557701999986,0.009751368873529596,0.011923963680861207,0.012605426838053537
0.011748975549395297,fg2,0.009770690536152076,0.0020082966027620336,0.006417293488511072,0.006952332007354094,0.008358802041535886,0.00957885168581926,0.010893286301872737,0.013420976442557273,0.014307520164350038
0.013803842646028852,fg2,0.010977661817518502,0.002261393522161145,0.007313977851049529,0.00777245088558801,0.009380331692867998,0.010722451986459172,0.012319057299157183,0.014981034344752092,0.0160502673939038
0.0162181009735893,fg2,0.01239608445408249,0.0025241403280274214,0.008223167261862029,0.008774014452775512,0.010632696081004723,0.012123320918579705,0.01381094361194464,0.017079565896036982,0.017988216225023605
0.019054607179632473,fg2,0.013968484663656576,0.0028553190533197035,0.00921460207033141,0.009819185524990287,0.011940723362418762,0.013651889807142895,0.015706584059326834,0.018996892727761058,0.020456320641101613
0.0223872113856834,fg2,0.015767857478528505,0.0031256917330708994,0.010549522341738284,0.011197261746093087,0.013538970390401054,0.015423507396089487,0.0176673664976229,0.02142374435454029,0.022723515429080163
0.026302679918953815,fg2,0.017811689658641727,0.0036355592561674176,0.011733716945654993,0.012484152926923564,0.015351309933008359,0.01749380540044524,0.020008240336201827,0.02409948623375586,0.02589846874793602
0.030902954325135904,fg2,0.01997115548744551,0.0040566625737371124,0.013111764573858415,0.014049024268167407,0.017083745280195357,0.01966379678074218,0.02241245516100383,0.027297694341829593,0.02892297653615723
0.03630780547701014,fg2,0.022462512872847666,0.004474607242319552,0.014908427595166482,0.01589147020064942,0.019177050912703636,0.022117341812014316,0.025188048418252947,0.03041724903931175,0.03259649164571626
0.04265795188015928,fg2,0.025286730253084998,0.005111020574266274,0.016840378117011556,0.017936103613992505,0.021671140776468045,0.024757344953236143,0.028332219340815642,0.034513921330921245,0.03693960960034481
0.05011872336272725,fg2,0.028543866165906807,0.005658463475998404,0.01890760919908859,0.020149147006449687,0.024601706942654143,0.0279888679241576,0.03180570464874974,0.03852375601699346,0.04107243308723341
0.0588843655355589,fg2,0.032274788821914945,0.006331921121713868,0.021789242485024247,0.02309521415044936,0.027747946637973482,0.03156861554121469,0.035997780363159385,0.04389363259848483,0.04669620169734596
0.06918309709189366,fg2,0.03633864825856334,0.007147881720072758,0.024419338687728793,0.0259018178027166,0.031312763123632,0.03572244346234375,0.04063651106617033,0.04931000900906442,0.052711911860924165
0.08128305161640995,fg2,0.040753043927046255,0.007913991950914773,0.027585266623293546,0.02926151353395401,0.035144294817496716,0.03986671529055003,0.04516739813825738,0.05503611035441558,0.05879729158514875
0.09549925860214359,fg2,0.046105766058810234,0.008929140571729026,0.030263682012253497,0.0324655818347168,0.03980179106258246,0.045512240738124043,0.05166660655471057,0.06180452898996182,0.0652778108090923
0.11220184543019636,fg2,0.052086424753133034,0.010117832288826373,0.03488746214093061,0.03719738221203469,0.045139734755266545,0.051358925777130665,0.058088804345880374,0.06970971137028624,0.07465385173134388
0.13182567385564073,fg2,0.05823478490850835,0.011188387456167804,0.04006884995090998,0.04198144928088341,0.050083628329106455,0.05728327751627853,0.06493645542293607,0.0779251922279612,0.08309656721946124
0.1548816618912482,fg2,0.06608610490239944,0.012575142002509332,0.04456542554426301,0.047795962680439376,0.05720192468260919,0.064923914909370245,0.07402545352321617,0.08832309596607567,0.09476239412013511
0.18197008586099844,fg2,0.07443492227807375,0.014466084817159457,0.0505637191220382,0.05337619310243003,0.06390751342870712,0.07300364045058197,0.08331180060785952,0.09987745110011448,0.10611311815140315
0.21379620895022325,fg2,0.08387362174978799,0.015845794476457353,0.0570888417953711,0.06071764328222692,0.0724336130698331,0.08249918808777695,0.09365138138067756,0.11218277686138306,0.11889389002561081
0.25118864315095807,fg2,0.09432759254421486,0.017917833873067904,0.06380792400055316,0.06835778737723788,0.08180583323940598,0.09288839138674718,0.10474934446572291,0.12692899572420252,0.13520846787834104
0.2951209226666387,fg2,0.10684078204641319,0.02036751208314519,0.07335205839579932,0.07675030543653918,0.09274164437367113,0.10468459646334378,0.11903641870579021,0.14281819400098425,0.1530547150022735
0.34673685045253166,fg2,0.1199138476855563,0.022258101177131437,0.08342085480225316,0.08790809218824751,0.10367928858290901,0.11774723963870337,0.13361072861424209,0.16013708408179694,0.1696797913045452
0.40738027780411284,fg2,0.1350486540914855,0.025913433219364613,0.0910513915162395,0.0972307431836122,0.11746657200745575,0.13234642912734035,0.15064503283903324,0.18175989314852367,0.19175769860650832
0.47863009232263853,fg2,0.1523573690100044,0.0281186004693665,0.10597876701580866,0.1111405671818324,0.13243534736475762,0.14944634188768574,0.16910821931482228,0.20356860034755442,0.2162381932763232
0.5623413251903494,fg2,0.17241580936302267,0.032348716025048053,0.11605345831560612,0.12366489276300358,0.14961386571977398,0.17015238066794508,0.19245370014695282,0.2286729271896575,0.2439566526211466
0.6606934480075964,fg2,0.1932440255825283,0.03645434523106573,0.1313809997752993,0.14018567859445225,0.16723048453675599,0.18942170234254324,0.2165803476043698,0.2595100140566238,0.2759784179849915
0.776247116628692,fg2,0.21786852006966206,0.03979299433546285,0.15015115037685065,0.15711383590975916,0.19032820338467268,0.21429373929139295,0.24310082185327045,0.287831988217386,0.3041043624615613
0.9120108393559101,fg2,0.24560552738818853,0.04513708223477113,0.1675497066574368,0.17831753830711417,0.21438352215579362,0.2413592768826055,0.2729718733450235,0.3252542186655463,0.34451878895727345
1.071519305237607,fg2,0.2775303541602803,0.0510116205895104,0.18976872540046003,0.20152138919731094,0.2414550442052405,0.2726939395169169,0.3079452086824992,0.3699646945971209,0.389858070473068
1.2589254117941675,fg2,0.3127456436292734,0.05733206378018072,0.21658734911384736,0.2299657860302276,0.27182002472817773,0.30704902925477373,0.3467340408253904,0.41476889445046367,0.4398248318556594
1.4791083881682088,fg2,0.35138390640832395,0.06326816706002997,0.24424848417213338,0.25894202953290363,0.3081244375443753,0.34458771677218547,0.38886105056096265,0.46824254953892025,0.49521974794934515
1.7378008287493762,fg2,0.39745231230109157,0.0727238440601919,0.2711332802286716,0.2885094742829601,0.3457822340531053,0.39216325437649047,0.44120311065709333,0.5239978730532522,0.554217576132663
2.0417379446695296,fg2,0.4486861869699485,0.08192344668502435,0.3076385254592349,0.32607533815442685,0.3909713788395641,0.4406962890338949,0.4961798046384846,0.5945161987060982,0.631348754090244
2.398832919019492,fg2,0.5022612928918289,0.09112238597155425,0.34818293894809443,0.36904201991169816,0.437900876953673,0.49326800467670184,0.5571314464236297,0.6647415031656697,0.7058889605633182
2.818382931264455,fg2,0.566260149074894,0.10358419246777498,0.3905114273250374,0.412186392301419,0.4921051688345619,0.5568100217961296,0.6278679019326971,0.7538906242292497,0.7998266740088008
3.3113112148259143,fg2,0.6397378796510275,0.11775798651198222,0.4417309788055189,0.47077472999260117,0.5555923996533858,0.6276529788804086,0.706080190747002,0.8508324584328059,0.9090201844457353
3.890451449942809,fg2,0.7174951995127159,0.12602615512706955,0.4996167450998423,0.5279504158052591,0.6297510586019883,0.7054918604211287,0.7971097648364337,0.9331771065694807,0.9910689784603725
4.570881896148752,fg2,0.8097288853109871,0.1442058587258137,0.5588085033308354,0.5946362627025741,0.7080603083227532,0.8003389880415002,0.8966311852411057,1.0592598391341925,1.1248188727837125
5.370317963702533,fg2,0.9203527954677876,0.16465881304289867,0.6409832602405175,0.6853104729239456,0.8056784073699724,0.9043783812607175,1.0174689944752455,1.222818720906864,1.295131094755233
6.309573444801936,fg2,1.0281539518461313,0.18197204855864962,0.7182243185200354,0.7639656223638879,0.9003708797251048,1.0054511317035906,1.1395817374381747,1.365078000916181,1.4434426868294679
7.413102413009177,fg2,1.1639425286402998,0.2066950683360396,0.8138263576355422,0.8615065050657893,1.0196406522597623,1.1411886141708298,1.2881206539651098,1.530109921083187,1.6361779772957536
8.709635899560814,fg2,1.3103756540957157,0.23847055199476663,0.9034635702247439,0.9587129138716283,1.1425178588183829,1.2897951998308694,1.4531050766657012,1.726101994773708,1.8379295946616943
10.232929922807546,fg2,1.4791415828919565,0.26431019138310335,1.0373709073767037,1.0944704408545274,1.293791031984932,1.4594641684537966,1.636930180133232,1.95862058893773,2.0757246589295737
12.02264434617413,fg2,1.6635305901809654,0.29393122445286374,1.1660884644935003,1.2248526273036386,1.4572879150232498,1.6416411007745768,1.8408143226792117,2.1773683465327562,2.3134303259989144
14.125375446227554,fg2,1.8773788347995166,0.3322988094620957,1.3102948548517577,1.375715866924135,1.6427897600110422,1.8534319642851431,2.076147538435763,2.4660825702955274,2.6069307543568034
16.595869074375614,fg2,2.1175701338951667,0.3794317429243336,1.4580276900001088,1.5547453228203103,1.8489006048210672,2.089064790054077,2.3596307916158876,2.7814323505083123,2.934518727569593
19.498445997580475,fg2,2.3794129329781,0.42687018164853285,1.657999794924486,1.7348688246372719,2.0840703685294613,2.3507709812964275,2.635488682044538,3.1627441365652738,3.3475526556052397
22.90867652767775,fg2,2.677002632713867,0.4643424654247604,1.8461675530571569,1.9852134329364832,2.347518762319834,2.6337829583032777,2.97620466900331,3.4647497864187593,3.6357190763956093
26.915348039269166,fg2,3.0175349290869145,0.5283471153491838,2.119795455497264,2.249223774783098,2.6497218039790993,2.969977328612742,3.3262804877308025,3.9766764984858107,4.193607321675809
31.622776601683825,fg2,3.4004027822020975,0.6098937012554752,2.352305174907086,2.498414872973408,2.9780693663634654,3.338496976157126,3.7627149181408566,4.482813953572813,4.749324008113127
37.15352290971728,fg2,3.8148193190208075,0.6634875902474305,2.6592758534684413,2.830501086984784,3.352266745416999,3.7533473567071898,4.2151660406895886,4.99319242438692,5.234488609969697
43.651583224016655,fg2,4.343897273027742,0.7677305374908856,3.0298447074541297,3.199266622652134,3.8233822426872424,4.277418878994702,4.794763141458171,5.668406986282833,6.03892733100963
51.28613839913653,fg2,4.887206076449763,0.8688871266560055,3.3575186575401625,3.5632715337452296,4.284659344028329,4.81305715068744,5.435539689234512,6.45228259108641,6.776416658868234
60.25595860743581,fg2,5.514241727960134,0.9841763955734288,3.8608929034282866,4.083664921400098,4.845387370982671,5.41822757061651,6.10343697186408,7.239296079098889,7.677590552923626
70.79457843841388,fg2,6.169868743324353,1.0701245130393195,4.315707599332989,4.592668435157292,5.42644460411782,6.066925853779246,6.833265825367108,8.049350342530317,8.457834540810406
83.17637711026717,fg2,6.963494262099653,1.2443380119956793,4.829705720227026,5.1299468769217125,6.079599404445712,6.868942318859276,7.702293953463741,9.237369232840175,9.704362211940582
97.72372209558111,fg2,7.848849854858484,1.402072341257574,5.455028356605138,5.749877060641951,6.879767977690365,7.731912167147714,8.665596038086507,10.26714140407229,10.91324562341572
114.81536214968841,fg2,8.873266130047407,1.5579038508981244,6.200803323310981,6.575464218800095,7.753364806070085,8.771144206673537,9.85970061929445,11.509245894546495,12.185490722430405
134.8962882591656,fg2,9.97035449248699,1.7332946075681899,6.977833748049664,7.294559980490107,8.744952051239823,9.788358295098142,11.075593711265427,13.0074200879583,13.737941109579744
158.48931924611142,fg2,11.296557692794433,2.021484074740779,7.949367297958926,8.379989254532267,9.877321176107777,11.101422370866853,12.47240676236026,15.050174534872719,15.86307720713197
186.20871366628694,fg2,12.749301619241791,2.2483290277839827,8.975075745214994,9.411203463860145,11.168447583982744,12.5965155884829,14.081336902409632,16.728819536821412,17.401196399641606
218.77616239495563,fg2,14.318867639265912,2.5634345679573123,9.980400162373174,10.546388697324662,12.512060102707155,14.0520846499479,15.83690129417744,18.817155337726014,20.011184508169055
257.03957827688646,fg2,16.070412346118115,2.9122263385592526,11.129075208802552,11.792888564355959,13.962056671310144,15.810718398770764,17.920492193436438,21.077603176346223,22.18230490123723
301.9951720402019,fg2,18.19072022871083,3.1350660477838597,12.720583613782178,13.567036592696107,16.06017600526923,17.97238828028504,20.08602151240957,23.51004338959838,24.932059024342706
354.81338923357606,fg2,20.585472521246277,3.5793376847988267,14.359181216822703,15.128966837990989,18.06648804119895,20.3359828985957,22.823109877245233,26.847645720165488,28.466833679394114
416.8693834703355,fg2,23.101687919963616,4.121474185677222,16.074167960610207,16.975291298178764,20.17234436699792,22.755030344297445,25.749537103877994,30.35031918661748,32.233788417911605
489.77881936844665,fg2,25.997711189548237,4.707875046098931,18.161007235625974,19.030716921090566,22.726794776368763,25.513889109483227,28.757609132253226,34.44844014700014,36.75779031992947
575.4399373371579,fg2,29.27264761312429,5.1672266088018715,20.493999582564292,21.74911514381099,25.68544134950933,28.75244119049949,32.446683470373976,38.00558194058917,40.20140480821146
676.0829753919819,fg2,33.09432727304116,5.938251933736317,22.916252436235105,24.282508215824794,28.864359416084948,32.60408011352045,36.71471458657053,43.32339575653422,46.243483668342776
794.3282347242822,fg2,37.07205145885261,6.771492638306534,25.614799711400714,27.04159744430706,32.371737237896596,36.381725866323436,41.04226922836558,49.00859970713376,52.08800383668961
933.2543007969924,fg2,41.891250664397106,7.527345368681754,29.171627639807653,30.556995426074806,36.62209036297115,41.23943091215017,46.366122259269744,55.444341818327906,59.08740196507764
1096.4781961431872,fg2,47.29118614065319,8.360438624937302,33.01009757399962,34.81507849465119,41.386200696861415,46.461161863038434,52.40117789983799,62.52934056333089,66.0110191520972
1288.249551693135,fg2,53.343929732346325,9.639023026848337,36.76402925034502,39.03719236089259,46.58784188602373,52.586947741258975,59.41502112935033,70.34460663244452,73.94808924183597
1513.5612484362102,fg2,59.81543721563657,10.966818440254755,40.63446602830065,43.61490986145777,52.236242684807856,58.80973672993626,66.51010602501056,79.17062490779438,83.52761211043517
1778.2794100389265,fg2,67.68764219960462,12.451244134085949,46.904557720821906,49.520403112328715,59.13613543836957,66.48014570888947,74.97801119435081,90.72956406110849,95.71132871485514
2089.2961308540407,fg2,76.49021786122482,14.027589248294053,53.17398024522923,56.15543361148505,66.85742478819444,75.1294190809559,84.60660873280625,101.18853974691146,107.45294616901255
2454.7089156850334,fg2,86.00651925769002,16.22074389111119,58.90894771293436,62.719467373880946,74.61680337345499,84.23705546481185,95.5497636331186,115.02900501792699,122.65996458359628
2884.031503126612,fg2,97.35347812567157,17.506691324450415,68.40075483306767,71.56737985385305,85.08439312627469,95.52429040202964,107.89082710192051,129.2138611429906,136.26101187703745
3388.4415613920273,fg2,109.21367013008125,20.189205626162707,75.5820487603143,79.82294171426817,94.91523334286768,107.42518039351518,121.72652669004121,145.30214564252256,153.24220203580953
3981.0717055349774,fg2,123.22591169568004,23.078243795996844,84.7200585248355,89.20699060210036,106.97927725479242,120.98889901318617,136.66818498979364,165.48348409308105,173.90929205776067
4677.351412871991,fg2,139.67701233473116,26.178704261681613,94.94303127202956,101.30510098862314,121.53699680261731,137.47132439536307,154.99596092494232,185.32250704635015,198.04903396985708
5495.408738576249,fg2,157.55410599962897,29.710065410654025,107.72453726830952,114.06321129947229,136.65050428136817,154.88375396155746,175.30943873794627,211.179963550589,222.98043858714345
6456.542290346562,fg2,176.9176128956397,32.6858627141719,122.59137669108749,129.3457512190694,153.70839255940066,173.71567736079717,196.83328585991717,235.49618912067504,249.23567090485503
7585.775750291851,fg2,198.1022765286373,36.67156243818877,136.3628538225026,143.62696077707196,171.7465839947125,194.81565598760608,220.45919972477134,263.57412993570114,281.0710994656484
8912.509381337459,fg2,223.78798798108085,42.348207973701186,152.77263039770614,163.63140154698524,193.7207245978013,218.3511518476418,249.11351971951643,299.1640147702646,318.7639394835469
10471.285480509006,fg2,253.38189986655755,48.09436077755979,172.5014626936117,182.773913817191,219.53090937112398,248.33555250832302,282.4234957057268,339.0705951239396,360.2068805627995
12302.687708123836,fg2,286.02771286627143,53.4744541637565,195.93857887627226,208.33277632652513,249.52644694634117,280.15693708540823,318.81927243928055,381.9296317281073,407.45670042556594
14454.39770745928,fg2,321.3812006243603,61.7994070998039,220.15931126369944,231.18200178811568,277.14901484586426,316.09808453871335,357.0189835286726,430.9044947756473,456.93992013084136
16982.43652461746,fg2,361.51634726890904,67.52045306911864,246.7064321873312,261.8787792933307,311.95146989380464,357.8841147436018,403.94667301798233,478.4210389397481,508.0477241473971
19952.62314968883,fg2,407.64855989363264,77.1716419783291,278.8990636138217,296.74728176143645,352.4623753167273,400.3671635242648,453.5590772885411,545.5122923852125,576.4458864595301
23442.288153199275,fg2,461.3624134236147,85.2801573157998,317.38600858991873,336.5151460758751,400.2120520487748,455.4972879591411,510.72376756446033,614.3785012137371,654.0727194516102
27542.28703338169,fg2,516.2714600002046,99.5548759675375,347.3352184668974,368.3938193894914,448.2190584745959,507.22412975713706,574.1686620950742,697.0154914345994,735.7365324398443
32359.365692962878,fg2,590.5696426114869,112.58708746453334,397.908641113506,421.604185593554,513.2071637090074,580.4547278387295,658.8496161223067,791.8308704625604,831.5400556392212
38018.9396320562,fg2,661.1193101094847,128.57293081556998,439.49920781371543,465.8320605354762,570.1751810336866,649.6759846079024,741.5828976692483,890.9998894888649,948.7895041217656
44668.359215096345,fg2,741.4083541571554,143.44812514910973,497.7754441449999,530.3287052094358,642.0814959597584,728.7556448344722,824.5867324235921,993.0100419068634,1054.360119491299
52480.746024977336,fg2,837.8025088949358,164.54916435543365,559.5941367395606,597.1846069452307,723.3756548101483,817.5624752764759,940.5971424349908,1127.3012430606461,1203.821643951425
61659.50018614835,fg2,943.0205135597231,186.30280590992714,625.3437824087362,667.0091656439944,809.5079504645333,928.8330989191412,1053.769685756648,1277.397352149612,1341.861358520077
72443.59600749906,fg2,1060.269269242864,208.08172443522258,701.3118184354545,758.1304547226771,916.8935170617028,1041.7291330303722,1187.4476685167092,1428.6890900848337,1517.196636164064
85113.80382023776,fg2,1198.4316853307103,235.7031727603923,811.4939745613017,855.3660186528423,1033.9128679608707,1175.9041428207165,1341.9298105810233,1611.9150018817722,1720.4227027285972
100000,fg2,1355.2262084094045,269.8465377884146,903.6210125959254,960.9782250716643,1162.6272775485154,1326.664869009899,1521.1394513214038,1836.8256450597132,1970.0179791285855
0.01,fg3,0.017812533504651607,0.0035905151212772064,0.011866555535355225,0.012621437404571782,0.015273622787513846,0.017504921328448567,0.019965428817933024,0.024251915035214785,0.025804405906130007
0.011748975549395297,fg3,0.019658987734432542,0.0039818879292816915,0.01294437421006597,0.013797022316504783,0.016838253233524732,0.019259742573224152,0.02201595431861954,0.026821658191310677,0.028479773443633064
0.013803842646028852,fg3,0.021550960278433107,0.004252009834580625,0.014526853185107786,0.015442054398453855,0.01862928799178414,0.021154335322109058,0.023903595855397593,0.029442517882324572,0.03133664156611397
0.0162181009735893,fg3,0.023621433211712877,0.00463526824199866,0.01562565382488694,0.016594122590280258,0.020350768424014086,0.023189069223527682,0.026458546425137335,0.03186948646898019,0.03360454886797593
0.019054607179632473,fg3,0.025996776136904605,0.005099122360791819,0.017435520728262262,0.01860861706990712,0.02238086395140579,0.02560049003264314,0.028939257412692206,0.03482416389547148,0.037385523555351644
0.0223872113856834,fg3,0.028475109011260623,0.005612233159419829,0.019240835707726858,0.020505740650451687,0.024508872579277682,0.027934007474616433,0.03173520268458896,0.038151823192256996,0.04074713648375059
0.026302679918953815,fg3,0.03163588299904113,0.006330593427605824,0.021373101958949755,0.02257983609474103,0.027117524593590948,0.031026434064627018,0.035343566916931676,0.0428511136049541,0.04517443136028443
0.030902954325135904,fg3,0.034739328249665885,0.006847312514671509,0.023273478438154555,0.02487926995169706,0.02982643052294988,0.03413377063237597,0.038785337164043004,0.04737450433139709,0.04989222545639184
0.03630780547701014,fg3,0.03812008805503196,0.007619312747527516,0.025450842333695253,0.027187418290860944,0.033013452757784584,0.03726453679671074,0.04255276359181381,0.05177846627901416,0.05532480093764372
0.04265795188015928,fg3,0.04205655217748124,0.008289202959814357,0.02795496038477878,0.029803213839126028,0.036422804300675383,0.04133490071988065,0.04683327113542462,0.0569003845696715,0.060828733325497736
0.05011872336272725,fg3,0.04617141525121074,0.009124631927759754,0.030925987117789336,0.03308082055678242,0.03980887978259438,0.04496247964472659,0.05162823546987625,0.06268683192062087,0.06671797648923801
0.0588843655355589,fg3,0.05085056931621888,0.009873667981364015,0.03442956004389741,0.036746247634718864,0.04393668908178905,0.049679178059191795,0.05675960164962128,0.06820881184988735,0.0722478589753839
0.06918309709189366,fg3,0.05602014487807531,0.010577574184616956,0.037832422879875566,0.040075362019809546,0.04856578061799907,0.05532115726530496,0.062321092497945235,0.07438225543682585,0.07923010349629696
0.08128305161640995,fg3,0.06158620003889026,0.011653706544598894,0.04211618556022943,0.044761686752950704,0.05328637296519552,0.06049939347725398,0.06856275913611046,0.08250587792017085,0.08816466460015912
0.09549925860214359,fg3,0.06741656591072487,0.012721207585096454,0.04567936809782726,0.04833137530114753,0.05862159768123972,0.06630133424575584,0.07503695187307108,0.09071414336450831,0.09531192862135286
0.11220184543019636,fg3,0.07384543436551143,0.013896829560819942,0.0499783012260691,0.05349157178670424,0.06408827361867196,0.07261820049918472,0.08218801737163249,0.09898527179480215,0.10506025920471926
0.13182567385564073,fg3,0.08172626403820606,0.015393493533185431,0.055040317027538345,0.05941597750508983,0.07034997172599394,0.08040596501997373,0.09114195094136297,0.10845481184478771,0.11548913921607583
0.1548816618912482,fg3,0.08992700838108764,0.01661974161055374,0.06087406085874817,0.06475361305386179,0.07832261077629721,0.0886475103347505,0.0999947726298697,0.11949565736411835,0.1259460706233479
0.18197008586099844,fg3,0.09917609886655489,0.018470230264687165,0.06732064267751073,0.07216951716296767,0.08586635185699797,0.09766748913664844,0.11053507006781609,0.13195814121813287,0.14010392354235487
0.21379620895022325,fg3,0.10902359350527771,0.02056283623116504,0.07382538798969268,0.07821175381932925,0.09483372475150957,0.10724305927916641,0.12188782703274267,0.145365200217285,0.15406717449298304
0.25118864315095807,fg3,0.11995873124115287,0.022277607732671355,0.08223509398218215,0.08746751523344776,0.10469781726385179,0.11761139395526302,0.13301551050177052,0.15866459021707954,0.1685059886827588
0.2951209226666387,fg3,0.13202977072248745,0.02480253541681058,0.09031854581240989,0.09638655489959017,0.11481350415031115,0.12955726699112552,0.14601442546312515,0.17708234815609955,0.18821019827267618
0.34673685045253166,fg3,0.14548688304966642,0.026856452064880184,0.09954572862519889,0.10602301676305324,0.12719064002704045,0.1429506872050213,0.1613350056909013,0.19318182538409295,0.2028058055987136
0.40738027780411284,fg3,0.1596356280746265,0.029365044700626695,0.10782398460054393,0.11555938051090435,0.1396661376901656,0.15656300917161559,0.1774843754706172,0.21241476300662598,0.22499137930429666
0.47863009232263853,fg3,0.17564334983054034,0.03279994897618095,0.12249066025835972,0.12771326036391867,0.15243216566075868,0.17305110071602048,0.19498876252994327,0.23421477259463946,0.24859048250801677
0.5623413251903494,fg3,0.19407337134226865,0.03598703007205385,0.1320692426431669,0.14035116469363237,0.1684795365948696,0.19175063706542314,0.21489188229113737,0.25953404609474423,0.27258014955245574
0.6606934480075964,fg3,0.21139672782368255,0.039486979048281544,0.1453776670257875,0.1527906048474841,0.18374216818691372,0.2081812437129072,0.23385110142923246,0.2820775647295601,0.3054296607774025
0.776247116628692,fg3,0.23416957969142868,0.04324535355854542,0.15980037850666895,0.17083169875586027,0.20370030811662515,0.23026618518425096,0.2601199548698875,0.3107413228009274,0.3298878291862201
0.9120108393559101,fg3,0.25764168638061963,0.04802048077186993,0.17760274070219068,0.18751984438295358,0.2244801448459942,0.25332580404540384,0.28672275241576634,0.344388617726815,0.3643085603920675
1.071519305237607,fg3,0.2848724694710629,0.05267098335754171,0.19609157578248984,0.20730746732747077,0.24795775556445873,0.27945052700082784,0.3168237348403893,0.37794984491256844,0.4000150745745116
1.2589254117941675,fg3,0.3124196579256133,0.057399844278139316,0.21537221658312095,0.22650119114264244,0.27172594095726854,0.3068464870921267,0.3466408792244029,0.413639274934781,0.439334735656402
1.4791083881682088,fg3,0.3443618899741411,0.06377175387979682,0.23592323497507703,0.2512281072724033,0.2991656144957748,0.3380791847048982,0.3843687692049292,0.4554946181684171,0.4817506139535925
1.7378008287493762,fg3,0.378316572383026,0.06990954945044761,0.26010890949438026,0.27444738974863614,0.33004336991485805,0.3713738630422563,0.4195149629243343,0.5035932679711748,0.5314556887124376
2.0417379446695296,fg3,0.4136955715826742,0.07618447013788125,0.2840391272163429,0.3001496863242232,0.36165629462642745,0.40518749925789926,0.4585063260857467,0.5465578594170877,0.5812452738191589
2.398832919019492,fg3,0.46237819415064313,0.0862327757882405,0.32157176992313535,0.33920327163681097,0.4007286010315428,0.45346105898736155,0.5126704812506424,0.6139809491120306,0.6480539920200503
2.818382931264455,fg3,0.5071407955880731,0.09037402281360005,0.3505890012409392,0.3730781806705519,0.444878042099731,0.49899952994511454,0.5626997527583344,0.6698246685850234,0.7044474876129582
3.3113112148259143,fg3,0.555628147778624,0.09948641465903546,0.3824329736279775,0.40696163861078755,0.4883231173767052,0.5475047116760045,0.614657897984753,0.7305981362452789,0.777368131912702
3.890451449942809,fg3,0.6072949913461134,0.10814638705630752,0.4253569735348017,0.4461200018761044,0.5308509705774517,0.5991363812894113,0.6713959784086452,0.7900904857761911,0.8508677241924621
4.570881896148752,fg3,0.6691179966619742,0.1216379750348044,0.46240518531349045,0.4906254065062994,0.5823459336550478,0.6595087201286896,0.740921793807818,0.8880904484106913,0.9359246951401239
5.370317963702533,fg3,0.736723325901505,0.13157788497911332,0.512940946191146,0.5437369159069776,0.6445512762487077,0.726511758600391,0.8195146654065795,0.9696236074980908,1.0218817880906363
6.309573444801936,fg3,0.8137742449635622,0.14894136510368922,0.5568655065115807,0.5954986305185165,0.7074702484710764,0.7992886817715135,0.9077349873069713,1.0796654788565225,1.1361104628981287
7.413102413009177,fg3,0.8918243663646652,0.16116648289128266,0.622086866222635,0.6564456805033113,0.7755881248340308,0.8773818519392464,0.9929413385236325,1.184338694351732,1.244929046967827
8.709635899560814,fg3,0.9790425710073456,0.17600232105134708,0.678993209553891,0.7252448243413647,0.8587488172249861,0.963476114414567,1.0808426852915833,1.2847317539597236,1.3715999532523901
10.232929922807546,fg3,1.0835314650802486,0.19448611419737377,0.75368672843723294,0.7952143070986619,0.9470376462428439,1.0674887756539957,1.2017125756674556,1.425481340329942,1.5106460597785811
12.02264434617413,fg3,1.1903043791289831,0.20913988410434808,0.8366366214582908,0.8811973424329811,1.0457526142157398,1.171759011240224,1.3166724976303499,1.5612713066259534,1.6462542129148081
14.125375446227554,fg3,1.3044606407182051,0.22862541565504324,0.918349011520628,0.9648277967714536,1.1407547326162981,1.2865811019645623,1.4449271032953526,1.7112867722787881,1.8277559720965426
16.595869074375614,fg3,1.4420468252818073,0.2592732718046036,1.005855240667477,1.0651213053333337,1.257917672711327,1.421584672098898,1.6015543612073,1.887974658599666,2.0243818291963254
19.498445997580475,fg3,1.5783399652292438,0.2769297066974529,1.0992442955181898,1.1646584788986711,1.3798566443257898,1.5581274436613182,1.7477455727894455,2.0650232219724622,2.191938631404243
22.90867652767775,fg3,1.7398762830883978,0.30266951020458466,1.2180930871256013,1.2964271176570665,1.5323903844097433,1.7141015347521367,1.9245928255237592,2.2824182106255386,2.4248344791474152
26.915348039269166,fg3,1.9189117090366588,0.33939715164347695,1.3337464145968005,1.4101006261187372,1.6856355528031433,1.889851459883351,2.1319273501759097,2.527712207645112,2.6785383986063955
31.622776601683825,fg3,2.1218515512907077,0.38276669940065067,1.485051365970688,1.5571642279423041,1.8478356020397904,2.093214688675137,2.357156054392682,2.818312178748536,2.934083969537595
37.15352290971728,fg3,2.3176951925851843,0.4178546015218454,1.6255074260036437,1.7176742202917021,2.019730840391106,2.2736122284959137,2.5651939772646206,3.074284478053575,3.255826607121862
43.651583224016655,fg3,2.561382042590826,0.46398075249864384,1.7854602625712346,1.8886115994053787,2.244075336527192,2.517398366766986,2.8341827427881165,3.3887296992152645,3.5865555127901274
51.28613839913653,fg3,2.8200966025288103,0.4972764382599993,1.9678199830837224,2.08859107090785,2.4645260228322696,2.773442978189886,3.123935952534163,3.71618274469728,3.890636307489462
60.25595860743581,fg3,3.0962349000768095,0.5468147895123614,2.1357048281535,2.2821600160994957,2.71157146741832,3.054506148875756,3.423694773351908,4.088810880604664,4.2985219438290185
70.79457843841388,fg3,3.40506543873919,0.6023517516101756,2.3720363028464355,2.49538733539679,2.9827239996917365,3.36259364147139,3.778609602371907,4.451217239160123,4.686457425288075
83.17637711026717,fg3,3.7292976396903663,0.6656031494262937,2.609176742346797,2.7618923558039623,3.2788881201170286,3.670823334235898,4.1333427127682985,4.901276852710027,5.204996074754757
97.72372209558111,fg3,4.1410590146671185,0.7436678726656765,2.8375415051568256,3.018553461133788,3.6244031688203044,4.068231193897885,4.603897183179341,5.457603804969863,5.769550839400266
114.81536214968841,fg3,4.535603072275781,0.8055765032110432,3.1898047236782907,3.348519397480322,3.9721736188514893,4.4547042696303825,5.016308850928922,5.994176139076834,6.3521652741165004
134.8962882591656,fg3,5.016906879921076,0.8846404430624081,3.4894593205214495,3.7044091384331654,4.389679675576314,4.9572143325774505,5.566418333958301,6.622807256587423,6.959336719336762
158.48931924611142,fg3,5.509078491485492,0.9782945877858751,3.7929336635428124,4.053455818657447,4.817771919782027,5.42852693267223,6.114975390939874,7.212120572623652,7.527667673773887
186.20871366628694,fg3,6.077608575645833,1.078253177458855,4.255913203636601,4.487814100902867,5.315901766920075,5.989825217545265,6.722107647152894,8.014432487116744,8.454189943503296
218.77616239495563,fg3,6.68304136321466,1.1678544470290069,4.730963713476733,4.966768323461333,5.856014879267363,6.588124290009509,7.406836810240661,8.713676854215047,9.296434772984405
257.03957827688646,fg3,7.296633350889511,1.3096695872014044,5.066494723110457,5.349769576396331,6.364578425701925,7.182758991001879,8.095125231244625,9.547405813647016,10.159986473338218
301.9951720402019,fg3,8.061401789010404,1.4133743509470433,5.652046574258619,5.932787498891385,7.099454652488523,7.934539397240153,8.930014884059792,10.585031379891205,11.09753198706454
354.81338923357606,fg3,8.82836578128805,1.5681172039536448,6.14740397076659,6.481617613347022,7.723932160950759,8.746886886491474,9.76107334434711,11.595392464204563,12.19087176653888
416.8693834703355,fg3,9.704317124253116,1.695435648631804,6.842508553491948,7.2477253046753605,8.500041278406162,9.546665760255792,10.753413187180099,12.750382330460788,13.495259262419182
489.77881936844665,fg3,10.707327002118427,1.9053129876140413,7.410481680494721,7.827710909272652,9.36573316161644,10.506027260236706,11.903398909667583,14.066923493361516,14.898307272612644
575.4399373371579,fg3,11.835151406452722,2.0876612616385186,8.145797061836477,8.768509850128504,10.382471550467189,11.647838425727414,13.091904738131321,15.554423160524523,16.346936205986847
676.0829753919819,fg3,12.966091967559326,2.303562885852104,9.062862307807988,9.627095417374699,11.360962291295118,12.755542723282016,14.334859619306078,17.000614159243494,18.062272209545142
794.3282347242822,fg3,14.381090295117925,2.615197258392676,9.825565181035865,10.528541834722912,12.526033153052822,14.181477989963085,15.981460969509616,18.83993335998057,20.23895265295062
933.2543007969924,fg3,15.797140435148041,2.7954966557693917,10.965374037001512,11.7028782897179,13.834645079382641,15.569471788626188,17.443393200441168,20.758856566063745,21.939128446937197
1096.4781961431872,fg3,17.282245414201228,3.101759519912132,12.097016158830163,12.85154537001562,15.133753550091269,17.004656772587296,19.046521707355556,22.774774130180237,24.146061006808754
1288.249551693135,fg3,19.08497255092276,3.4680105663006726,13.313448853761459,13.927492153531102,16.63972325326118,18.783004686581993,21.217103113423107,25.142072151955418,26.71664659267664
1513.5612484362102,fg3,20.955223610406435,3.7542526117372144,14.640790311946114,15.446539581816456,18.299961856459174,20.59475360149362,23.2240820395755,27.853972952214168,29.58739366562156
1778.2794100389265,fg3,23.221460635553616,4.1324176377813915,16.1283144944477,17.120586548850397,20.33954246340113,22.86207412270283,25.757012390595015,30.757785016457383,32.56634915709733
2089.2961308540407,fg3,25.331851553858588,4.385472677911595,17.668915343394218,18.70570147373817,22.174730408975456,25.028928338781732,28.00502261910043,33.24980149945766,34.92838443557394
2454.7089156850334,fg3,28.06063769336463,4.970324037318943,19.84454578652391,20.798229840751965,24.62121586922388,27.50419595685584,31.047816407568824,37.078980157517655,39.22560352693345
2884.031503126612,fg3,30.78406531637104,5.426919577287814,21.519470973136336,22.723398661847508,26.91760902018554,30.368825219163814,34.0376362712215,40.46804495178581,42.68412710341852
3388.4415613920273,fg3,33.7850645092813,6.125783001843781,23.614345941607983,24.869010339355757,29.369248696638877,33.28418388935865,37.70850282253145,44.454286969783716,47.06878448142808
3981.0717055349774,fg3,37.17153381615852,6.796093880944299,25.761636875657334,27.343369500524012,32.33623443032624,36.51602442871398,41.26345377232733,49.125331505133474,52.17885879011268
4677.351412871991,fg3,41.085561804877145,7.499131679461941,28.366011392317763,30.134596633448922,35.85720735185679,40.5012787579495,45.37134231193139,54.17040884078661,57.233603774767154
5495.408738576249,fg3,45.04955720968512,8.102628092378714,31.29517699829772,33.01748593950675,39.16666706886015,44.24166374773563,50.18279513384464,59.34502082527587,62.91606178288624
6456.542290346562,fg3,49.318439151323375,8.688020642249136,34.429891508640026,36.59822145604264,43.06661208161799,48.39330217623679,54.852671108768035,64.75234837645928,68.11109638292616
7585.775750291851,fg3,54.85099530292501,9.660639814196966,38.112794510974176,40.47069557068398,48.11261366024137,54.11475265761207,60.8640585563188,72.04493690587965,75.80040895378578
8912.509381337459,fg3,60.11650292726274,10.804216263411602,41.37000232684955,43.76821209609748,52.458229864896325,59.43209645815039,66.68849836094283,79.22718247348406,83.17840446371994
10471.285480509006,fg3,65.95272856148924,11.878306147408983,45.68761147506984,48.26802501932679,57.469646976866635,64.80897727654934,73.24269595529714,87.10448918382029,92.84386374265601
12302.687708123836,fg3,72.61480394168984,13.323747263459206,50.17901597019663,52.72875684346747,63.328098596100716,71.24811065860658,80.6637476971243,96.30281873067399,102.69022083694111
14454.39770745928,fg3,79.86662746588237,14.44015096890273,54.87787695870945,58.095507878609745,69.7091997970015,78.41829562156397,88.91801814431903,105.81432209702041,110.7833660864051
16982.43652461746,fg3,88.07642814497233,15.785874482588376,61.43882918281706,64.79139436045615,77.20885923657822,86.52931761132467,97.41262651995508,116.38110847942437,122.83048121247732
19952.62314968883,fg3,97.46253295334976,17.540514290600356,68.53991296065288,71.79986335833836,85.24651028507606,95.53995654522876,107.56561150215396,130.04920010852882,137.46441377165453
23442.288153199275,fg3,106.7584183444222,19.55426800603178,73.61125229786532,78.06842578352945,93.15243494314213,105.14858169167817,118.43004427820634,141.1940402798534,149.8165233888846
27542.28703338169,fg3,117.80548745774102,21.997984188436302,80.32769855209698,85.91979035316714,102.4562602286232,115.67773470978477,131.10841095789544,155.79749565736347,166.12937473324095
32359.365692962878,fg3,129.2153924141223,23.71543053329693,89.56691511906577,94.50335907799266,112.28749131066503,127.43444899864181,143.2312826165408,171.90322362773705,180.90485704824417
38018.9396320562,fg3,142.4857421993553,25.643246294991545,97.92090608162208,103.7703912306795,124.55168221739197,140.26487716420087,157.92369763985562,187.97430085836768,198.69391930568344
44668.359215096345,fg3,155.6419531274113,28.231646482950794,107.65310273305289,113.18139253186872,136.1071301826106,153.19714853966482,172.0532607793434,205.61632330021752,218.81745148524595
52480.746024977336,fg3,171.61555068884545,31.192466583955618,118.7047945486626,125.90823664631593,150.28881825446925,168.94233440362183,190.4872930202123,225.38832525925773,240.00381979857
61659.50018614835,fg3,189.80457821169972,34.59735536900427,132.51643345268477,139.3541131512439,164.8705223582084,186.58975954068103,211.22020166557814,251.57888763208658,265.70325472334696
72443.59600749906,fg3,207.1910478424231,39.78961196592033,139.80454721895907,149.38120405816704,179.67410870880278,203.1853454420525,230.53358950537674,279.2023871929441,295.0728810617683
85113.80382023776,fg3,229.51752535116404,42.28037529939026,155.52336378893875,166.86051189073373,199.56624283531843,225.89094836957224,256.9169612676852,301.4252685897337,319.884171119142
100000,fg3,252.79693706620733,45.843961223608154,173.98132157816892,184.30159066254882,220.8278164235361,248.73327789949488,281.2230660564845,334.8614360747077,354.9292107964261
0.01,fg4,0.027262132423632894,0.00648242848087591,0.0169645273045598,0.018239858307659753,0.02264030192770319,0.02646069733114687,0.030935871524868343,0.038796266352871984,0.04238387337514722
0.011748975549395297,fg4,0.030018092409084107,0.006875684550969768,0.018881094284788003,0.02021464821126061,0.025324854585329338,0.02919766451761875,0.034032785503649646,0.04246566496698283,0.0454088226300682
0.013803842646028852,fg4,0.03311208358254812,0.007731290000770464,0.020406569305650483,0.02202461376660983,0.02772131939392556,0.03224839668341667,0.03748864269448331,0.0469990663313754,0.05080922297172177
0.0162181009735893,fg4,0.03646524550589222,0.008491277728231385,0.022765623562088267,0.024289098380178085,0.030213088155442144,0.0355083872152744,0.04162956761454269,0.05170123455839879,0.055340522171366806
0.019054607179632473,fg4,0.040044523121702244,0.009247521320414473,0.02486175151925556,0.026870181379155637,0.033337696514221915,0.039089518845329435,0.04544282560727789,0.05679350867591,0.06047453730358992
0.0223872113856834,fg4,0.04389816303021546,0.009969722984227538,0.027829373831649497,0.029728320782732305,0.03688825217435593,0.04287986393526948,0.04981576985061044,0.06152062493092687,0.06594057811521142
0.026302679918953815,fg4,0.04844198670177402,0.011168871004037755,0.03033819459253686,0.0326272975918784,0.04040983779456525,0.047165974466779406,0.054903011549573125,0.06900382966353662,0.07336070507266428
0.030902954325135904,fg4,0.05336810132002961,0.011895602450436709,0.034146419512667364,0.03654050738019184,0.04485975724822969,0.052025053535536145,0.06044067739097074,0.07505833495930002,0.07988975669122085
0.03630780547701014,fg4,0.058474589075353696,0.012714010005024406,0.03767027942535072,0.04054160626422399,0.0494502893262456,0.0571077587569981,0.06596778427054908,0.08147269702851608,0.08663083530388664
0.04265795188015928,fg4,0.06412982538936075,0.014278870982032012,0.041134632711248835,0.04401238734316678,0.05411365955372501,0.06235751945917345,0.07252940956968917,0.08964718927732855,0.0963145725336694
0.05011872336272725,fg4,0.0708551444707056,0.015743555066776528,0.045024388028553824,0.04855653406669459,0.05973565620127567,0.0690622331474395,0.08008414619262584,0.0989951775214574,0.10788968353437273
0.0588843655355589,fg4,0.07801843039344937,0.017231131431922734,0.049709531654544156,0.05378672653006488,0.06600566327327843,0.07590963617690888,0.08793779446177391,0.1096075605428296,0.11821171066780914
0.06918309709189366,fg4,0.08598837516644635,0.018194050794485005,0.055191368926010835,0.05925570008088339,0.07342565951005747,0.08430279779227785,0.09707278635963258,0.1186180659378938,0.126915441359973
0.08128305161640995,fg4,0.0947664170344895,0.020356822844258167,0.061494041895410245,0.06561708852002919,0.08014210327357274,0.09241130986504245,0.10680942239674487,0.1314229103388464,0.13945997389503598
0.09549925860214359,fg4,0.1040306005215051,0.02255130445910531,0.06782130027914411,0.07188557267578186,0.08759080412709985,0.10159807399461653,0.11790441110561067,0.14405454639305182,0.1540672061515903
0.11220184543019636,fg4,0.11447605828434523,0.023994323354116748,0.0739273361823049,0.07953932711164506,0.09690529680579121,0.11193961295813279,0.12901198374618073,0.15767490034635953,0.16841120208799618
0.13182567385564073,fg4,0.12563317467161597,0.02639372439472657,0.08163237014093747,0.08803898953723717,0.1075234266779962,0.12266665636803042,0.14174132089658598,0.17289755371663235,0.18382306578820315
0.1548816618912482,fg4,0.138106674218176,0.029508504365282656,0.08885440601083103,0.0952725499016139,0.11748531450463721,0.1348361077840507,0.15567848786073582,0.1918852878724749,0.20384268504887965
0.18197008586099844,fg4,0.15317773062914994,0.031772376764711986,0.09952650584531425,0.10767332420277498,0.13106665543568802,0.15018915580418657,0.17165198212387206,0.21048644507216768,0.22627357011312568
0.21379620895022325,fg4,0.16729629128820048,0.03461188552529969,0.10966104263192968,0.11588325725873112,0.1424126842553304,0.1642711941284965,0.18884477080523365,0.22914546819174783,0.24461137896036744
0.25118864315095807,fg4,0.18417133777778866,0.037326133003228214,0.12134692081127185,0.12979726195328328,0.15754502819339858,0.18075065022519418,0.20630272735196453,0.25005641922591454,0.2644088202512355
0.2951209226666387,fg4,0.2033719780701727,0.04192043116133681,0.13509642596500623,0.14352198110306413,0.17385417698901326,0.1990391971282104,0.227565642855631,0.27876980667050194,0.2954721034657154
0.34673685045253166,fg4,0.22230347915394436,0.044759158580697574,0.14635795534957666,0.15627443233728386,0.19098019288011395,0.21781435467648702,0.24904608409081658,0.3037043126637411,0.32263876699636124
0.40738027780411284,fg4,0.24605365592083522,0.050556588160715704,0.16341683995704825,0.17315557932474343,0.21067299316298707,0.24023815500053852,0.2768787636071885,0.33937829327047464,0.3550732387121291
0.47863009232263853,fg4,0.2691130912620805,0.05309437099258249,0.1757385555724267,0.1904360917488221,0.23082377502120097,0.2654399005560029,0.30233943740371594,0.3623899034956737,0.38599241160685294
0.5623413251903494,fg4,0.2956929556969167,0.05890635443184564,0.19674299282218274,0.207144330067035,0.25504530427983885,0.29138300183556753,0.3316552101594006,0.39697524732787315,0.42430890467231286
0.6606934480075964,fg4,0.32997325598294464,0.06588127184621022,0.22201228072710633,0.23513642489207376,0.2842179189690671,0.3215972137683841,0.3698666993848331,0.44981644252452796,0.47575433716900406
0.776247116628692,fg4,0.3565650171505714,0.07023121843476242,0.23764937695007077,0.25052821098314154,0.30812871533949143,0.34980389643251897,0.39808034981015333,0.48347904019510174,0.5113670090633651
0.9120108393559101,fg4,0.3962065993865235,0.07789144579647683,0.2650579153332105,0.280490844795918,0.3401671654235164,0.38839597357773925,0.4416852301087101,0.5362190284123359,0.570527088545958
1.071519305237607,fg4,0.4382016117762854,0.08379438405436888,0.2928230990286836,0.3142203246718033,0.37873175551445104,0.43141008669312847,0.48853873642797274,0.5891120978623636,0.6241791122297646
1.2589254117941675,fg4,0.47895232883427086,0.09329914198518065,0.32502620372164814,0.3428156781503036,0.41282463570358396,0.46822312472416516,0.5332843347604707,0.6438448449763092,0.6915519757318339
1.4791083881682088,fg4,0.5271795580656581,0.10186884940394798,0.35308501204350223,0.3786365259170311,0.45678967119584357,0.5168217523209817,0.5874513672131736,0.7090327579985576,0.7561307051037086
1.7378008287493762,fg4,0.5818105473620271,0.11173024399916348,0.3965155344789696,0.41790448345432374,0.5014977799028952,0.5723667931765866,0.6504315493716906,0.7760751925368963,0.8271181367473258
2.0417379446695296,fg4,0.6387467720876888,0.11978835690214333,0.4353368700295151,0.46121031849190064,0.5544003043022092,0.6265814290155661,0.7132464537117538,0.8568690740430098,0.8964414780116352
2.398832919019492,fg4,0.7027361847960201,0.1357383741672695,0.4688741235589899,0.5037167108072067,0.6092731460575397,0.6918822570252905,0.7838425064198323,0.9405388997048497,0.9980841676596961
2.818382931264455,fg4,0.773651562972384,0.14590337319981658,0.5232063057231198,0.5537947002790459,0.6714943512615525,0.7616599341118706,0.8610214495470235,1.0383041460485853,1.0933492601092334
3.3113112148259143,fg4,0.855598068967289,0.16658627097179912,0.5769135231595277,0.6112339961247235,0.7423040305096853,0.8362023102417473,0.9580279235010024,1.148088837323306,1.2340416699328338
3.890451449942809,fg4,0.9319453966573824,0.17060154730778299,0.6367542149432319,0.6808638049800894,0.8089896997568435,0.9170850840972178,1.0381627190644742,1.2347865118756194,1.3059185462209972
4.570881896148752,fg4,1.0280832224268162,0.19338526560064853,0.6947192132286523,0.7374014597995722,0.8905104652795022,1.0128735438288479,1.1491573435286888,1.3659217113793525,1.46090530879958
5.370317963702533,fg4,1.1369110974493022,0.2154540648058337,0.7699798226339652,0.8173999949484589,0.9894281088748685,1.1210442432323782,1.2647578528028456,1.516887971095902,1.611673938842632
6.309573444801936,fg4,1.2444649843661242,0.23578923849247113,0.8446291054285454,0.9041663579698682,1.07414830244665,1.2246889503570926,1.389629447689249,1.6646642944520964,1.754692847494281
7.413102413009177,fg4,1.3669763638737378,0.24782905438260053,0.9375900810468908,0.9980398846159358,1.1925620725229007,1.347478071311592,1.518103236409629,1.7965182833638789,1.8788762996711987
8.709635899560814,fg4,1.5134236459698882,0.2847967277746514,1.038816977912128,1.1042821626145556,1.3128967839235977,1.4898818897897668,1.6752074385044629,2.0291539969804337,2.1473114209540634
10.232929922807546,fg4,1.6589463021866957,0.30122572504109224,1.14696353057515,1.2187290680482983,1.4446218971341713,1.6217857076672548,1.8459217235471757,2.185707852276651,2.3272729252515467
12.02264434617413,fg4,1.83011813795051,0.3338613783544624,1.261155125245766,1.3409594239655764,1.592891940131526,1.8010062667490283,2.0414667459725684,2.4243015127420042,2.557186546923514
14.125375446227554,fg4,2.0118059935547254,0.37054749733559234,1.3941712718447148,1.4682060833060533,1.7461348618232515,1.9827355251097847,2.2290548516871054,2.678112007857017,2.8127512833993853
16.595869074375614,fg4,2.2126813796129166,0.40734432283940747,1.521326986948101,1.613819668961834,1.9212165980890104,2.1833693280518656,2.4584114227061793,2.9457263357879584,3.1283407083125825
19.498445997580475,fg4,2.4443879597549456,0.43400574818022386,1.7151398374086753,1.8047034932832626,2.1279071701377092,2.4115080357246788,2.7243779216293675,3.2081410294834165,3.38859517055978
22.90867652767775,fg4,2.68349978267485,0.4940464483898356,1.8317533655082063,1.9355900824977716,2.333921053175011,2.646704176319659,2.9904984421905256,3.5373890220031985,3.7441238549783096
26.915348039269166,fg4,2.944995000541582,0.5335991516375009,2.0407907065076683,2.1523588853651705,2.561763120865632,2.9003293797995555,3.2832818879844403,3.897042321449343,4.092606448084023
31.622776601683825,fg4,3.2457660559110857,0.5998204575986174,2.26103229611785,2.3657933809071325,2.826141815400325,3.183174215129532,3.5975118571641707,4.30188418715533,4.606621398825965
37.15352290971728,fg4,3.558121616412832,0.6428905621369634,2.4590109272826743,2.5954524885254475,3.110248775178768,3.490172888427825,3.9548646130148617,4.687626792264348,4.99159136616098
43.651583224016655,fg4,3.935141679564374,0.6889325582235122,2.761353817255407,2.9236660616425056,3.4394932775495786,3.882615049419196,4.361938763308791,5.138206996233388,5.432802372947157
51.28613839913653,fg4,4.355119101958228,0.7878473657549643,3.0206745517300395,3.203345102065374,3.8075457623267503,4.279452734054963,4.816482076655829,5.757014641926279,6.091498912190793
60.25595860743581,fg4,4.762439623805783,0.8638620472746277,3.27877246271707,3.4938675470024285,4.1522327518983655,4.681869439987633,5.276322720048682,6.279573585357586,6.671688112361499
70.79457843841388,fg4,5.2387079684304805,0.9517746569083426,3.592200519253558,3.816815578259022,4.583293605107789,5.154048514936626,5.818931754798343,6.89461576376631,7.273192320286232
83.17637711026717,fg4,5.7625570556009285,1.0169990012791954,4.016728522746627,4.298147674718284,5.055923373146938,5.679559246667866,6.373615537947295,7.5845614238212535,8.016327486862556
97.72372209558111,fg4,6.361370502624441,1.1276204209218914,4.460726658977917,4.667016511560402,5.564976435148679,6.250321718514668,7.0560742638601175,8.38279754356886,8.87535944132614
114.81536214968841,fg4,6.975861339713894,1.2532861855223842,4.89000790047064,5.102857294149296,6.077805265935764,6.867084543792008,7.777946579177747,9.17474664500478,9.641655813461972
134.8962882591656,fg4,7.66050791635033,1.3221268527806551,5.386746460818153,5.710328344546662,6.706333594363954,7.593310910853809,8.480489818570767,9.975108734550759,10.475235363946329
158.48931924611142,fg4,8.471089796839387,1.4885421941862755,5.921286569123611,6.260075153619685,7.422313065838592,8.361785226194801,9.37117693366011,11.039086980409255,11.743472727424464
186.20871366628694,fg4,9.274047816559602,1.6454634957554717,6.440884071695239,6.79838217413628,8.112805129436172,9.128278006107156,10.302499928630098,12.256858651326937,12.935526884001778
218.77616239495563,fg4,10.222158766141574,1.7835821057597927,7.094606400494768,7.535869514426711,8.982797696337192,10.074544063183524,11.340659513722345,13.33490973156609,14.120992244857963
257.03957827688646,fg4,11.23863635478701,1.9981169455579004,7.88063144527089,8.229118526770874,9.862617482133846,11.072079122083878,12.499174507338857,14.802059153236685,15.624107388189074
301.9951720402019,fg4,12.42456544326887,2.2522756305327905,8.575922536960615,8.990905878075946,10.873517157235414,12.201988411722137,13.798969417304964,16.479585462484444,17.357272556865
354.81338923357606,fg4,13.67432694979035,2.48948619776743,9.431666579860927,9.968948014523706,11.928167917929601,13.417995474522833,15.183606151573914,18.2374551874843,19.18694595625224
416.8693834703355,fg4,15.070003596213802,2.735499252222809,10.411006206988645,11.040234038507398,13.190521304829517,14.838771002161668,16.71081498059538,19.84141233496863,21.00989750382071
489.77881936844665,fg4,16.569418438144787,2.988152379971944,11.413096189404163,12.157411494721911,14.445410867473754,16.34392562510323,18.41251578462905,21.8486003658187,23.030637619803514
575.4399373371579,fg4,18.199229064409266,3.2972668962427365,12.71303735805767,13.410584074427936,15.775549976713076,17.912029363322198,20.268729165451127,24.248068801018142,25.620124341188195
676.0829753919819,fg4,20.009018484198346,3.577279702108532,13.936104231736506,14.713839845133375,17.538951718525432,19.66791318895124,22.169013526175323,26.376095991802,27.833952081921193
794.3282347242822,fg4,22.060756856287338,3.9735715519661343,15.135344546985102,16.08250465965826,19.332648777796503,21.759857594398213,24.4858616093299,28.813179014006035,30.67108536651247
933.2543007969924,fg4,24.16518490655476,4.408209116841754,16.658207856554405,17.524702317895628,21.14678889762814,23.7019265986208,26.859432839573156,32.06313047762739,33.79125619728778
1096.4781961431872,fg4,26.76785850460202,4.846715779940112,18.569022115619408,19.632228196315772,23.458737549390204,26.282816420851066,29.81987112457025,35.162528302565235,37.112215905233974
1288.249551693135,fg4,29.354360759263027,5.284226085018691,20.422058770742677,21.630788569465874,25.582846528393457,28.98225303010226,32.55455553948512,39.023235755549166,41.281922383629585
1513.5612484362102,fg4,32.26624011951138,5.9517145870629244,21.983901076210238,23.50523352027874,28.172557845689937,31.658975585227324,35.82980313737876,42.76065664200284,45.95958566661999
1778.2794100389265,fg4,35.63796195942829,6.625408642526006,24.580772466287225,25.890204912578547,31.00103414237742,35.00263821644404,39.74729015939122,47.789458060091505,50.1607405758021
2089.2961308540407,fg4,39.12102035154941,7.250457410454152,26.493295540461112,28.51077887595526,34.08809620533024,38.420690371713626,43.329955069612204,51.65371334322363,55.336476163272096
2454.7089156850334,fg4,43.21571615910653,8.141841566800048,29.18610038688774,30.996132977634765,37.52523552605425,42.4288111419163,48.03304240410304,57.42606929676233,61.32816764605915
2884.031503126612,fg4,47.44167881391021,8.917979262167853,31.966653955519263,34.26286038739992,41.202649461217504,46.7537138239896,52.79469342400865,63.41433452004702,67.37349948589303
3388.4415613920273,fg4,52.1993862774406,9.805035455154975,35.28510527479836,37.974631778504786,45.20283797792658,51.25930666210036,58.17276457739577,69.18356458511734,73.92911156230919
3981.0717055349774,fg4,57.48060575156227,10.839288835046073,39.25765293554836,41.53132959736153,49.731449576044724,56.644107124656486,63.98013764607096,76.6204299298225,80.78021120454946
4677.351412871991,fg4,63.418264417547974,12.215306856016866,42.92231113536486,45.704172106428395,54.76838954452949,62.22460289777087,70.56482438527688,85.73117827766329,90.89799671625978
5495.408738576249,fg4,69.64234615955685,13.284438910868635,46.5393012607838,49.64955300792768,60.6576775127436,68.58440913846951,77.58453721056462,93.04753692768743,98.52599289907104
6456.542290346562,fg4,76.1887347728165,14.989635344922116,50.620951778951046,53.85565161494287,65.28117845387968,74.87257976350648,85.54439437520458,102.24218327362753,108.41666178310344
7585.775750291851,fg4,84.61313404995445,15.88403738526759,57.27469004016817,61.29145666450967,73.3478742852617,82.91978152223982,94.16760073917047,113.91760951974894,119.06206763796085
8912.509381337459,fg4,92.2318841859722,18.15021858237999,61.60423549687675,65.98414460010548,79.80924983289827,90.10053124743483,102.90120964809557,124.62146998654501,132.92964734615921
10471.285480509006,fg4,101.71989612288583,19.601354522702238,68.53031639491773,72.89671050916819,87.7027855909284,99.87961527397451,113.53171382694569,135.62067918919053,144.50378203069815
12302.687708123836,fg4,112.00772406440534,21.567454682888805,75.78470614379097,80.45128552355001,96.65533753425504,109.73510940110079,125.15276754620177,150.98000999943707,159.34185659188415
14454.39770745928,fg4,123.31404472184506,24.001195788075968,83.6808182299524,89.34047699456296,106.28581391090532,120.59198706087366,137.40376712304231,167.4401921193346,178.44388311431598
16982.43652461746,fg4,135.90884316025472,26.106794309806848,92.6396427393127,97.39761725313112,117.98180188637342,133.23741749255964,151.77244501599768,183.79123415256126,194.5661282338547
19952.62314968883,fg4,149.73939889879009,29.454294260580593,99.69613858487364,106.63685817367853,128.91449716765317,147.26416617545652,166.6687269621843,201.63522562698384,215.58284809471115
23442.288153199275,fg4,165.90360693633286,33.08037811936838,111.38001732118795,117.79101430601808,142.61668777276986,162.6533567438898,184.9973734650665,224.28968664574134,241.62072217605774
27542.28703338169,fg4,180.3090732748223,36.44022282165054,118.89229197959057,127.58111810392435,154.4384710689925,176.3274869151516,201.75934786766226,244.73123353412643,259.52167915854227
32359.365692962878,fg4,200.0266458686535,39.96141083353406,131.27998145056577,141.06258081385442,171.8616726373339,197.39079212417332,224.09477394467083,272.11768270090454,290.0368632510213
38018.9396320562,fg4,218.74253735129682,43.354051667217995,146.5246270707446,155.88657277058223,187.9497114696322,214.8046673108298,245.10670485408608,295.41047669746854,313.234580882249
44668.359215096345,fg4,242.78715859367827,49.586550080957025,162.56417413871486,172.14288669013413,207.87455852194446,237.01682357436647,272.5088300862601,332.79813500390856,357.8353147681412
52480.746024977336,fg4,267.2496989839986,54.86888613001315,177.53399449339545,188.67072822106854,227.5904794151141,262.3967952242763,298.72204017678564,365.053429204925,389.9230589345834
61659.50018614835,fg4,293.46186048381526,59.43336226872555,195.65453695144652,207.14955654150134,250.27488315896454,289.0740049571165,327.977805297848,402.7292992506465,428.8752647632154
72443.59600749906,fg4,321.81868028618726,65.9660909097992,211.51722396416272,225.56934037886754,275.52647827732227,314.4702692059243,360.0288189509696,442.2609501186625,471.53422786233745
85113.80382023776,fg4,357.6126018343187,73.7540330348574,232.18308900500918,250.02598839213658,306.19154387432104,349.76744898050424,400.0256842875774,495.73016031541596,526.950002782539
100000,fg4,393.3241251760945,82.81003049036993,257.47554883291394,274.0320374897898,337.51771101548894,383.7940557243554,439.8080667777599,548.4401412397139,584.4019914039354
0.01,fg5,0.014115515907013728,0.002962644014808232,0.009232074022805334,0.009889521832863839,0.01200978079020602,0.013844959851466727,0.015893604993341293,0.01934040219681901,0.02055962968203089
0.011748975549395297,fg5,0.0157987705649716,0.0033990105454816213,0.010217805935075338,0.010921723387627619,0.013421321997440741,0.015424491739140254,0.017708108261811406,0.021882713442400597,0.023640284156558413
0.013803842646028852,fg5,0.017553872593850415,0.003629909193877153,0.0115931720837951,0.012397712276316513,0.014961777448442858,0.01712226952259644,0.019749548478225402,0.024267331088611403,0.025929434173875315
0.0162181009735893,fg5,0.01965088346454146,0.004077550618951972,0.012820118025207418,0.013706350334873276,0.01681748975394945,0.019236281654747993,0.02199094642855686,0.027022762251161677,0.028661333142607662
0.019054607179632473,fg5,0.02196379882700393,0.004507488466539704,0.014553275822523408,0.015501799260007484,0.018724970702966394,0.021496084871368767,0.024758138352437897,0.029886904286044902,0.03197549835171156
0.0223872113856834,fg5,0.024468197059771372,0.005047412866079526,0.016071447532477617,0.01707389081733163,0.020910195216256023,0.023999560920520406,0.027468257794438802,0.033513135530886674,0.03598091021316727
0.026302679918953815,fg5,0.02727346101898302,0.005578884265119019,0.017817829637025797,0.01897888786659753,0.023379080043133944,0.0267136429697778,0.030645050195737378,0.037172539242650064,0.03979375176385777
0.030902954325135904,fg5,0.030387171258289075,0.006205039081969679,0.02043483365913461,0.021596085951827992,0.026038383669994447,0.0297796640394064,0.03420728078354234,0.04114564784757595,0.04459978931796808
0.03630780547701014,fg5,0.033991194398424296,0.00694131724086989,0.022261191913270285,0.02380329286459318,0.029098734447294494,0.033419676339066895,0.038121947962815254,0.04631145119194409,0.0496738449198776
0.04265795188015928,fg5,0.03793777843119254,0.007769188332160844,0.025303094074499922,0.026705196028563236,0.03232515877803772,0.03703185572042737,0.04272350334492812,0.05162108949414859,0.0550015898800849
0.05011872336272725,fg5,0.042431476886281176,0.008398950531541886,0.028500166805577917,0.030006778522078174,0.03657543311449141,0.04163798434170733,0.04745294971565843,0.0573895640511307,0.06092710120721532
0.0588843655355589,fg5,0.04736818501341722,0.009439918259228096,0.031667307599590445,0.033749024572603946,0.04082436623927705,0.046408515431366516,0.052806810979278626,0.0646882578533393,0.06830832544599605
0.06918309709189366,fg5,0.052835741209782114,0.01042281889939107,0.03534249319926182,0.03749218111702026,0.04565675031001774,0.05179136244732296,0.05885593689650976,0.07200879582652202,0.07556966964191607
0.08128305161640995,fg5,0.0588381414717324,0.011669367986131952,0.039435595105692334,0.0416305221377619,0.05059403045876215,0.057750378418001146,0.06577413688085995,0.0798522985907243,0.08483464164102561
0.09549925860214359,fg5,0.06614455870517731,0.013343162205039387,0.0442309077430332,0.04691660032501984,0.05651995655980036,0.06478741745424095,0.07394840780968827,0.09024373232398766,0.09615748997146198
0.11220184543019636,fg5,0.07306517604265426,0.014244910104269546,0.04881537640314945,0.051833719438171784,0.06315741056188096,0.07202655492741557,0.08160863060962373,0.09793235068830997,0.10411126142090228
0.13182567385564073,fg5,0.0818676687017204,0.015489470638614037,0.05540192288549343,0.058791278748825296,0.0707779740698903,0.08044592679588658,0.09135214918534278,0.10846752735142293,0.11509025064798813
0.1548816618912482,fg5,0.09175358618379811,0.01791630108374699,0.061570384783496405,0.06566122881179802,0.07893497048219697,0.0903456227989228,0.1026974555250375,0.12348062918057871,0.13028863207040503
0.18197008586099844,fg5,0.10219030954545474,0.01969154906957839,0.06884724267997935,0.07354371936415781,0.08826578500606218,0.10037663281240608,0.11401033162662091,0.1369804443369105,0.14660598944990522
0.21379620895022325,fg5,0.1139607162971513,0.021538651648362276,0.07732120299151399,0.08218276495130217,0.09899775325550506,0.11146754696196706,0.12698196286836216,0.15145893670780697,0.16153147823649097
0.25118864315095807,fg5,0.12721634504783158,0.024367446468329612,0.08450415195344366,0.09156411146850164,0.11046513402154204,0.12523367524592083,0.14189877919710567,0.17105439696183622,0.18003290172027347
0.2951209226666387,fg5,0.14173897288118373,0.027089419912579894,0.0974719570073219,0.10217145830309139,0.12271353585121972,0.13904106501111044,0.1585116248814737,0.18984404140487413,0.20428213600945533
0.34673685045253166,fg5,0.1589232636500941,0.03040573798495372,0.10764812243453756,0.11453519429643622,0.13809825924424107,0.15620563816663163,0.17668375314027013,0.21334457477652594,0.22445433326794748
0.40738027780411284,fg5,0.17760674615406255,0.03406877390419913,0.12038679145728945,0.12788191169895816,0.1536115344701054,0.17426912799114186,0.1970945671782897,0.23848900856844762,0.25562144736179404
0.47863009232263853,fg5,0.19562915097526196,0.03658035090863153,0.13487676709056456,0.142929159923091,0.16955691207508758,0.19250128921778825,0.21691041874860795,0.26221240909616317,0.27799377588840923
0.5623413251903494,fg5,0.21853359771481445,0.04084671888995678,0.15088073582407852,0.15887678824204288,0.18926362670274757,0.2148209937416368,0.24264065423547115,0.2935800516687887,0.3115991372474951
0.6606934480075964,fg5,0.24563492758331468,0.04599754059993027,0.1667922792952106,0.17915595881677987,0.2125776499314261,0.2407540912591677,0.273479730652319,0.3284778538396471,0.34794557522206043
0.776247116628692,fg5,0.2743413436003547,0.05017378802281329,0.18746166136431971,0.19859196599180454,0.23892874269756104,0.27146283281369205,0.30485744680617716,0.3628183544247655,0.38545503973690337
0.9120108393559101,fg5,0.30558610272768316,0.05590821784454505,0.21011709534182504,0.22309735432459016,0.2662381704404287,0.30041615589056886,0.3402222749506142,0.4040797649734971,0.42774294252502476
1.071519305237607,fg5,0.3412583368704406,0.06283285764736234,0.23753647995769486,0.25060348187425047,0.29638453996660935,0.33468678820500686,0.3780004543741495,0.4518549040238149,0.4853994585621364
1.2589254117941675,fg5,0.3811706053379704,0.06907511619550633,0.26100100619280503,0.2797490088658969,0.33229733251610166,0.3750565753730326,0.42413907466528383,0.503513978994838,0.5320029239757804
1.4791083881682088,fg5,0.42562443475642625,0.07894844205775811,0.29261200060271847,0.31046293275258513,0.37097084248580264,0.4179174906991954,0.4724759729485171,0.5621761218741284,0.5978628396605441
1.7378008287493762,fg5,0.47394080587611875,0.08595511439996426,0.3253335932956526,0.3475023832398147,0.41279084463236837,0.46601805767500587,0.5277852662532239,0.6270376347849428,0.6605120204075536
2.0417379446695296,fg5,0.5296695197146146,0.09909936560185038,0.3623674889625187,0.38125193036733923,0.4607466784302414,0.5195422668901684,0.5915306799634904,0.7063749950181585,0.7467695206945009
2.398832919019492,fg5,0.5880662394152159,0.10726855813754467,0.40147551578691193,0.4307576662880773,0.5130807822582761,0.5769263003538116,0.6555864262752413,0.7742267451685267,0.8260902903543833
2.818382931264455,fg5,0.6614021967206434,0.1204425252059648,0.4573010778531915,0.48389759342026384,0.5771078002047655,0.6493594168695329,0.7353284540743583,0.8765749322783956,0.9301790887734819
3.3113112148259143,fg5,0.7373190525738839,0.13308282826914805,0.5136077152717415,0.5444902001875451,0.6435790675435163,0.7232641827673073,0.8145457884132835,0.9706558010995316,1.0357874663959108
3.890451449942809,fg5,0.8254213803359256,0.15010886890217695,0.577222559264129,0.609612050409261,0.7164813346429248,0.8126666264062339,0.9151592027815567,1.0874636797865502,1.149509147748785
4.570881896148752,fg5,0.9146620305067147,0.16929041429366434,0.6267514188677871,0.6643375627184996,0.7927134018733673,0.8994688399621427,1.0223499686514792,1.2156165536736083,1.2819511158043748
5.370317963702533,fg5,1.0266058352060878,0.1815025648037603,0.7090931342413004,0.757170034667399,0.8997589341144124,1.0086532587581232,1.1364376959092932,1.353148121833283,1.4259906732373464
6.309573444801936,fg5,1.1468518140378956,0.20551451491739514,0.7898728617995683,0.8434975111102362,1.0045698920082033,1.1310620107108766,1.2682780273565757,1.5065696812601437,1.5983865536782373
7.413102413009177,fg5,1.2777664914396236,0.23647362692062496,0.8787288535993476,0.92761620341394,1.1101613129346415,1.253332351548909,1.4206010595046954,1.705484018750801,1.8082190343949511
8.709635899560814,fg5,1.4264447015791557,0.25944723489354576,0.989261386435902,1.0444358682027277,1.2441202752649212,1.40511947821603,1.5878802415738906,1.8790147829080295,1.9969265420091533
10.232929922807546,fg5,1.5886831680410671,0.27930803875527005,1.1108838429986132,1.1738091828684845,1.3997138592273892,1.5610165009875692,1.7596282554644336,2.0704372789637477,2.199224911357521
12.02264434617413,fg5,1.7677646678488819,0.31267954816123217,1.2445044945817159,1.3079379863718106,1.5457402042991297,1.7407978580855983,1.9614178047426367,2.328136433724072,2.4702456288785033
14.125375446227554,fg5,1.9839052420219938,0.3534243162281808,1.3879917041601202,1.4599054731128862,1.7345503029126892,1.9513967470074343,2.200884121785897,2.606497431915325,2.7557978212662784
16.595869074375614,fg5,2.2151086697436453,0.3907248093412795,1.557054857506959,1.6489675904572796,1.9419130832905478,2.1792547398215483,2.452543136803459,2.9284977466769835,3.1059845145194984
19.498445997580475,fg5,2.4708909008823765,0.43977654390251775,1.7222907480643208,1.8188726984988424,2.1565928193059283,2.4261050410071263,2.7517884708236027,3.2662829963491293,3.448077620447221
22.90867652767775,fg5,2.735642278867316,0.4973504543089856,1.9104957032255043,2.0235605177449423,2.3861295440256844,2.6744095225977413,3.035992023134217,3.6235419994829,3.8325032271673183
26.915348039269166,fg5,3.080771350283713,0.5561886620070331,2.1547771790404058,2.2793590164988564,2.6896903160584005,3.0281111196278694,3.422872469217698,4.0566967292085305,4.337475553589972
31.622776601683825,fg5,3.4010978249956096,0.5896656274828065,2.368515716339335,2.511643230822038,3.004194212099063,3.3482595619219673,3.7663284877392846,4.42815289652948,4.702282272525341
37.15352290971728,fg5,3.8240487084477794,0.6829351718891303,2.6761063266842613,2.8122218827759324,3.337840749349051,3.763695708457189,4.227144361011306,5.043891378346736,5.357922981558272
43.651583224016655,fg5,4.25725258382853,0.7563855046274814,2.970105028325273,3.1394059399114496,3.737985312849771,4.181268998567393,4.713323938777234,5.6116657197626605,5.960353367493055
51.28613839913653,fg5,4.786068612416138,0.846014004151743,3.321708713246523,3.514405276331667,4.203027983907033,4.7355842511336,5.28884268380223,6.307107231363437,6.604322404030314
60.25595860743581,fg5,5.3443017928368475,0.9497354571326837,3.6988099903632685,3.925767972250418,4.689083628080532,5.2845822601245604,5.920909942871528,6.973998069769058,7.41771705674874
70.79457843841388,fg5,5.947377939275321,1.0558048660212866,4.151173295587018,4.377117261413385,5.208955701244491,5.851981851641961,6.5998855289678655,7.810550606846558,8.317245524100802
83.17637711026717,fg5,6.664721507741779,1.1636753039468215,4.7031628974042645,4.948440891396171,5.843858882867208,6.547163265097433,7.3470292401948685,8.714657396445304,9.286900300173322
97.72372209558111,fg5,7.391074729031729,1.3085141799441946,5.113531722565602,5.419692852015102,6.472404791011477,7.2774684933272455,8.189084044344778,9.64478425671684,10.210987538535225
114.81536214968841,fg5,8.295152755894625,1.4543922297517449,5.798294897068962,6.124037696928312,7.264387551566797,8.20036743784223,9.194969903338993,10.77506435798579,11.356534784332633
134.8962882591656,fg5,9.239248041347212,1.6247523234869565,6.461417980874494,6.838106445895943,8.112652511144239,9.091824473365595,10.222826806019679,12.16652834121205,12.792099192095883
158.48931924611142,fg5,10.290330069912173,1.8537806511985886,7.251162747121999,7.627719484241298,8.945418047447761,10.104583033649227,11.391472883648076,13.63233189042554,14.577141998222961
186.20871366628694,fg5,11.519754674949928,1.9958203762810391,8.147525246041276,8.530942588853893,10.113120280114611,11.348107009080131,12.740369781800132,15.131004434397607,15.972338127374725
218.77616239495563,fg5,12.847071098993,2.283036466573219,8.940226565339245,9.467370803747475,11.282736082524124,12.66079401050348,14.207963013274275,16.89674026907978,17.982273331474126
257.03957827688646,fg5,14.27073360098142,2.574131915078268,9.93084987353851,10.546418328105386,12.502852293338137,14.05549425496325,15.821447032991207,18.681888620956702,20.096697427574618
301.9951720402019,fg5,16.017537817243696,2.843769954528059,11.221497160393618,11.834645048225045,14.024913306743331,15.717590809064223,17.75196935626616,21.1992286426857,22.37002205627372
354.81338923357606,fg5,17.863188959852774,3.2467855995124286,12.419484217691048,13.066553520122943,15.662885849999721,17.533930985192242,19.72136593018444,23.818091022904024,25.26210133898792
416.8693834703355,fg5,19.821967818800672,3.570608829064665,13.765587773194868,14.573695542564371,17.304635909955376,19.469372259675083,21.949021478602663,26.290140135390704,28.01839773126965
489.77881936844665,fg5,22.120423370849803,4.046153376803742,15.419101306222553,16.252487180310233,19.346112586275016,21.6664351647713,24.584834124886065,29.16483694615465,31.380517766248687
575.4399373371579,fg5,24.759357838614907,4.468323011916265,17.0938889004469,18.120521400085796,21.57580085780852,24.394506596965424,27.50251341860818,32.53810809013684,34.32752461642761
676.0829753919819,fg5,27.609188176043727,4.798832214398097,19.36962813841211,20.49992606348117,24.09458143753477,27.32845488539183,30.596504698004992,36.20707255381612,38.426950360999506
794.3282347242822,fg5,31.04653255008623,5.6110209341853965,21.636856038324943,22.524797333735567,27.030442016957217,30.712686186825522,34.58839137965033,40.882990140108234,43.534328654082586
933.2543007969924,fg5,34.63534319714985,6.230129213263184,23.99075854327351,25.307620841849435,30.180062057567998,34.084539645799396,38.50156943341921,45.73619000530071,48.11867973292281
1096.4781961431872,fg5,38.5967968240057,7.133819082885536,26.490401827171667,27.766924486553993,33.6672528116081,37.94097558342055,42.67839815480092,51.48264154487951,54.81926419179941
1288.249551693135,fg5,42.817809589534896,7.635295219545634,30.145124032296135,31.75289193199226,37.4823894409168,42.12191269936523,47.42595964042921,56.60242099281532,60.32303839560932
1513.5612484362102,fg5,48.236869299510126,8.831645324287127,33.21410750275919,35.19452674580179,42.10105417007937,47.38465940587707,53.378170853483525,64.12851407389941,67.59377418082327
1778.2794100389265,fg5,53.88652690257183,9.980653071234494,37.29670929648898,39.58781570799312,46.88631484439626,53.006368147330264,59.691953338819445,72.07517772825159,76.43911703329697
2089.2961308540407,fg5,60.161024911861844,11.06068412264267,41.882092929255116,44.14815788856147,52.18771024658477,58.9871607845876,66.84724677412711,80.02647170095588,85.6446249159875
2454.7089156850334,fg5,66.86461683344787,12.1736090084822,46.24898844982037,48.95470617157145,58.21664796737514,65.98462666709614,74.2455453432969,88.60897479489907,93.54191267632484
2884.031503126612,fg5,74.55479475998192,13.75375885650717,51.2267951745699,54.235331413433514,64.98190197500402,73.42645584364128,83.05510571431032,98.59481253012802,104.03385186258147
3388.4415613920273,fg5,83.03480665279515,15.09108782463247,57.892930612828586,60.94566786608336,72.36215494885425,81.4335448500554,92.01804756853241,109.3807953680038,116.29249081574174
3981.0717055349774,fg5,92.62687199482127,16.85827116690716,63.509256961269635,67.73588403614866,80.76911710650927,91.1019561724948,102.86244654514353,123.48542140149421,129.4688510624607
4677.351412871991,fg5,104.18995736922757,19.290172519456625,72.25454786627347,76.16499560693114,90.5284367087352,102.4432929861954,115.7113660721493,137.90747825212836,147.3291107450423
5495.408738576249,fg5,114.87950900347822,21.198617752801212,79.38560715479312,83.49234584647857,99.60257906568637,113.35865059534481,127.94785289543877,152.7790736996182,161.24295062258446
6456.542290346562,fg5,129.34358507032337,24.051616022041145,87.46412945455843,93.47436210392019,112.32899115074623,127.71957287205052,143.87864180438356,172.17318355715878,183.05044413937352
7585.775750291851,fg5,144.00662254011965,27.049900121733625,98.8611250381723,105.33944168146853,125.31632043360939,141.17827057645286,159.67861621499765,192.49796195227987,206.91210429924888
8912.509381337459,fg5,160.63911845141538,29.46221308399426,110.64714914170143,117.15199746934803,139.96520511751945,158.4892804440791,177.49402797562445,212.32284100941027,225.71560078341605
10471.285480509006,fg5,179.88262249282388,33.724582166914736,121.0551718993515,131.23069086466188,155.8929815501317,176.38489008132188,201.11962024757932,239.421079793618,252.52705504190098
12302.687708123836,fg5,199.54958930745812,37.95436320441189,134.63970405937133,143.63320163675368,173.33317561296,196.58304603512488,222.67976770222992,265.61768612417046,280.8245906549509
14454.39770745928,fg5,222.83586744291367,41.98020160844808,153.27721034673917,160.72705374665384,193.30473437230316,219.5986123814624,248.05189190427498,297.4387028692241,314.61821808926777
16982.43652461746,fg5,250.0610956688842,47.820716545959414,168.9648127641759,180.00287837317632,216.79840156366106,245.26149081086868,278.90418603350827,335.50225378789077,353.7456537795693
19952.62314968883,fg5,277.9649537215156,52.32590345642646,185.5732139070202,198.1416439119161,242.40579351431037,274.37741004902506,309.8421541030786,368.54994983212634,389.8936183023512
23442.288153199275,fg5,310.8330407850684,60.269040573663666,214.3669819689274,223.34121800089196,268.2520755984192,304.9417085451285,345.9803363978119,418.9026261926687,445.9256591464464
27542.28703338169,fg5,348.1040789090571,66.0675454658573,237.80612773487888,250.1361303528462,301.33314213307636,343.65123041389825,387.81225790316125,464.589276128504,495.15387972950475
32359.365692962878,fg5,387.3282600008299,74.56844231867298,259.40508404422184,275.110641778168,335.10540459049764,381.75675994955293,433.23352006987074,520.5993991198511,551.9099232031305
38018.9396320562,fg5,434.91367802463634,84.03536459902895,294.4721060459734,315.7349921031673,375.66583312925934,423.81608899029925,484.96290827036137,586.057098443156,627.396240695174
44668.359215096345,fg5,482.18676456345077,94.61148233822937,323.61133013805636,344.9647764964741,417.1276301503889,474.424366917408,538.266845752958,649.5180809281735,688.9544961099219
52480.746024977336,fg5,539.7311279765952,103.77973296916895,362.99329029412837,387.80400221966386,468.6696440816172,531.7615907629465,600.9657716528459,722.7171443197698,761.5722786347146
61659.50018614835,fg5,601.7122817929413,118.08679633600079,405.92979246271386,432.26421633842034,518.4033039449236,590.2352189920695,672.7378934548497,815.5812375576826,854.4664482907525
72443.59600749906,fg5,675.0607402874366,130.7378259324797,453.2658767291573,483.1030903755867,585.6111053928435,662.5724832404568,753.5483557838139,910.5628759982413,969.4998064035748
85113.80382023776,fg5,748.0386875287422,147.72468478912057,494.5473930321414,532.3751877832091,644.0031166045277,734.8224097959289,838.979806863547,1004.1371248371553,1065.8089163691568
100000,fg5,840.9766156758043,165.85890725008554,561.9883540098235,599.0313303648633,722.5008846327074,823.1980891648144,940.5501589891496,1139.9402741744113,1216.6235033322175
