"fg","year","light_area","q025","q25","q50","q75","q975"
"fg1",1995,1.1,0.0111837591556203,0.0120149172594918,0.0124498665906529,0.012871129867593,0.0137328109647249
"fg1",1995,1.16715283822147,0.0112444589496099,0.0120745594178512,0.0125086375855079,0.0129308378830705,0.0137916888185483
"fg1",1995,1.23840522524404,0.0113083175109058,0.0121359492569831,0.0125707924209333,0.0129932410880578,0.0138538142726175
"fg1",1995,1.31400743046535,0.0113762754252236,0.0122029681623682,0.0126361355498002,0.0130602341137483,0.0139196598547072
"fg1",1995,1.39422500173794,0.0114486003251635,0.0122743453959631,0.0127069985921056,0.0131308045687751,0.0139896886229688
"fg1",1995,1.47933969808889,0.0115237212147354,0.0123510287575971,0.0127811420847407,0.0132053803736939,0.0140641762885739
"fg1",1995,1.56965047938013,0.0116028411853132,0.0124318856501756,0.0128616280774665,0.0132844224174195,0.0141433938617676
"fg1",1995,1.66547455638565,0.0116863832401171,0.0125176382783914,0.0129483274713835,0.013368847201746,0.0142288654835234
"fg1",1995,1.76714850497378,0.0117793106279247,0.0126099101618853,0.0130406683261763,0.013458839055302,0.0143173732233043
"fg1",1995,1.87502944830816,0.0118795083187517,0.0127081412673894,0.013137601875832,0.0135569921441255,0.0144128770236183
"fg1",1995,1.98949631121974,0.0119855065036768,0.0128122673311277,0.0132427540173061,0.0136591719450502,0.0145144997089557
"fg1",1995,2.1109511511557,0.0120960253813022,0.0129227006965541,0.0133531624239178,0.0137702949754142,0.0146226261476565
"fg1",1995,2.23982057038024,0.0122170805840436,0.0130411114657352,0.0134686629874955,0.0138861818722098,0.0147367028783553
"fg1",1995,2.37655721438739,0.0123421805543223,0.0131673918985311,0.0135922162832048,0.0140108133532928,0.0148575641061654
"fg1",1995,2.52164136178906,0.0124736606422509,0.0133016670012457,0.0137259742388112,0.0141437458159452,0.0149885566113819
"fg1",1995,2.67558261126251,0.0126156334270135,0.0134421263829957,0.0138675169054757,0.0142866750718809,0.0151281761855462
"fg1",1995,2.83892167148278,0.0127678861862928,0.0135927031257873,0.0140183626017062,0.0144376000336764,0.0152777808810068
"fg1",1995,3.01223226032689,0.0129313247587197,0.0137539774021988,0.0141802624738948,0.0145982756173693,0.0154373190032046
"fg1",1995,3.19612312002074,0.013110864208704,0.0139290868510096,0.0143504132393258,0.0147691161802963,0.0156082339979796
"fg1",1995,3.39124015530679,0.0132965470027633,0.0141137119400257,0.0145338614435567,0.0149517825361985,0.0157915211108522
"fg1",1995,3.59826870214269,0.0134957360914051,0.0143133728267675,0.0147334594894841,0.0151476577527969,0.0159837126698751
"fg1",1995,3.81793593489939,0.0137065893744415,0.0145234028970723,0.0149411466828474,0.0153549701324475,0.0161906780936091
"fg1",1995,4.05101342051416,0.0139320231183341,0.014747851348058,0.015164813674644,0.0155756098027952,0.0164142687969778
"fg1",1995,4.29831982856944,0.0141732945209765,0.0149895716729502,0.0154049327757807,0.015813132054257,0.0166515555912292
"fg1",1995,4.56072380681678,0.0144324187695519,0.0152463062480287,0.0156576524180951,0.0160680785645333,0.0169093595205873
"fg1",1995,4.83914703224586,0.014706850041398,0.0155188723162339,0.0159324240202799,0.016341908186914,0.0171824191866988
"fg1",1995,5.13456744841525,0.015000804028109,0.0158125644514288,0.0162240345897626,0.0166317545932697,0.0174727383537721
"fg1",1995,5.44802270041586,0.0153172542963968,0.0161267450706829,0.0165351206622469,0.0169425987534288,0.0177830530451377
"fg1",1995,5.78061377953217,0.0156563376589245,0.0164592298483935,0.0168709237067481,0.0172769108139087,0.0181148924628549
"fg1",1995,6.13350889040284,0.0160243571889909,0.0168199591035515,0.017230367529296,0.0176345120832274,0.0184684382283222
"fg1",1995,6.50794755426392,0.0164224643726936,0.0172049620729057,0.0176146149769228,0.0180156842764897,0.0188490102074331
"fg1",1995,6.90524496268694,0.0168449552970025,0.0176213948312092,0.018022377022774,0.0184241320784432,0.0192522672575465
"fg1",1995,7.32679659710417,0.017298808267043,0.0180673668845113,0.0184662688976387,0.0188633630348354,0.0196824071365805
"fg1",1995,7.77408313034688,0.017782977874494,0.0185437374356097,0.0189369575198999,0.0193316830273737,0.0201461449771176
"fg1",1995,8.24867562741276,0.0182997839301069,0.0190476879598195,0.0194451568958322,0.0198361298482432,0.0206440640294495
"fg1",1995,8.75224106373008,0.0188541044172502,0.01959490846257,0.0199884203722754,0.0203775391073156,0.0211764349984312
"fg1",1995,9.28654818030099,0.0194412962522156,0.0201883389783142,0.0205701029376261,0.020960834564654,0.0217533198737076
"fg1",1995,9.85347369628978,0.020078404187153,0.0208223116787838,0.0211993388754973,0.0215857052569543,0.0223809844853778
"fg1",1995,10.4550089008775,0.0207740171660564,0.021504495817339,0.0218750768464291,0.0222557205619761,0.0230444316742146
"fg1",1995,11.0932666475363,0.0215201791021879,0.0222328677131605,0.0226018873541245,0.0229801526363226,0.0237695423121963
"fg1",1995,11.7704887752905,0.0223158750682042,0.0230153598203622,0.0233839224054281,0.0237578430055403,0.0245500798788899
"fg1",1995,12.4890539830312,0.0231727861892136,0.0238592726557725,0.0242233181857761,0.0245966751695722,0.0253911584704325
"fg1",1995,13.2514861845419,0.0240727421901699,0.0247711408776394,0.0251270939494351,0.0254998241583848,0.0262856849727896
"fg1",1995,14.0604633735825,0.0250611900286624,0.0257418421322562,0.0260999066387702,0.0264708898970897,0.027236386986324
"fg1",1995,14.918827030169,0.0260992622563555,0.0267934978160961,0.0271475768481995,0.0275232069144987,0.0282790260801704
"fg1",1995,15.8295921010881,0.0272376750641154,0.0279268170801818,0.0282850510414627,0.0286534068222046,0.0294255645613185
"fg1",1995,16.7959575897029,0.0284450544526345,0.029141037809406,0.0295023402409854,0.0298751724746289,0.0306564173325416
"fg1",1995,17.8213177922448,0.0297406520939764,0.030447158325828,0.0308187276602069,0.0311943725689633,0.0319570474092131
"fg1",1995,18.9092742200594,0.0311358804151033,0.0318579682936114,0.032238283412893,0.0326203214074609,0.033373237813485
"fg1",1995,20.0636482496822,0.0326549300056036,0.0333654431995289,0.0337592105807362,0.0341627365539085,0.0349186435717596
"fg1",1995,21.2884945451763,0.0342840493799114,0.034997281921753,0.0354057377052874,0.0358300608170671,0.0366006209668998
"fg1",1995,22.5881152998771,0.0360204589434857,0.0367552683360046,0.0371830650422465,0.0376135860141708,0.0384031143510262
"fg1",1995,23.9670753475686,0.0378639239245565,0.0386417359812903,0.0390942579001968,0.0395428247589554,0.0403613967398079
"fg1",1995,25.430218196166,0.0398491439754352,0.0406666636038032,0.0411541808797616,0.0416223211318304,0.0424766004006812
"fg1",1995,26.9826830402241,0.0419860315947215,0.0428600560266449,0.0433692135623995,0.0438762733483889,0.0447842837183952
"fg1",1995,28.6299228120254,0.0442691512723243,0.045211006547188,0.0457620542943316,0.0462994437934989,0.0472727599494516
"fg1",1995,30.377723334652,0.0466858666383665,0.0477337570035132,0.0483217927315216,0.0488985220341543,0.0499642749574126
"fg1",1995,32.2322236443143,0.0493238196811826,0.0504511448122268,0.0510782761235957,0.0517014455179478,0.0528749872183105
"fg1",1995,34.1999375533188,0.0521523559063087,0.0533646349190268,0.0540359029978109,0.0547114695475773,0.0560047383058525
"fg1",1995,36.287776529412,0.0551609237490009,0.056490974569941,0.0572133291234768,0.0579385946020251,0.0593272869778785
"fg1",1995,38.5030739718634,0.058415839560493,0.0598374985866293,0.0606151117717864,0.0614139458885057,0.0629271483360116
"fg1",1995,40.8536109695561,0.0618810152539616,0.0634370696709645,0.0642615329134724,0.0651251346082954,0.0667406957235114
"fg1",1995,43.3476436315576,0.0656230241492834,0.0672691870098235,0.0681645049196506,0.0690862943939879,0.0708327827459329
"fg1",1995,45.9939320861685,0.0695523657541035,0.0713811995342685,0.0723284984903875,0.0733252112582037,0.0752070198228892
"fg1",1995,48.8017712503066,0.0738070532140901,0.0757537293241284,0.0767697902037777,0.077838525405663,0.0798939350441193
"fg1",1995,51.7810234773004,0.0783007430480919,0.0804106143702532,0.081499436366573,0.0826260485385398,0.084826505079102
"fg1",1995,54.9421531977672,0.0830810828661277,0.085343761075996,0.086511176256052,0.0877140715192625,0.0900654679585691
"fg1",1995,58.2962636752482,0.088148662468516,0.0905819868816447,0.0918132236061535,0.0931014759379134,0.0956155965248202
"fg1",1995,61.8551360057029,0.093513845543805,0.0960948427979377,0.0973985514157176,0.0987733277408295,0.101415627320599
"fg1",1995,65.6312704978468,0.0991416654369429,0.101889635568484,0.103272994187324,0.10472029866056,0.107544773376036
"fg1",1995,69.6379305796755,0.105039388784016,0.107964544477821,0.109428779974529,0.110960323504391,0.113935767613763
"fg1",1995,73.8891893853984,0.11125142477283,0.114327281734638,0.115904620876372,0.117496418332276,0.120516713328128
"fg1",1995,78.3999791864106,0.117761342634798,0.1209569798622,0.122591057658988,0.124282829280115,0.127365910673544
"fg1",1995,83.1861438399305,0.124555029236861,0.127815620536753,0.129534250357085,0.131304976839065,0.134539184620936
"fg1",1995,88.2644944395223,0.131460757659952,0.134901827651016,0.136706713851906,0.138525933694241,0.141914906785822
"fg1",1995,93.6528683629745,0.138571309718822,0.142154766666593,0.144055595356385,0.145938653463,0.149539428394681
"fg1",1995,99.3701919249342,0.145800811196524,0.149573178765338,0.151573428146289,0.153563546531377,0.157216517345193
"fg1",1995,105.436546854363,0.153244663348808,0.157151134910884,0.159219683855484,0.161324069589414,0.165226495664781
"fg1",1995,111.87324083031,0.160723743562233,0.164751715336308,0.166926301151132,0.169160911813709,0.173301831302777
"fg1",1995,118.702882323756,0.168273422837744,0.172413424636966,0.174638240599463,0.176985859075941,0.181323872130214
"fg1",1995,125.949460008401,0.175567255750562,0.180017716570484,0.182350313541796,0.184798535466652,0.189472383769471
"fg1",1995,133.638427019334,0.182779006343147,0.187492263915068,0.190024596955978,0.192581920207094,0.197689508782899
"fg1",1995,141.796790355517,0.189701287812803,0.194800079650498,0.197508784645762,0.200369366511636,0.205710166182567
"fg1",1995,150.453205740124,0.196412884943688,0.201914493705792,0.204863458652193,0.207941184835417,0.213771948007999
"fg1",1995,159.638078271914,0.202702552854658,0.208744437925028,0.2119899485394,0.215307552292553,0.221537187674292
"fg1",1995,169.383669221169,0.208765496991714,0.215300264336961,0.218778254483402,0.222416274471691,0.229311529013387
"fg1",1995,179.724209345322,0.214335663469618,0.22140495490032,0.225265266414355,0.229299789506569,0.236819315584487
"fg1",1995,190.696019122275,0.219482021556279,0.227076059921972,0.231404706794737,0.235727251434819,0.243708199354107
"fg1",1995,202.337636323727,0.22426574304179,0.232429512899645,0.237096013573814,0.241716876867948,0.250552726804616
"fg1",1995,214.689951376602,0.228524457407869,0.237236568010135,0.24228861593414,0.247403571855356,0.256938566786864
"fg1",1995,227.796350988029,0.232280733398689,0.241705320651215,0.247067361502298,0.252546757731181,0.262644089431961
"fg1",1995,241.702870538339,0.235516630817697,0.245576361744569,0.251404672340218,0.257225242531452,0.268038374664398
"fg1",1995,256.458355777363,0.238433755582304,0.249092663608181,0.255306458705034,0.261379698797106,0.273060150987313
"fg1",1995,272.114634391965,0.240896987941633,0.252123740694444,0.258662484476276,0.265134388139473,0.277376229797887
"fg1",1995,288.726698047437,0.243064898586195,0.254778466934708,0.261662377107145,0.268405813704338,0.281313598591725
"fg1",1995,306.352895542163,0.244844562558602,0.256917935778463,0.264167101733992,0.271196317744294,0.284716944707304
"fg1",1995,325.055137754003,0.246302176412073,0.258780356873615,0.266226347536318,0.273582753943036,0.287566539198919
"fg1",1995,344.899115098233,0.247408833840352,0.260353004967874,0.267982745978348,0.275566920842532,0.289977097647246
"fg1",1995,365.954528260888,0.248245503455736,0.261575021465014,0.269413920413273,0.27722569070563,0.292063577868389
"fg1",1995,388.295333017905,0.248911700328208,0.262556678908261,0.270569789068539,0.278519046565541,0.293873765281179
"fg1",1995,412,0.249414297002675,0.263316788328505,0.271487972227287,0.279596608904419,0.295128444777413
"fg2",1995,1.1,0.0090633783251796,0.00944579348644994,0.00968072060081143,0.00991806466949593,0.0103481514158242
"fg2",1995,1.16715283822147,0.00910277948766988,0.00948431572207047,0.00971934988137149,0.00995607647628691,0.0103865521541092
"fg2",1995,1.23840522524404,0.009144937097593,0.00952541007748279,0.00975979012998086,0.00999695619718879,0.0104273389458347
"fg2",1995,1.31400743046535,0.00918977256045706,0.00956863334028043,0.00980325205905511,0.0100399555730452,0.0104706955506939
"fg2",1995,1.39422500173794,0.00923746234733678,0.00961476311619681,0.00985006010719981,0.01008582747736,0.0105167928833527
"fg2",1995,1.47933969808889,0.00928819531355382,0.00966450220000977,0.0098999550879111,0.0101348147105957,0.0105658099558807
"fg2",1995,1.56965047938013,0.00934125529281552,0.00971752001562862,0.00995208318200208,0.0101878027749504,0.0106183932133142
"fg2",1995,1.66547455638565,0.00939756859017696,0.00977403013052946,0.0100086418586009,0.010243200194529,0.0106745748961
"fg2",1995,1.76714850497378,0.00946005038289733,0.00983412443872818,0.010067837295191,0.0103026724704987,0.0107344787687358
"fg2",1995,1.87502944830816,0.00952583067756826,0.0098977384601313,0.0101309524223389,0.0103646574963369,0.0107970962972992
"fg2",1995,1.98949631121974,0.00959514135633121,0.00996509313878253,0.0101977823984907,0.0104305939012206,0.0108620205582252
"fg2",1995,2.1109511511557,0.00966875411712509,0.0100373389676615,0.0102691484235304,0.0105019900790913,0.0109331622832452
"fg2",1995,2.23982057038024,0.00974572738393168,0.0101131614356146,0.0103451265333163,0.010577623213593,0.0110090052611388
"fg2",1995,2.37655721438739,0.00982920617433275,0.0101940906308179,0.0104262267782058,0.0106587935962224,0.0110914201592998
"fg2",1995,2.52164136178906,0.00991412540294212,0.0102795598757695,0.0105119386897684,0.0107453732276955,0.0111786796189328
"fg2",1995,2.67558261126251,0.0100085573566947,0.0103721922551766,0.0106043971425403,0.0108374887284691,0.0112671162105978
"fg2",1995,2.83892167148278,0.0101101616481838,0.0104726438027748,0.0107029612581196,0.0109346024735523,0.0113633230370211
"fg2",1995,3.01223226032689,0.0102163983760841,0.0105770718041193,0.0108072014092595,0.0110382044234842,0.011465948983723
"fg2",1995,3.19612312002074,0.0103307656353358,0.0106888339239748,0.0109188185404123,0.0111490431322808,0.0115747687655082
"fg2",1995,3.39124015530679,0.0104506539016195,0.0108083293672536,0.0110386222632142,0.0112693191915179,0.0116939295392342
"fg2",1995,3.59826870214269,0.0105777135852579,0.0109351009555798,0.0111665994573544,0.0113960871746754,0.0118166059415931
"fg2",1995,3.81793593489939,0.0107138288812283,0.0110710311881307,0.011301501107895,0.0115306620573452,0.0119513599799507
"fg2",1995,4.05101342051416,0.0108572709268384,0.0112158337676999,0.0114467608803263,0.0116740090904767,0.0120956447702154
"fg2",1995,4.29831982856944,0.0110119366638227,0.0113725784832799,0.0116009629975084,0.01182692898725,0.0122477530875742
"fg2",1995,4.56072380681678,0.011176925153722,0.0115372149147032,0.0117647421382526,0.0119900975301827,0.0124086902497566
"fg2",1995,4.83914703224586,0.0113565728338719,0.0117138431397169,0.0119403434095137,0.0121651965739947,0.0125839260238335
"fg2",1995,5.13456744841525,0.0115473365981289,0.0119035117152204,0.0121289800166604,0.012350823603002,0.0127677022860868
"fg2",1995,5.44802270041586,0.0117477777107521,0.0121052937496442,0.0123310743741525,0.0125500700495395,0.0129629430651582
"fg2",1995,5.78061377953217,0.0119666843824775,0.0123214204765476,0.0125449930183432,0.0127626050116995,0.0131710424995549
"fg2",1995,6.13350889040284,0.0121987288713919,0.0125519187356728,0.0127766884779463,0.0129915231347716,0.0134018250328218
"fg2",1995,6.50794755426392,0.0124433156963116,0.0128009941434115,0.0130209742749255,0.0132382089590221,0.0136402770861698
"fg2",1995,6.90524496268694,0.0127105011011243,0.0130681615509195,0.0132828904791314,0.0135036536172287,0.0139004439502325
"fg2",1995,7.32679659710417,0.0129943547828794,0.0133532691953017,0.0135645016056672,0.0137832695015149,0.0141788384464042
"fg2",1995,7.77408313034688,0.013297791604338,0.0136563434094074,0.0138677043616507,0.0140824470870707,0.0144773508859609
"fg2",1995,8.24867562741276,0.0136201114700452,0.0139826144751821,0.0141915125786502,0.0144036397906562,0.0147985193754497
"fg2",1995,8.75224106373008,0.0139755416265485,0.0143315706799547,0.014540035516924,0.0147505883003439,0.0151459894003775
"fg2",1995,9.28654818030099,0.0143520325665954,0.014707977073653,0.0149132710127531,0.015123932900617,0.0155135572223082
"fg2",1995,9.85347369628978,0.0147489691388868,0.0151111047516139,0.0153164116688969,0.0155228107324187,0.0159085739307089
"fg2",1995,10.4550089008775,0.0151791390062993,0.0155409367268386,0.0157479753293747,0.0159507098711367,0.0163328625818876
"fg2",1995,11.0932666475363,0.0156458515511137,0.0160041153692599,0.0162076551374582,0.016411664113795,0.0167898473705378
"fg2",1995,11.7704887752905,0.0161424889418423,0.0165027423948301,0.0167023647434118,0.0169088616204725,0.017283517948691
"fg2",1995,12.4890539830312,0.0166860042790774,0.017039182405299,0.0172365350399256,0.0174396746166057,0.0178169320450113
"fg2",1995,13.2514861845419,0.0172599682944503,0.0176140999675722,0.0178117961781959,0.0180130330255014,0.0183877711546243
"fg2",1995,14.0604633735825,0.0178745509196965,0.0182320554914858,0.0184308852452006,0.0186311645594231,0.0190067720091937
"fg2",1995,14.918827030169,0.0185428760172626,0.0188942274757256,0.0190978152033428,0.0192972060247302,0.0196803958312083
"fg2",1995,15.8295921010881,0.0192513363369848,0.0196068830547236,0.0198155060933297,0.0200151547372311,0.0204008247853062
"fg2",1995,16.7959575897029,0.0200095835847843,0.0203764407266114,0.0205864938879064,0.0207867473278085,0.0211766801680258
"fg2",1995,17.8213177922448,0.0208268270815734,0.0212021218113756,0.0214155043422894,0.0216211718250724,0.0220163956828939
"fg2",1995,18.9092742200594,0.0217036344057001,0.0220923343746702,0.0223082182047951,0.0225185320333818,0.0229178650908113
"fg2",1995,20.0636482496822,0.0226436705945877,0.0230502140601199,0.0232749895068169,0.0234919388391671,0.0238927864765122
"fg2",1995,21.2884945451763,0.0236641277129439,0.0240819917525318,0.0243130130129732,0.0245408802656798,0.0249538329643089
"fg2",1995,22.5881152998771,0.0247546996856088,0.0251916656570684,0.0254336460347698,0.0256644436790238,0.0260979254277272
"fg2",1995,23.9670753475686,0.0259291567585422,0.0263826014620142,0.0266401653297032,0.0268876997646839,0.0273532247523265
"fg2",1995,25.430218196166,0.0271914111921094,0.02766408483102,0.0279415181895599,0.0282089762600031,0.0286938963988932
"fg2",1995,26.9826830402241,0.028551873615125,0.0290544017064755,0.029350203947696,0.0296348972507818,0.0301468563179268
"fg2",1995,28.6299228120254,0.0300125941536543,0.03054521142454,0.0308652533173651,0.0311740162141452,0.0317284876994839
"fg2",1995,30.377723334652,0.031585956099774,0.0321560605393867,0.032498338748941,0.0328277936392939,0.0334196913894268
"fg2",1995,32.2322236443143,0.0332698178032489,0.0338883115304694,0.03425685977017,0.0346207020135977,0.0352531549802037
"fg2",1995,34.1999375533188,0.0350836263724435,0.0357605012821756,0.0361499710417474,0.0365480722137003,0.0372353234626234
"fg2",1995,36.287776529412,0.0370429875426328,0.0377709854898601,0.0381904505868352,0.0386137911478454,0.0393757554271862
"fg2",1995,38.5030739718634,0.0391477499135554,0.0399370791353369,0.040393913961117,0.0408450351445489,0.0416830999995756
"fg2",1995,40.8536109695561,0.0414055920876837,0.0422732869444815,0.0427535477005121,0.0432428631750383,0.0441480750937603
"fg2",1995,43.3476436315576,0.0438226866607582,0.0447802760383236,0.0452908506220667,0.0458172486903502,0.0467941705576512
"fg2",1995,45.9939320861685,0.0464230733993352,0.047459562966164,0.0480083440549039,0.0485871337983065,0.049663517463556
"fg2",1995,48.8017712503066,0.0492055122827247,0.0503276539886439,0.0509264013118947,0.0515449972510244,0.0527312547600165
"fg2",1995,51.7810234773004,0.0521936609092291,0.0534114483512507,0.0540463308515126,0.0547152189619614,0.0559755903877389
"fg2",1995,54.9421531977672,0.0553968239645554,0.0566985237917118,0.0573816649204561,0.0580969082050761,0.0594663589567804
"fg2",1995,58.2962636752482,0.0587874572593651,0.0602023426154039,0.0609258511201031,0.0617174872037693,0.0631636388886
"fg2",1995,61.8551360057029,0.0624137265433509,0.0639438486980555,0.0647199033254415,0.0655651977649855,0.0671245801665121
"fg2",1995,65.6312704978468,0.0662918928930187,0.0679149486716099,0.0687483144764623,0.0696364871849955,0.0712697570678084
"fg2",1995,69.6379305796755,0.0704052050395895,0.0721267370014392,0.0730120839593886,0.0739512464117091,0.075696643085997
"fg2",1995,73.8891893853984,0.0747400905283422,0.0765913340516766,0.0775293476525451,0.0785111838850439,0.0803554763047248
"fg2",1995,78.3999791864106,0.0793155824300472,0.0812742827652653,0.0822782733849152,0.0833265701971073,0.0852514210987539
"fg2",1995,83.1861438399305,0.0841509770217159,0.0862035662530832,0.0872861760765744,0.0883656035211407,0.0903867200844363
"fg2",1995,88.2644944395223,0.0892600707622919,0.0913715225637013,0.0925024383420648,0.0936331865244874,0.0957600066892782
"fg2",1995,93.6528683629745,0.0945659050946001,0.0967495561081656,0.0979493737039664,0.0991217472001339,0.101383891566476
"fg2",1995,99.3701919249342,0.100064336437055,0.102339399824314,0.103609472419746,0.104828895796486,0.107184312074783
"fg2",1995,105.436546854363,0.105749961092087,0.108123437826004,0.109471147125473,0.110720997316279,0.113138534665008
"fg2",1995,111.87324083031,0.111586130418163,0.114049328568912,0.115501296778352,0.116798732744425,0.119308503412161
"fg2",1995,118.702882323756,0.117569128228,0.120138933173764,0.121631471908778,0.123028337877398,0.125659532400427
"fg2",1995,125.949460008401,0.123658534727039,0.126370633712197,0.127885036474284,0.129365575154861,0.132164521782667
"fg2",1995,133.638427019334,0.129767229123766,0.132640563016687,0.134225775566098,0.135815939654704,0.138730650159164
"fg2",1995,141.796790355517,0.135935167593068,0.138914094967834,0.140627305398928,0.14230964690075,0.145391305723649
"fg2",1995,150.453205740124,0.142007918354153,0.145186838783269,0.147016896475532,0.14883693644904,0.152072264325177
"fg2",1995,159.638078271914,0.148028381093,0.151399382577801,0.153333740281171,0.155305700424686,0.158875876062598
"fg2",1995,169.383669221169,0.153877303600115,0.157511413114217,0.159627638075686,0.161652616514292,0.165509429642419
"fg2",1995,179.724209345322,0.15955190231113,0.163466447873737,0.165750740687399,0.167934529511532,0.172070073881277
"fg2",1995,190.696019122275,0.165080175115922,0.169221049272543,0.171702588265399,0.174118916047174,0.178527117563683
"fg2",1995,202.337636323727,0.170238462019236,0.174691265381358,0.177443795283634,0.179981940764517,0.18500692948843
"fg2",1995,214.689951376602,0.175135908116377,0.179940279410816,0.182861699181048,0.185723246511297,0.191220838320073
"fg2",1995,227.796350988029,0.179633283700338,0.184848766556857,0.188007204478479,0.191106022747432,0.197055544504368
"fg2",1995,241.702870538339,0.183806366354317,0.189472033278826,0.192788816022295,0.196159704817158,0.202623544928623
"fg2",1995,256.458355777363,0.187528611205151,0.193720285614966,0.197290578747455,0.200866574463675,0.207961334343521
"fg2",1995,272.114634391965,0.190987351086679,0.197507419649134,0.201362458535925,0.205277671021154,0.212883017436449
"fg2",1995,288.726698047437,0.193927508930735,0.200953416174244,0.205062948059564,0.209235834785648,0.217412791537364
"fg2",1995,306.352895542163,0.196556658546804,0.203972114218629,0.208364495004956,0.212759592152555,0.221540393286586
"fg2",1995,325.055137754003,0.198870202722911,0.206651611817979,0.211277831958901,0.215896446512092,0.225161844752024
"fg2",1995,344.899115098233,0.200758944892045,0.209045714154954,0.213847885043464,0.218714383790928,0.228397641736162
"fg2",1995,365.954528260888,0.202303852864654,0.210997902836114,0.216052518679107,0.221132380281698,0.231314543633613
"fg2",1995,388.295333017905,0.203571270002368,0.212677354134017,0.217895032041589,0.223190887431206,0.23372557205478
"fg2",1995,412,0.204688829615958,0.214080150848074,0.219416104168006,0.224894560587091,0.235808553548933
"fg3",1995,1.1,0.0101272987504135,0.0102487802972949,0.0103055612303102,0.0103656898919706,0.0104862766755841
"fg3",1995,1.16715283822147,0.0101564607257144,0.0102781519916479,0.010334489510521,0.0103946508142064,0.0105147579137723
"fg3",1995,1.23840522524404,0.0101874447136422,0.0103092555958411,0.010365384735912,0.0104254260282869,0.0105452232786032
"fg3",1995,1.31400743046535,0.0102207050906635,0.0103419823030338,0.0103981612039561,0.0104582403638493,0.010577588856195
"fg3",1995,1.39422500173794,0.0102558094910921,0.01037668148665,0.0104328894059235,0.0104930675203496,0.010612187364624
"fg3",1995,1.47933969808889,0.0102932556102298,0.0104137216423432,0.0104702442532852,0.0105298077146356,0.0106486414511978
"fg3",1995,1.56965047938013,0.0103335211672646,0.0104533712612998,0.0105095983489604,0.0105688951754178,0.0106875521754808
"fg3",1995,1.66547455638565,0.010376320881945,0.0104954122000657,0.0105512374706494,0.0106106931323817,0.0107290269270247
"fg3",1995,1.76714850497378,0.0104214261751261,0.0105397932239697,0.0105956510269254,0.010655144867026,0.0107731682223219
"fg3",1995,1.87502944830816,0.0104689400839513,0.0105870105952604,0.0106427838949931,0.0107022099116372,0.0108200855195677
"fg3",1995,1.98949631121974,0.0105194025242156,0.0106372219520559,0.0106927402635621,0.010751845087614,0.0108699449185052
"fg3",1995,2.1109511511557,0.0105730594213789,0.010691108676738,0.0107462052539448,0.0108047549642148,0.0109228345997226
"fg3",1995,2.23982057038024,0.0106302887974028,0.0107482340760006,0.010802985229761,0.0108610312580237,0.0109784392114078
"fg3",1995,2.37655721438739,0.0106914844594752,0.0108089416275588,0.0108632708914304,0.0109210747157078,0.0110378203694314
"fg3",1995,2.52164136178906,0.0107566348307492,0.0108737655758047,0.0109274501951129,0.0109853873996818,0.0111009209905514
"fg3",1995,2.67558261126251,0.0108255927059344,0.0109425437289552,0.0109958866207773,0.011053787561933,0.0111679998048471
"fg3",1995,2.83892167148278,0.0108996923839318,0.0110149329377507,0.0110684079441992,0.0111259237283796,0.0112394561126741
"fg3",1995,3.01223226032689,0.0109780574748544,0.011092692548046,0.0111456082024312,0.0112027785350994,0.0113162870537737
"fg3",1995,3.19612312002074,0.0110608672675073,0.0111751478121603,0.0112275871284634,0.0112846884764794,0.0113975003283658
"fg3",1995,3.39124015530679,0.011149164830903,0.0112630627154403,0.0113150532196631,0.011372009503529,0.0114833058360785
"fg3",1995,3.59826870214269,0.0112435595422929,0.0113567325343687,0.0114084601196765,0.0114651264412493,0.0115752550948735
"fg3",1995,3.81793593489939,0.0113442678257027,0.0114566477803149,0.011507786388309,0.011564155420331,0.0116734284695548
"fg3",1995,4.05101342051416,0.0114512850792377,0.0115626056143733,0.0116139736924572,0.0116695610550789,0.0117774290021302
"fg3",1995,4.29831982856944,0.011565194785789,0.0116755788470204,0.0117268303730932,0.0117814651008381,0.0118889268870162
"fg3",1995,4.56072380681678,0.0116867475912247,0.0117966060916775,0.0118468607126055,0.0119009879541147,0.0120079161998578
"fg3",1995,4.83914703224586,0.0118167419958951,0.011924712643063,0.0119746171524327,0.0120279325192404,0.0121337122657422
"fg3",1995,5.13456744841525,0.0119551696938761,0.0120614775125975,0.012110667364279,0.0121634475521189,0.0122677587030442
"fg3",1995,5.44802270041586,0.0121016709870519,0.012207055823723,0.0122556523493103,0.0123079087204054,0.0124125013482264
"fg3",1995,5.78061377953217,0.0122582107700228,0.0123624346713765,0.012410377978002,0.0124621364651745,0.012567216317535
"fg3",1995,6.13350889040284,0.0124261894667374,0.012528146655968,0.0125755866418572,0.0126270325915996,0.0127317155627734
"fg3",1995,6.50794755426392,0.0126056148252508,0.0127053178231255,0.0127517651181639,0.0128026240874513,0.012905839625159
"fg3",1995,6.90524496268694,0.0127958003464872,0.0128937944000202,0.0129398889138625,0.0129900198876463,0.0130914966497535
"fg3",1995,7.32679659710417,0.0129984682579295,0.0130953214689124,0.0131405183087534,0.0131898026197563,0.0132895769039037
"fg3",1995,7.77408313034688,0.0132154628597092,0.0133102357888267,0.0133549496449058,0.0134043215865744,0.0135025218687375
"fg3",1995,8.24867562741276,0.0134460217212411,0.0135399651075155,0.0135845575417393,0.0136324327191406,0.0137301014012685
"fg3",1995,8.75224106373008,0.0136907163565118,0.0137857780709772,0.0138294038182835,0.0138761828256992,0.0139746319163636
"fg3",1995,9.28654818030099,0.0139557480776933,0.0140469752178931,0.0140907191240838,0.0141369312674427,0.0142326118281669
"fg3",1995,9.85347369628978,0.0142358594400429,0.0143264121584379,0.0143703535079966,0.0144161043597419,0.0145111671884299
"fg3",1995,10.4550089008775,0.0145365802291919,0.0146250055047989,0.0146688895722572,0.014714041747113,0.0148067895891404
"fg3",1995,11.0932666475363,0.0148575887106777,0.0149455663529195,0.0149889885287655,0.0150325145798766,0.0151236243131672
"fg3",1995,11.7704887752905,0.0152008057410635,0.0152880552865542,0.0153308532578391,0.0153741029068969,0.0154644782006389
"fg3",1995,12.4890539830312,0.0155678865305419,0.0156546493245719,0.0156973092286448,0.015739563097336,0.0158282297241342
"fg3",1995,13.2514861845419,0.0159595968812998,0.0160461937761562,0.0160896313011061,0.0161306796678769,0.0162214051769313
"fg3",1995,14.0604633735825,0.0163790057008,0.0164654529519096,0.0165090234160486,0.0165509042440877,0.0166412272898554
"fg3",1995,14.918827030169,0.0168266820503876,0.0169133793909762,0.0169582871893294,0.0170010321610438,0.017092561973891
"fg3",1995,15.8295921010881,0.0173060181111549,0.0173930515681789,0.0174395779158702,0.0174836005115322,0.0175769896854783
"fg3",1995,16.7959575897029,0.0178194556040805,0.0179084061770198,0.0179544378243497,0.0179991966543175,0.0180969141404183
"fg3",1995,17.8213177922448,0.0183678020745868,0.0184599273655668,0.0185066252085672,0.0185535497251929,0.0186543848891539
"fg3",1995,18.9092742200594,0.0189552140058471,0.0190507195785741,0.0190990248792976,0.019148177951191,0.0192508178923611
"fg3",1995,20.0636482496822,0.0195840384842615,0.0196835266722594,0.0197342151779103,0.0197859594291275,0.0198940446291989
"fg3",1995,21.2884945451763,0.0202549054214079,0.0203609862255084,0.0204150365701483,0.0204705164137582,0.0205843651790831
"fg3",1995,22.5881152998771,0.0209768252437789,0.0210876888469992,0.0211456952002172,0.021205592732229,0.0213258152248565
"fg3",1995,23.9670753475686,0.021749588555298,0.0218656203716815,0.0219284680246737,0.0219931834114092,0.0221214142641296
"fg3",1995,25.430218196166,0.0225752258627921,0.0227017206289401,0.022769316099997,0.0228382981448437,0.0229745523072436
"fg3",1995,26.9826830402241,0.0234605270672201,0.0235969992774542,0.0236712111089745,0.0237450911742351,0.0238908368436734
"fg3",1995,28.6299228120254,0.0244096785204072,0.0245561081567782,0.0246385906467386,0.0247167066446002,0.0248742588141959
"fg3",1995,30.377723334652,0.0254272400771574,0.0255848235593215,0.0256750179057554,0.0257602076211157,0.0259318216178758
"fg3",1995,32.2322236443143,0.0265172309624792,0.0266874972379009,0.0267863640507889,0.0268777328546357,0.0270643479369364
"fg3",1995,34.1999375533188,0.0276872057648591,0.0278703581291373,0.0279772853063486,0.0280744363837567,0.028273361544942
"fg3",1995,36.287776529412,0.0289384554910866,0.029139722406385,0.0292531944005756,0.0293557618645545,0.0295727527279032
"fg3",1995,38.5030739718634,0.0302791741523625,0.0304967812957857,0.0306196057708954,0.0307275134900169,0.0309648885018067
"fg3",1995,40.8536109695561,0.031709581218882,0.0319485243257395,0.0320808252053244,0.032198590438312,0.0324521695881646
"fg3",1995,43.3476436315576,0.0332410454016125,0.0335017405735,0.0336435703005842,0.033772352429357,0.0340453163174906
"fg3",1995,45.9939320861685,0.0348790770143561,0.035161767444779,0.035313295259866,0.0354515344223729,0.03574520352813
"fg3",1995,48.8017712503066,0.0366312002433715,0.0369329027537625,0.0370949909950085,0.0372445930861107,0.0375558128739871
"fg3",1995,51.7810234773004,0.0385028242106788,0.0388224239864925,0.0389937890536356,0.0391561638426317,0.0394916419833303
"fg3",1995,54.9421531977672,0.040490289315631,0.0408353650981503,0.041015460789046,0.041189710509325,0.041549087286063
"fg3",1995,58.2962636752482,0.0426075124143818,0.0429759583004004,0.0431630306741869,0.043351134409259,0.0437331351176161
"fg3",1995,61.8551360057029,0.0448545734670843,0.045249188985371,0.045443976464968,0.0456441029272026,0.0460493720961683
"fg3",1995,65.6312704978468,0.0472187005370719,0.0476554672176304,0.0478598839137962,0.048074339430045,0.0485063656772639
"fg3",1995,69.6379305796755,0.0497332419667759,0.0502007147679821,0.0504189594148261,0.0506471205770496,0.0510975578051735
"fg3",1995,73.8891893853984,0.0523864669593133,0.0528832187141082,0.0531141994803289,0.0533620923334683,0.0538359435884432
"fg3",1995,78.3999791864106,0.0551717625346727,0.0557084792646182,0.0559549156506276,0.0562165706854392,0.0567258515137519
"fg3",1995,83.1861438399305,0.0580927585428156,0.0586663504126272,0.0589337436275851,0.059216336256033,0.0597599791081909
"fg3",1995,88.2644944395223,0.0611524986498502,0.0617654153377377,0.0620520826823301,0.0623540199410255,0.0629376915090511
"fg3",1995,93.6528683629745,0.064326617829388,0.0649937417970463,0.0653087833779193,0.0656305815555567,0.0662657523550532
"fg3",1995,99.3701919249342,0.067627222421776,0.0683398028900444,0.0686981489244058,0.0690478886971029,0.0697419629325499
"fg3",1995,105.436546854363,0.0710437779086434,0.0718058089165831,0.0722098864985656,0.0725848236595034,0.0733510024660526
"fg3",1995,111.87324083031,0.0745493235243671,0.0753835183037683,0.0758219577770196,0.0762424730800101,0.0770851360512844
"fg3",1995,118.702882323756,0.0781099857042802,0.0790467171633233,0.0795380519901642,0.0800126996570986,0.0809805152552642
"fg3",1995,125.949460008401,0.081727620815186,0.0827737450277644,0.0833323729352358,0.0838685448245551,0.0849495138905764
"fg3",1995,133.638427019334,0.085403715085604,0.0865621916442013,0.0871817293307402,0.0878033908605029,0.0890003067274016
"fg3",1995,141.796790355517,0.0890692057843542,0.0904039123026444,0.0910863822857061,0.0917878690494354,0.0930738532297687
"fg3",1995,150.453205740124,0.0927418664996652,0.0942541011952732,0.0950077572422315,0.0957962910315049,0.097225791522101
"fg3",1995,159.638078271914,0.0964360183225292,0.0980940099956209,0.0989461082993199,0.0998178308377102,0.10143869089589
"fg3",1995,169.383669221169,0.100115332830219,0.101902328758499,0.102845929206881,0.103816780840913,0.105646993685724
"fg3",1995,179.724209345322,0.103648432241853,0.105638745714866,0.106695128757376,0.107759282083127,0.109804780424447
"fg3",1995,190.696019122275,0.107104679743723,0.109292291984684,0.11046093850488,0.111631778107362,0.113896617567494
"fg3",1995,202.337636323727,0.110398718783983,0.112833242322607,0.114118185305806,0.115430374169066,0.117926762275669
"fg3",1995,214.689951376602,0.113559235394766,0.116237044396552,0.117628647508285,0.119105812957276,0.121859336131109
"fg3",1995,227.796350988029,0.116545284761553,0.119480402359897,0.120978256420928,0.122624549251089,0.125646452274541
"fg3",1995,241.702870538339,0.119375612639814,0.122549435417108,0.124172251338206,0.125947222027663,0.12925902563601
"fg3",1995,256.458355777363,0.122045542901004,0.125401789053337,0.127168722163606,0.129066892660872,0.132658824794694
"fg3",1995,272.114634391965,0.124434873815285,0.128032288014772,0.129969441505728,0.131992406128777,0.13587782585862
"fg3",1995,288.726698047437,0.126585468896063,0.130455754107627,0.132514999759195,0.134685220943501,0.138881823787109
"fg3",1995,306.352895542163,0.128571601008261,0.13264261735375,0.134832450618174,0.137133422710239,0.141620677439836
"fg3",1995,325.055137754003,0.130270088592561,0.134604863035054,0.136912800426286,0.139339843846653,0.144091366830137
"fg3",1995,344.899115098233,0.13176108942699,0.136364531675103,0.138775299252255,0.141343259754657,0.146318323272195
"fg3",1995,365.954528260888,0.133114815446271,0.137870158941078,0.140400746361592,0.143084535490918,0.148321905831144
"fg3",1995,388.295333017905,0.134235312022796,0.139159484501704,0.141810867392235,0.144618188879957,0.150078594680003
"fg3",1995,412,0.135183482565709,0.140252451219588,0.143012656836672,0.145906682440061,0.151598099797959
"fg4",1995,1.1,0.0105157538889931,0.0108421532601139,0.0110197020241356,0.0111984970139281,0.0115126361889567
"fg4",1995,1.16715283822147,0.0105408949516624,0.0108671794560374,0.0110440206107258,0.0112223772971546,0.011535273716707
"fg4",1995,1.23840522524404,0.0105684900747802,0.0108940190477047,0.011069926278432,0.0112474586905664,0.011559788376967
"fg4",1995,1.31400743046535,0.0105981444385783,0.0109219294168837,0.0110973897476262,0.0112739476786994,0.0115858226856431
"fg4",1995,1.39422500173794,0.010630064064869,0.0109517920878663,0.01112655387648,0.0113021450440138,0.0116134722843893
"fg4",1995,1.47933969808889,0.010663677544015,0.0109836556945639,0.0111578965783665,0.0113320171436028,0.0116428390081915
"fg4",1995,1.56965047938013,0.0106988877051716,0.0110176586216999,0.0111906998347132,0.0113644867405171,0.011674031306799
"fg4",1995,1.66547455638565,0.0107364369954086,0.0110524475452281,0.0112257098692447,0.0113993412013356,0.0117064848182839
"fg4",1995,1.76714850497378,0.010778582050181,0.0110902124825283,0.0112624257323668,0.0114355163147868,0.0117414994267087
"fg4",1995,1.87502944830816,0.0108209547014906,0.0111311741973287,0.0113016185302517,0.0114736349598252,0.0117782277537479
"fg4",1995,1.98949631121974,0.0108657440393461,0.0111738374300277,0.0113431355046109,0.0115141751588569,0.0118180529500331
"fg4",1995,2.1109511511557,0.0109133412218838,0.0112191506048364,0.0113873136169929,0.0115577408552631,0.0118603557807122
"fg4",1995,2.23982057038024,0.0109635771451058,0.0112677478091503,0.0114345373621245,0.0116037402434432,0.01190459558698
"fg4",1995,2.37655721438739,0.011017325759491,0.011318807906913,0.0114844791854129,0.0116530169385959,0.0119492634938856
"fg4",1995,2.52164136178906,0.011074781769101,0.011375224426334,0.0115384196303718,0.0117046015320553,0.0119977085139071
"fg4",1995,2.67558261126251,0.0111355388561827,0.0114336018827601,0.0115950976104736,0.0117593264225977,0.0120509210632795
"fg4",1995,2.83892167148278,0.0112001010794796,0.0114957875535855,0.011656029453121,0.0118185545804204,0.0121061625564311
"fg4",1995,3.01223226032689,0.0112687837147726,0.011560988811407,0.0117199626481891,0.0118811537795689,0.0121655028622512
"fg4",1995,3.19612312002074,0.0113432518901999,0.0116302609221539,0.011788311969693,0.0119472632709384,0.0122295868259755
"fg4",1995,3.39124015530679,0.0114248195061212,0.011704674902011,0.0118613243217478,0.0120184603286596,0.012296870566412
"fg4",1995,3.59826870214269,0.0115062087811875,0.0117842404215784,0.0119388383725749,0.0120930951818481,0.0123698860040462
"fg4",1995,3.81793593489939,0.011593546069964,0.0118682972480847,0.0120208988787773,0.012173222223709,0.0124482351774571
"fg4",1995,4.05101342051416,0.0116869736200697,0.0119567400348583,0.0121088774375742,0.0122564236777348,0.0125292794961634
"fg4",1995,4.29831982856944,0.0117838422176491,0.0120516147943245,0.0122013023041269,0.0123470918287083,0.0126154278510766
"fg4",1995,4.56072380681678,0.0118894045151077,0.0121525889648055,0.0122999419262088,0.0124444216512392,0.012707417307216
"fg4",1995,4.83914703224586,0.0120015405158915,0.0122595100255661,0.0124043167926491,0.0125467655202454,0.0128067459927881
"fg4",1995,5.13456744841525,0.0121179364736586,0.012373618011251,0.0125165069722049,0.0126561367371022,0.0129114697588361
"fg4",1995,5.44802270041586,0.0122437494912711,0.0124960139520715,0.0126349334341586,0.0127718772310146,0.0130227953868598
"fg4",1995,5.78061377953217,0.0123792493222328,0.0126275415566372,0.0127599895075378,0.0128957267169022,0.013146037633398
"fg4",1995,6.13350889040284,0.0125180686473132,0.0127655195967628,0.0128945243728995,0.0130266268693043,0.0132728019464418
"fg4",1995,6.50794755426392,0.0126681323602022,0.0129128030984513,0.0130394013884216,0.0131685413656519,0.0134118166756623
"fg4",1995,6.90524496268694,0.0128327787199645,0.0130683761351075,0.0131922649272961,0.0133196948033274,0.0135583886767631
"fg4",1995,7.32679659710417,0.0129988281798033,0.0132344455217507,0.0133542459067029,0.0134800054609658,0.0137154545638449
"fg4",1995,7.77408313034688,0.0131765549179126,0.0134116837151514,0.0135277845187389,0.0136514885181689,0.0138816354570135
"fg4",1995,8.24867562741276,0.013365146068818,0.0135993774209728,0.0137141696870761,0.0138341389650613,0.0140628431547135
"fg4",1995,8.75224106373008,0.0135750447851296,0.0138003109225541,0.0139129122475356,0.0140270262532588,0.0142527542709033
"fg4",1995,9.28654818030099,0.0137900925050102,0.0140135181310945,0.0141230014732274,0.0142354424778727,0.0144546647435926
"fg4",1995,9.85347369628978,0.0140224408777253,0.014240858373555,0.0143462187581171,0.0144574043323342,0.0146738335590426
"fg4",1995,10.4550089008775,0.014268776063735,0.0144823741485857,0.0145875469308943,0.0146959183374204,0.014911194149939
"fg4",1995,11.0932666475363,0.0145297984460453,0.0147381012229339,0.0148425305940012,0.0149493868720713,0.0151639995053732
"fg4",1995,11.7704887752905,0.014795215852076,0.0150120449137373,0.0151139535874574,0.0152212915131024,0.0154308801848249
"fg4",1995,12.4890539830312,0.0150846615998681,0.0153014860698557,0.0154029166155714,0.0155117209788433,0.0157230338378839
"fg4",1995,13.2514861845419,0.0153946420769827,0.0156121836825337,0.015712479800668,0.015822106069015,0.0160306556989524
"fg4",1995,14.0604633735825,0.0157266068798197,0.0159411131236941,0.0160436016758551,0.016156372282448,0.0163692612297821
"fg4",1995,14.918827030169,0.0160734209091303,0.0162899892281917,0.0163958661238679,0.0165124979152472,0.0167307885348401
"fg4",1995,15.8295921010881,0.0164395070325803,0.0166620422208899,0.0167758802243356,0.0168936981761447,0.017123320103505
"fg4",1995,16.7959575897029,0.0168193991461621,0.0170571828602854,0.0171787754580535,0.0173035126005808,0.017539756941312
"fg4",1995,17.8213177922448,0.0172360004091671,0.0174776054918433,0.0176064527446645,0.0177416378017254,0.0179924132742701
"fg4",1995,18.9092742200594,0.0176686798646441,0.0179299710446673,0.0180627476689846,0.0182081165607422,0.0184737774545298
"fg4",1995,20.0636482496822,0.0181347867226367,0.018408823500772,0.018550686544117,0.0187090218144986,0.0189899416821678
"fg4",1995,21.2884945451763,0.0186275386521129,0.0189215292389186,0.0190721828150924,0.019242459976702,0.0195463809607093
"fg4",1995,22.5881152998771,0.0191556179620835,0.0194692409736377,0.0196296708789794,0.019814667014437,0.0201467980752361
"fg4",1995,23.9670753475686,0.0197149268090849,0.0200557796888954,0.0202288279326433,0.0204237447415928,0.0207803977111902
"fg4",1995,25.430218196166,0.0203149498368481,0.0206806814805885,0.0208694741117785,0.0210743146285188,0.0214591424035171
"fg4",1995,26.9826830402241,0.0209495628977242,0.0213429941443786,0.0215538181114432,0.0217739263263463,0.0221868199826679
"fg4",1995,28.6299228120254,0.0216318670366251,0.0220521125036173,0.0222821944504862,0.0225169753090186,0.0229546872282116
"fg4",1995,30.377723334652,0.0223581300406394,0.0228143141525075,0.0230596956073441,0.0233138796075328,0.0237900409613666
"fg4",1995,32.2322236443143,0.0231350805587838,0.0236238843289328,0.0238901312675296,0.0241561587144729,0.0246799124897618
"fg4",1995,34.1999375533188,0.0239719651789589,0.024486889162837,0.0247770817710753,0.0250565526761468,0.0256332869427418
"fg4",1995,36.287776529412,0.0248471034185886,0.0254123056506851,0.0257179056172721,0.0260190671802249,0.026637462763706
"fg4",1995,38.5030739718634,0.0257941781875687,0.0263980819866425,0.0267205601762174,0.0270468435447308,0.027717879551459
"fg4",1995,40.8536109695561,0.0267998466133991,0.0274497611724972,0.0277924730548311,0.0281393109155878,0.028862293815347
"fg4",1995,43.3476436315576,0.0278687043382093,0.0285584836474964,0.0289316490086743,0.0293023088132678,0.0300811103448859
"fg4",1995,45.9939320861685,0.029009906212113,0.0297456334190318,0.0301413436787179,0.0305347068961699,0.0313657170377086
"fg4",1995,48.8017712503066,0.030215953688814,0.0310014518798998,0.0314284753186201,0.0318502039899355,0.0327246419090811
"fg4",1995,51.7810234773004,0.0314959283076224,0.0323313026237447,0.0327936374505154,0.0332466715800074,0.0341731255967819
"fg4",1995,54.9421531977672,0.0328632701631807,0.0337461939696841,0.034236306880724,0.0347367550102487,0.0357295863825288
"fg4",1995,58.2962636752482,0.0342804999826833,0.0352358718677847,0.0357613832750157,0.0363022093130304,0.037372343766767
"fg4",1995,61.8551360057029,0.035766736937632,0.0368189425255328,0.0373810263448278,0.0379725811737927,0.0391105707673456
"fg4",1995,65.6312704978468,0.0373254519663716,0.0384679568754176,0.0390781016889327,0.0397390227589144,0.0409970080241018
"fg4",1995,69.6379305796755,0.0390075547304779,0.0402017231391945,0.040880951533017,0.0415915329759768,0.0429780358849869
"fg4",1995,73.8891893853984,0.0407211545099808,0.042009929871023,0.042748192911159,0.0435581078459636,0.045097238892972
"fg4",1995,78.3999791864106,0.0424718396773461,0.0438961586117542,0.0447350071602554,0.0456352384130493,0.0473827993220011
"fg4",1995,83.1861438399305,0.0442232529575749,0.0458708843361311,0.0467871506990203,0.0478191685650994,0.0497607895927581
"fg4",1995,88.2644944395223,0.0460359686801032,0.0479225480267913,0.0489511747127539,0.0500988442955942,0.0522582694414688
"fg4",1995,93.6528683629745,0.0478835942751373,0.0500256756737993,0.0511819436206272,0.0524534088108528,0.0549112644606041
"fg4",1995,99.3701919249342,0.0497779261129899,0.0521795484210879,0.0535318467178565,0.0549276795920126,0.0577104241147346
"fg4",1995,105.436546854363,0.0517050654384216,0.0544226201103374,0.0559263322280562,0.0575160277228978,0.0607024318613084
"fg4",1995,111.87324083031,0.0535904947762796,0.0566664489976371,0.0583818806127689,0.0602081001257757,0.0639652467071511
"fg4",1995,118.702882323756,0.0554229021974889,0.0589507526246032,0.0609224964330832,0.0629975835999754,0.0673549455086961
"fg4",1995,125.949460008401,0.0572474371756521,0.0612293072401187,0.0635029931082291,0.0658612963435249,0.0708354643323942
"fg4",1995,133.638427019334,0.0590545006012856,0.06353797034018,0.0661182349855021,0.068827848234665,0.074407141931441
"fg4",1995,141.796790355517,0.060832364142137,0.0659064001418557,0.0687254626302979,0.0718461271985065,0.0781690420924565
"fg4",1995,150.453205740124,0.0625059135951548,0.0682417414113875,0.071374607863233,0.0748582788083983,0.081996324448736
"fg4",1995,159.638078271914,0.0641589750555605,0.0705357711488897,0.0739693979716081,0.0779386854368931,0.0861235085439248
"fg4",1995,169.383669221169,0.0656917484187011,0.0727195836924696,0.076554122341706,0.0810082250995107,0.090365269185041
"fg4",1995,179.724209345322,0.0672176691330187,0.0748643109684936,0.0790872770020015,0.0841278569180938,0.0946931088824951
"fg4",1995,190.696019122275,0.0686742726678427,0.0769444955588944,0.0816139962647627,0.0872267223734041,0.0990416489855302
"fg4",1995,202.337636323727,0.0699945171993497,0.0789475907847897,0.0840346835970678,0.0902205484711664,0.103405992251655
"fg4",1995,214.689951376602,0.0710899779470924,0.0808491211694531,0.0863777156938518,0.0931134891320732,0.107849836789807
"fg4",1995,227.796350988029,0.0721760219169082,0.0825993772772698,0.0886084820713632,0.0959181560631357,0.112559045450046
"fg4",1995,241.702870538339,0.0731412280518928,0.0843080459638657,0.0906855491388305,0.0987567945255177,0.116944576956566
"fg4",1995,256.458355777363,0.0740299648730512,0.0858301203625241,0.092640419082778,0.101441525591654,0.121364138900396
"fg4",1995,272.114634391965,0.0748000998127937,0.0872119659740275,0.0944695588404861,0.103949389445295,0.125988483247184
"fg4",1995,288.726698047437,0.0754473233896343,0.0884645884910284,0.0961831063273754,0.10625967670734,0.130104289825559
"fg4",1995,306.352895542163,0.0759958269640137,0.089610109057005,0.0977057802969988,0.108400251818569,0.134017940398304
"fg4",1995,325.055137754003,0.0764464377706229,0.0905892559424255,0.0990736283696243,0.110425609972282,0.137699370419055
"fg4",1995,344.899115098233,0.0768244611742991,0.0914632295874478,0.100309538046345,0.112220134079907,0.141447691902148
"fg4",1995,365.954528260888,0.0771329179723319,0.0921564154425728,0.101495974679842,0.11381371111004,0.144915943078793
"fg4",1995,388.295333017905,0.0773804249548016,0.0927553162690079,0.102464304223863,0.115263268976867,0.148247841490213
"fg4",1995,412,0.0775755462788951,0.0932638239229298,0.103294511496468,0.11655097819906,0.151150954284797
"fg5",1995,1.1,0.00988130141719868,0.0102928573337421,0.0105111836891067,0.0107303734434498,0.0111530782935354
"fg5",1995,1.16715283822147,0.00992357702015055,0.0103338478936409,0.0105514394286369,0.0107700792037142,0.0111913501600438
"fg5",1995,1.23840522524404,0.00996782458602192,0.0103765421637859,0.0105934708879075,0.0108121846572615,0.0112332275634865
"fg5",1995,1.31400743046535,0.0100144500045722,0.0104221340448395,0.0106383201953815,0.010856382915931,0.0112766507818376
"fg5",1995,1.39422500173794,0.0100632809158138,0.0104699491350055,0.0106863895627446,0.01090383550364,0.0113236373093721
"fg5",1995,1.47933969808889,0.0101152012568581,0.0105215233133502,0.0107375297912138,0.0109547645705767,0.0113735769749569
"fg5",1995,1.56965047938013,0.0101706114607381,0.010576532144749,0.0107915183941364,0.0110084674445717,0.0114263127498849
"fg5",1995,1.66547455638565,0.0102309984577152,0.0106340280636279,0.0108499144058829,0.0110651537853679,0.0114821379790352
"fg5",1995,1.76714850497378,0.0102931513501238,0.0106966328876071,0.0109110988342737,0.0111257660597011,0.0115419843768941
"fg5",1995,1.87502944830816,0.0103613241189997,0.0107622167355655,0.0109757079529925,0.011190037251907,0.0116062540780829
"fg5",1995,1.98949631121974,0.0104334635862055,0.01083228471469,0.0110446214100957,0.0112577769167289,0.0116725699803575
"fg5",1995,2.1109511511557,0.0105102040303573,0.0109062474510862,0.0111179483869715,0.0113302121147115,0.0117453152766541
"fg5",1995,2.23982057038024,0.0105908642434892,0.010984571600688,0.0111959476878074,0.011406590503626,0.0118214007787928
"fg5",1995,2.37655721438739,0.0106766045940756,0.0110693015786944,0.0112793700801194,0.0114890321469011,0.0119013831432128
"fg5",1995,2.52164136178906,0.0107679270669226,0.0111589682299354,0.0113690488834229,0.0115766750035268,0.0119884062304694
"fg5",1995,2.67558261126251,0.0108654408591215,0.0112549183066407,0.0114644930664487,0.0116699858431828,0.012079961106187
"fg5",1995,2.83892167148278,0.0109687626783178,0.0113574661476948,0.0115655182838214,0.0117693130482246,0.0121787340929222
"fg5",1995,3.01223226032689,0.0110793859384462,0.0114664840984319,0.0116723266088407,0.0118750500681004,0.0122853646490173
"fg5",1995,3.19612312002074,0.0111996343684442,0.0115817388806617,0.0117870014311803,0.0119871403080989,0.0123973551070291
"fg5",1995,3.39124015530679,0.0113238124895829,0.0117056140956083,0.0119082825820032,0.0121065689530917,0.0125180338451502
"fg5",1995,3.59826870214269,0.0114568763966345,0.0118384948376006,0.012038117858725,0.0122354171541399,0.0126445030334681
"fg5",1995,3.81793593489939,0.0115983272384782,0.0119780740056847,0.0121766908325148,0.012372197080859,0.0127763707712789
"fg5",1995,4.05101342051416,0.0117518618387213,0.0121282927257376,0.0123238630060508,0.012518655361879,0.012920133210209
"fg5",1995,4.29831982856944,0.011917447737526,0.012287560472957,0.0124789938952875,0.0126751654682753,0.0130689444639351
"fg5",1995,4.56072380681678,0.0120906503230521,0.0124556528640423,0.0126463646522689,0.0128387952636424,0.0132301790110938
"fg5",1995,4.83914703224586,0.0122710064368725,0.0126364434016637,0.0128243488801738,0.0130138524520699,0.0134058206700379
"fg5",1995,5.13456744841525,0.0124693243658643,0.0128305762590903,0.0130165544100732,0.0132024661513447,0.013592911781167
"fg5",1995,5.44802270041586,0.0126774473071807,0.0130355392164909,0.0132201978243499,0.0134044579429072,0.0137923578218243
"fg5",1995,5.78061377953217,0.0129063582339914,0.0132536892948261,0.0134375316379248,0.0136191047135887,0.0140047056308138
"fg5",1995,6.13350889040284,0.013146007594391,0.0134866658193129,0.0136694355554112,0.0138506710558655,0.014230665371325
"fg5",1995,6.50794755426392,0.0134048319107523,0.0137391922742093,0.013917042542441,0.0140968351638695,0.0144740024685464
"fg5",1995,6.90524496268694,0.0136810304450143,0.0140083905539756,0.0141807311377479,0.0143614931762366,0.0147339673485552
"fg5",1995,7.32679659710417,0.0139723920829952,0.0142949698935513,0.0144654038297379,0.0146435802084192,0.0150146631713416
"fg5",1995,7.77408313034688,0.0142796415350243,0.0145985654920887,0.0147681077417925,0.0149433528620508,0.0153093201200746
"fg5",1995,8.24867562741276,0.0146065261934713,0.0149265942074309,0.0150937029322642,0.0152640565514548,0.0156277623683981
"fg5",1995,8.75224106373008,0.014961580922604,0.0152753335529117,0.0154370416073981,0.0156067957888023,0.0159605621232445
"fg5",1995,9.28654818030099,0.0153351066382787,0.0156465090941945,0.015805822113747,0.0159743428807669,0.0163218107852806
"fg5",1995,9.85347369628978,0.0157365105210974,0.0160418663694471,0.0162008856933163,0.016367302858821,0.0167130809744737
"fg5",1995,10.4550089008775,0.0161639444688364,0.0164660129328139,0.0166237660130766,0.0167864438440939,0.0171291527298407
"fg5",1995,11.0932666475363,0.0166223789439848,0.0169212847422194,0.0170771726547055,0.017237893745781,0.0175745971219095
"fg5",1995,11.7704887752905,0.0171104178354128,0.0174048045886566,0.0175617003987002,0.0177231508906321,0.0180536126442748
"fg5",1995,12.4890539830312,0.0176291438002133,0.0179218917788326,0.0180817024321864,0.018241308336185,0.0185674814206986
"fg5",1995,13.2514861845419,0.0181895112938577,0.0184778334572374,0.0186360744772188,0.0187987819775115,0.0191145679428466
"fg5",1995,14.0604633735825,0.0187801443106705,0.0190703175302025,0.0192317332836311,0.019396008289311,0.0197069901086472
"fg5",1995,14.918827030169,0.019415590630773,0.0197070505110474,0.0198715394666038,0.0200377522217023,0.02034683975363
"fg5",1995,15.8295921010881,0.0200911717379704,0.0203876584657396,0.0205579726780678,0.0207240868340017,0.0210391226959035
"fg5",1995,16.7959575897029,0.0208060463061089,0.0211161154912526,0.0212874641506473,0.0214597939881879,0.0217813674803825
"fg5",1995,17.8213177922448,0.0215732270955507,0.0218903403412736,0.0220752757722014,0.0222511261121301,0.0225820777753977
"fg5",1995,18.9092742200594,0.0223854010883228,0.0227246866029183,0.0229131396065103,0.023095696308681,0.0234498818857266
"fg5",1995,20.0636482496822,0.023256196575173,0.0236141873548561,0.0238137682466778,0.0240015550655456,0.0243717615250823
"fg5",1995,21.2884945451763,0.0241888651014606,0.0245675540813896,0.0247788530955477,0.0249803090384111,0.0253656256223891
"fg5",1995,22.5881152998771,0.0251804764469245,0.0255860725535011,0.0258093551695045,0.0260256107571986,0.0264368331146568
"fg5",1995,23.9670753475686,0.0262223925854222,0.0266728249575985,0.0269100752809254,0.0271448067738309,0.0275899955452808
"fg5",1995,25.430218196166,0.0273600286411351,0.0278362336416811,0.0280873490897494,0.0283415454257672,0.0288195269630569
"fg5",1995,26.9826830402241,0.0285667911565742,0.0290817433375846,0.0293446591595413,0.0296167568323212,0.0301471022599145
"fg5",1995,28.6299228120254,0.0298634065339365,0.0304119790038584,0.0306888442417556,0.0309841834640635,0.0315585348962555
"fg5",1995,30.377723334652,0.0312474881488983,0.0318349040051567,0.0321232515612755,0.0324459983390881,0.0330602237125717
"fg5",1995,32.2322236443143,0.0327201283232886,0.0333455398654347,0.0336575587260645,0.0340040445221802,0.0346660502555428
"fg5",1995,34.1999375533188,0.0342830952518909,0.034956522810807,0.0352934818897691,0.0356610351460322,0.0363524662284598
"fg5",1995,36.287776529412,0.0359493137779216,0.0366646647416575,0.037028775558319,0.0374273902448342,0.0381755673731029
"fg5",1995,38.5030739718634,0.0377133888702306,0.0384814412957357,0.0388725528941848,0.0393048155471308,0.0400903782326079
"fg5",1995,40.8536109695561,0.039581409194648,0.0404093698827973,0.0408341868279126,0.0412939937059456,0.0421267874720649
"fg5",1995,43.3476436315576,0.0415902410501581,0.0424576404598638,0.0429107516976137,0.0433983548359625,0.0442819417666828
"fg5",1995,45.9939320861685,0.0437175633532314,0.0446274755717995,0.0451050260027685,0.0456208994988599,0.0465767503082288
"fg5",1995,48.8017712503066,0.0459594115522158,0.0469199347532265,0.0474227234940316,0.047975273429897,0.0489710964503944
"fg5",1995,51.7810234773004,0.048317281721423,0.0493249901865057,0.0498612737309542,0.0504367973143008,0.0514952219173756
"fg5",1995,54.9421531977672,0.0507915868627667,0.0518588213798894,0.0524280734079919,0.053028935095341,0.0541593488355312
"fg5",1995,58.2962636752482,0.0533823605104751,0.0545115798801975,0.0551193865121139,0.0557409377064372,0.0569367962276041
"fg5",1995,61.8551360057029,0.056090218754068,0.0572916210209168,0.0579205033129336,0.0585625491640562,0.0598199527251758
"fg5",1995,65.6312704978468,0.0589124815193195,0.0601936050621159,0.0608386960945759,0.0615078150075383,0.062834118675239
"fg5",1995,69.6379305796755,0.0618419509021657,0.0631949959539136,0.0638688915213104,0.0645617570909796,0.0659239222997716
"fg5",1995,73.8891893853984,0.0648663203359842,0.0662953607125665,0.0669990087068389,0.0677216537448547,0.0691682449767753
"fg5",1995,78.3999791864106,0.0680125884923389,0.0694789488778064,0.0702065942376707,0.0709746758841749,0.0725190848006805
"fg5",1995,83.1861438399305,0.0711544700625781,0.0727073178573934,0.0735045985344493,0.0743257580583408,0.075918109940986
"fg5",1995,88.2644944395223,0.0743721727185688,0.0759992183767482,0.076870264711966,0.077740159921401,0.0794129720280705
"fg5",1995,93.6528683629745,0.0776222259871226,0.079323996499089,0.0802765860035803,0.081222523527873,0.0830879138073632
"fg5",1995,99.3701919249342,0.0808565516584743,0.0826872268646936,0.0837182755453455,0.0847388487480656,0.0867711469422637
"fg5",1995,105.436546854363,0.0840703895393816,0.0860578224125111,0.0871556506191466,0.0882644715609043,0.0904502361154437
"fg5",1995,111.87324083031,0.0872651228239347,0.0894113996550138,0.0905763087533538,0.0918264064837529,0.0941894174556625
"fg5",1995,118.702882323756,0.090345310298586,0.0927076391443677,0.0939761608392262,0.0953427397244885,0.0979824195114717
"fg5",1995,125.949460008401,0.0932711778986075,0.0959235237486874,0.0973300918827283,0.0987817641113513,0.101712125183806
"fg5",1995,133.638427019334,0.0960737826006546,0.0990731088280387,0.100579756574353,0.102202996025184,0.105376525187758
"fg5",1995,141.796790355517,0.0988291276730414,0.102081344387728,0.103746787800719,0.105532200924038,0.109002149129742
"fg5",1995,150.453205740124,0.101358208900263,0.104951826399664,0.106804796465503,0.10879096005776,0.11258420965725
"fg5",1995,159.638078271914,0.103686809472023,0.107644854240537,0.109689941050717,0.111872408751179,0.116114057389417
"fg5",1995,169.383669221169,0.105943922214178,0.110171061637041,0.112430425304266,0.114821723859314,0.119448708106477
"fg5",1995,179.724209345322,0.107986388350756,0.112492111421858,0.114953572172493,0.117596068105741,0.12264310204601
"fg5",1995,190.696019122275,0.109823964659214,0.114623531259859,0.117305817126277,0.120176361355454,0.125618853226991
"fg5",1995,202.337636323727,0.111534546846326,0.116618226395003,0.119436046197118,0.122562566674721,0.128522920002351
"fg5",1995,214.689951376602,0.113031195947144,0.118375452178624,0.121409228149933,0.124752827602808,0.131227656411931
"fg5",1995,227.796350988029,0.114342599997949,0.119921309663707,0.123136103122243,0.126693087061906,0.133673938276251
"fg5",1995,241.702870538339,0.115446914247503,0.12127162140605,0.124680012203874,0.128493173047586,0.135726026525409
"fg5",1995,256.458355777363,0.116388326848616,0.122415086997663,0.12600062710862,0.130013937736516,0.13761688535418
"fg5",1995,272.114634391965,0.117213589394651,0.123391173505858,0.12715318317401,0.131337981482159,0.139383323889748
"fg5",1995,288.726698047437,0.117839467688237,0.124235092710495,0.128129309275922,0.13248790239823,0.140791805857769
"fg5",1995,306.352895542163,0.118362220131393,0.124972915015832,0.128973797175138,0.133430608569589,0.142147539978611
"fg5",1995,325.055137754003,0.118778898798255,0.125545496149007,0.129656021709775,0.134231383145817,0.143299356873752
"fg5",1995,344.899115098233,0.119074820616204,0.126012595583687,0.130200191570384,0.134900255481765,0.144225780067769
"fg5",1995,365.954528260888,0.119356990229085,0.126360293633303,0.1306500228733,0.135424055231373,0.145042774701521
"fg5",1995,388.295333017905,0.119515381961302,0.126619793414905,0.130990772739162,0.135812560744508,0.145633350626952
"fg5",1995,412,0.119647554745229,0.126806206911714,0.131246085540675,0.136165725320811,0.146109313337204
"unclassified",1995,1.1,0.0129044292269826,0.0142720720072005,0.0149259509703412,0.0155512541186251,0.0167685975212669
"unclassified",1995,1.16715283822147,0.0129422595132624,0.0143038539429602,0.0149565840172368,0.0155787487189446,0.0167929809742787
"unclassified",1995,1.23840522524404,0.0129824231231885,0.0143377207104474,0.0149901158995989,0.0156085594457436,0.0168188468997327
"unclassified",1995,1.31400743046535,0.0130250652938777,0.0143735542819742,0.0150235435514797,0.0156400529135609,0.0168462867519073
"unclassified",1995,1.39422500173794,0.0130719218496364,0.0144150023976241,0.0150611102697522,0.0156751207841494,0.0168758798520729
"unclassified",1995,1.47933969808889,0.0131322701658737,0.0144573654342272,0.0151017691773613,0.0157113973724098,0.0169085482397489
"unclassified",1995,1.56965047938013,0.013196321462298,0.0145039160452529,0.0151435481366043,0.0157526288505697,0.0169432275329064
"unclassified",1995,1.66547455638565,0.0132643233037911,0.0145515045766057,0.0151879870617,0.0157946637398488,0.0169849414770159
"unclassified",1995,1.76714850497378,0.0133348832584922,0.0145992374560052,0.0152367071092281,0.0158382333377751,0.0170295297592487
"unclassified",1995,1.87502944830816,0.0134011456428243,0.0146521846992446,0.0152852221854407,0.0158848860341552,0.017070313948398
"unclassified",1995,1.98949631121974,0.0134678520478974,0.0147089274642188,0.0153377613039236,0.0159337597659882,0.0171134752467335
"unclassified",1995,2.1109511511557,0.0135278799739073,0.0147704187986237,0.0153947286248219,0.0159850610678501,0.0171592967016195
"unclassified",1995,2.23982057038024,0.0135916439734212,0.0148345998481159,0.0154561026669292,0.016038687584001,0.0172079437142218
"unclassified",1995,2.37655721438739,0.0136596256106853,0.0149007576832395,0.0155202747208778,0.0161004766802289,0.0172595921278377
"unclassified",1995,2.52164136178906,0.0137401127065222,0.0149709301354845,0.0155872094949961,0.0161623074252812,0.0173196872887574
"unclassified",1995,2.67558261126251,0.013830374740829,0.0150485117537504,0.0156587944592794,0.0162317266458634,0.017377825917568
"unclassified",1995,2.83892167148278,0.0139247909911443,0.0151315977631867,0.0157343166497201,0.0163018686382452,0.0174393967719146
"unclassified",1995,3.01223226032689,0.0140195019983702,0.0152189046396245,0.0158146422085352,0.0163763174580128,0.0175047648929947
"unclassified",1995,3.19612312002074,0.0141293286614416,0.015303576170262,0.0158997205937841,0.0164575950048768,0.0175749052930559
"unclassified",1995,3.39124015530679,0.0142506282594173,0.0153986458709086,0.0159934264970937,0.0165402295457226,0.0176516518606973
"unclassified",1995,3.59826870214269,0.0143662559989253,0.0155034693830468,0.0160914644588982,0.0166289322380545,0.0177267621814664
"unclassified",1995,3.81793593489939,0.0144911487737099,0.0156135690552094,0.0161978694941843,0.0167231946741392,0.0178138465112757
"unclassified",1995,4.05101342051416,0.0146178949453308,0.0157336707805792,0.0163067012510261,0.0168255911103984,0.0179063443601155
"unclassified",1995,4.29831982856944,0.0147606611572894,0.0158557796623659,0.0164209278910375,0.0169334329115763,0.0180016589185648
"unclassified",1995,4.56072380681678,0.0149336317596109,0.0159906884576819,0.0165448391812048,0.0170513348937153,0.0181013367193572
"unclassified",1995,4.83914703224586,0.0150894507908186,0.0161302957416511,0.0166749020564977,0.0171763833495632,0.0182060882298342
"unclassified",1995,5.13456744841525,0.0152703767252211,0.0162785727118296,0.0168111652017872,0.0173047944702813,0.0183195549844718
"unclassified",1995,5.44802270041586,0.0154457011590516,0.0164340886454196,0.0169557149435978,0.0174516583241275,0.0184404128351928
"unclassified",1995,5.78061377953217,0.0156220192699483,0.0165986197446076,0.0171175598258732,0.0175951163065366,0.0185651126969706
"unclassified",1995,6.13350889040284,0.0158135021531427,0.0167731646578283,0.0172835853356798,0.0177556835095245,0.0187075140215538
"unclassified",1995,6.50794755426392,0.0160230670752153,0.01696469257641,0.0174556345656572,0.0179271238284534,0.0188549793795454
"unclassified",1995,6.90524496268694,0.0162409649778114,0.0171627960894447,0.0176430815565303,0.0181062644418423,0.0190122903408179
"unclassified",1995,7.32679659710417,0.0164997166560008,0.0173736049994777,0.0178454441184792,0.0182927951606322,0.0191788550655694
"unclassified",1995,7.77408313034688,0.0167517045447802,0.017602903363496,0.0180597828850162,0.0184950082192402,0.0193647854967173
"unclassified",1995,8.24867562741276,0.0170222983115376,0.0178423331859719,0.018283681243812,0.0187120664366461,0.0195571978533836
"unclassified",1995,8.75224106373008,0.0172968079933317,0.0180936538611439,0.0185283991909499,0.018938330626513,0.0197618488848721
"unclassified",1995,9.28654818030099,0.0175965533256539,0.0183676613645042,0.0187834523195637,0.0191859629206926,0.0199911063200427
"unclassified",1995,9.85347369628978,0.0179020155715428,0.0186554093230262,0.0190532842198137,0.0194504541286533,0.0202240541059649
"unclassified",1995,10.4550089008775,0.0182135446896165,0.0189528159820611,0.0193302288951116,0.0197251717141554,0.0204772576435469
"unclassified",1995,11.0932666475363,0.0185695920846462,0.01927494622581,0.0196439597491559,0.0200158883157588,0.0207476223271942
"unclassified",1995,11.7704887752905,0.0189196362081977,0.0196070213669075,0.0199754555068853,0.0203303556784301,0.0210377715127003
"unclassified",1995,12.4890539830312,0.0192927322671782,0.019962975559982,0.0203229532730472,0.0206702241894541,0.0213601105277572
"unclassified",1995,13.2514861845419,0.0196758466738043,0.0203334227025341,0.0206904913275716,0.0210264114166302,0.0216920515807393
"unclassified",1995,14.0604633735825,0.020066641518528,0.0207250565516334,0.0210793665118548,0.0214186184478025,0.022076982120247
"unclassified",1995,14.918827030169,0.0204791072893386,0.0211466351937744,0.0214888912699522,0.0218366938931004,0.0224875746770268
"unclassified",1995,15.8295921010881,0.0209148577139154,0.0215873976575284,0.0219250719574875,0.0222784741261725,0.0229061166542823
"unclassified",1995,16.7959575897029,0.0213956450707659,0.0220533967329204,0.0223941666572622,0.0227441633352436,0.0233940701276225
"unclassified",1995,17.8213177922448,0.0218716350121339,0.0225397453686273,0.0228878426293404,0.0232406633359048,0.023941984801757
"unclassified",1995,18.9092742200594,0.0223934693215551,0.0230472816056136,0.0234108604400817,0.023770000834651,0.0245136009817621
"unclassified",1995,20.0636482496822,0.0229013071228414,0.0235804881402735,0.0239556530673102,0.0243420225466706,0.0251074647265751
"unclassified",1995,21.2884945451763,0.0234413166157178,0.0241460094319026,0.0245435228236605,0.0249482955818508,0.0257612552162865
"unclassified",1995,22.5881152998771,0.0240113791670347,0.0247419931950866,0.0251549285284482,0.0255834067409291,0.0264519812134261
"unclassified",1995,23.9670753475686,0.0246095129064438,0.0253711919760148,0.0258032863227296,0.0262653711703702,0.027207436473988
"unclassified",1995,25.430218196166,0.0252100043187758,0.026035024500776,0.0264945777890937,0.026978524545431,0.0280088580167028
"unclassified",1995,26.9826830402241,0.0258725825580587,0.0267386022848821,0.0272190690440974,0.0277444945711724,0.0288632269189688
"unclassified",1995,28.6299228120254,0.0265435028260386,0.0274779539118108,0.0279812105198467,0.0285474341498697,0.0297424318121042
"unclassified",1995,30.377723334652,0.027245631321356,0.028262070302222,0.0287937295293885,0.0293929460328145,0.030661168982305
"unclassified",1995,32.2322236443143,0.028008240913884,0.0290795506249515,0.0296542335620714,0.0302823658743372,0.0316245317588667
"unclassified",1995,34.1999375533188,0.0288106303038947,0.0299378132839275,0.0305524103752041,0.0312185256920894,0.0326222729983764
"unclassified",1995,36.287776529412,0.0296509468357875,0.0308489962487753,0.0315098917236897,0.0322066460298487,0.0336853424819081
"unclassified",1995,38.5030739718634,0.0305445333645727,0.0318117086604445,0.0325099754040807,0.0332357177958962,0.034806609025681
"unclassified",1995,40.8536109695561,0.0314724995997673,0.0328169045329312,0.0335451299253492,0.0343135326806124,0.0359278046099863
"unclassified",1995,43.3476436315576,0.0324792497462637,0.0338588523022968,0.0346426512932057,0.035438072480026,0.0370897224694081
"unclassified",1995,45.9939320861685,0.0335053124938423,0.0349631205775915,0.0357686872100716,0.036612625697241,0.0382833664283819
"unclassified",1995,48.8017712503066,0.0345915697551358,0.0361071888889244,0.0369631469930267,0.0378302676610006,0.0395596748853062
"unclassified",1995,51.7810234773004,0.035737171106328,0.0372975946151758,0.0381910829124654,0.0390914686813962,0.0408276672100753
"unclassified",1995,54.9421531977672,0.0368925865191022,0.0385171554689597,0.0394716291808729,0.0404082550766032,0.0421648614494114
"unclassified",1995,58.2962636752482,0.0380680765062101,0.0398259650284936,0.0407838508651846,0.0417413200946042,0.043585203451034
"unclassified",1995,61.8551360057029,0.0393243656718477,0.0411392890699755,0.0421392058482994,0.0431283095155107,0.0450094043502733
"unclassified",1995,65.6312704978468,0.0406387538886259,0.0424787990049576,0.0435408075430216,0.0445567737806924,0.0465115655319902
"unclassified",1995,69.6379305796755,0.0419248668503897,0.0438688678412687,0.0449511776346332,0.0460405480538241,0.0481068485465045
"unclassified",1995,73.8891893853984,0.0432223382941664,0.045245392355647,0.0463798151907699,0.0475630489576858,0.0498378116424329
"unclassified",1995,78.3999791864106,0.0445481836232255,0.046680355950061,0.0478622820576636,0.0491349970191566,0.0515291947564211
"unclassified",1995,83.1861438399305,0.0456983530597002,0.0480780445154013,0.0493546364033118,0.0507120881031175,0.0534232954385002
"unclassified",1995,88.2644944395223,0.046906284894092,0.0494770197408749,0.0509075165627581,0.0523351860173899,0.0552753791928767
"unclassified",1995,93.6528683629745,0.0480244580424103,0.0508711814534543,0.0524277418887877,0.0539488141415644,0.0571542696882329
"unclassified",1995,99.3701919249342,0.0491085976536686,0.0523080326251291,0.05397691885362,0.055645434059806,0.0590938889467039
"unclassified",1995,105.436546854363,0.0499951021268154,0.0536515321798278,0.0555195469399015,0.0573952115980841,0.0610936873117186
"unclassified",1995,111.87324083031,0.0508411507822864,0.0549393092680196,0.0570413076285194,0.0591350291669333,0.063185695882235
"unclassified",1995,118.702882323756,0.0516089134432157,0.0562319819432171,0.0585265782154286,0.0608955449124332,0.0654727078465868
"unclassified",1995,125.949460008401,0.0523294364977858,0.057409948142943,0.0600143523285452,0.0626086345916156,0.0678167895114127
"unclassified",1995,133.638427019334,0.0529032577641565,0.0585475448550403,0.061442117252629,0.0642902244736495,0.0701591084731902
"unclassified",1995,141.796790355517,0.0534362656906125,0.0595956350932139,0.0628128129186131,0.0659642387382744,0.0725468761583252
"unclassified",1995,150.453205740124,0.0537987591409472,0.0604783258769418,0.064177865984929,0.067657931497383,0.0749220327919353
"unclassified",1995,159.638078271914,0.0541652798338177,0.061414701186987,0.0654601211840394,0.06928973003459,0.0772869329687237
"unclassified",1995,169.383669221169,0.0544167092934613,0.0622285632018008,0.0666336320166932,0.0708677674711831,0.0797270968210455
"unclassified",1995,179.724209345322,0.0547249900744725,0.0629545573832063,0.0676876572522798,0.0723681788170652,0.0822946284655199
"unclassified",1995,190.696019122275,0.05498025827344,0.063591507239205,0.0686242931234166,0.0737424922435134,0.084583227040567
"unclassified",1995,202.337636323727,0.0550886486385682,0.0642006895169627,0.0694680479342997,0.0751055512876592,0.0869815673531662
"unclassified",1995,214.689951376602,0.0553079980602856,0.0647250689694017,0.0703104798581431,0.076300689373585,0.0892805224265236
"unclassified",1995,227.796350988029,0.0554275698788773,0.0651285800325096,0.0710717145855877,0.0773862880664808,0.0916560975012241
"unclassified",1995,241.702870538339,0.0554945160953555,0.0654831160167164,0.071791307680073,0.078385897638894,0.0937607901618361
"unclassified",1995,256.458355777363,0.0555478908747557,0.0657631201481634,0.0723015460383729,0.0792240922903451,0.0956546648857591
"unclassified",1995,272.114634391965,0.0556045625322366,0.0660153106813279,0.072749926909732,0.0799854576127577,0.0973695641183065
"unclassified",1995,288.726698047437,0.0556177676067896,0.0662034465899402,0.073116050516714,0.0807085927477837,0.0991975229185756
"unclassified",1995,306.352895542163,0.0556475900213967,0.0663425978389743,0.0734072986679175,0.0813238668213072,0.100758586522298
"unclassified",1995,325.055137754003,0.0556815482786361,0.0664658933165994,0.0737203705433933,0.0818207857365531,0.102441045117086
"unclassified",1995,344.899115098233,0.0557107975062439,0.066580832549414,0.0739332234672707,0.0822520719518487,0.103953676249971
"unclassified",1995,365.954528260888,0.0557314104156856,0.0666374894327624,0.0741156039101448,0.0826835544909935,0.105301512257614
"unclassified",1995,388.295333017905,0.0557455779672574,0.0666991084604144,0.0742349755961333,0.0829971369934183,0.10649670885445
"unclassified",1995,412,0.055755060695527,0.0667434442847529,0.0743781888631626,0.0832307355175557,0.107558923177472
"alltree",1995,1.1,0.0102465306027139,0.0103409378444118,0.0103922162900043,0.0104445857488821,0.0105375286126444
"alltree",1995,1.16715283822147,0.0102778723475542,0.010372221122858,0.0104233108267403,0.0104754697529615,0.0105685981857013
"alltree",1995,1.23840522524404,0.0103110264635091,0.0104054968921663,0.0104563991085424,0.0105083634382628,0.0106014199590377
"alltree",1995,1.31400743046535,0.0103461099539687,0.0104407100701588,0.0104914939964227,0.0105437508563323,0.0106362907331632
"alltree",1995,1.39422500173794,0.0103836520914358,0.0104781232239624,0.010529036501083,0.0105809812646999,0.0106733500301882
"alltree",1995,1.47933969808889,0.0104233507923361,0.0105178418405489,0.0105688066670884,0.0106205670091855,0.0107127389110971
"alltree",1995,1.56965047938013,0.0104658692926058,0.0105600540175776,0.0106107401422641,0.0106626398162809,0.0107545835027077
"alltree",1995,1.66547455638565,0.0105111835965303,0.0106051922474413,0.0106555693278499,0.0107076822889055,0.0107990096008662
"alltree",1995,1.76714850497378,0.0105592280026369,0.0106529371035159,0.0107032078300252,0.0107553673322528,0.0108462416421137
"alltree",1995,1.87502944830816,0.0106106122546599,0.0107035953400129,0.0107537110714288,0.0108060608755526,0.0108964636742283
"alltree",1995,1.98949631121974,0.0106653591062805,0.010757754464373,0.0108077598782756,0.01085991949198,0.0109502796326739
"alltree",1995,2.1109511511557,0.0107235040845396,0.0108153366423906,0.0108652585478641,0.0109172876839997,0.0110071268998429
"alltree",1995,2.23982057038024,0.0107853823249013,0.0108767609724831,0.0109262985909008,0.0109782888715609,0.0110677526578637
"alltree",1995,2.37655721438739,0.0108509847757595,0.0109418748664098,0.0109914335238091,0.0110432876274763,0.0111327167816496
"alltree",1995,2.52164136178906,0.0109212354074019,0.0110108993592218,0.0110605482804823,0.0111123039934369,0.0112012179696318
"alltree",1995,2.67558261126251,0.0109948518954234,0.0110847508652385,0.0111340877849248,0.0111856616032498,0.0112740715562993
"alltree",1995,2.83892167148278,0.011073286996955,0.011163499464932,0.0112124050450306,0.011263757454573,0.0113517574951985
"alltree",1995,3.01223226032689,0.0111567149129125,0.0112472188789604,0.0112955262192568,0.0113470779134638,0.0114345430896428
"alltree",1995,3.19612312002074,0.0112460847508688,0.0113362662290909,0.0113843685597554,0.0114354018510571,0.0115238113753598
"alltree",1995,3.39124015530679,0.0113416697819295,0.011431303769,0.0114792230148264,0.0115298378284809,0.0116179289103244
"alltree",1995,3.59826870214269,0.0114434878914716,0.0115324070825169,0.0115797812270566,0.0116302864120416,0.0117180866827039
"alltree",1995,3.81793593489939,0.0115517614493763,0.0116402655974025,0.0116870846310555,0.0117376381184619,0.0118244841170142
"alltree",1995,4.05101342051416,0.0116674790866908,0.0117547824312792,0.0118017163123152,0.0118519901025062,0.0119392419736612
"alltree",1995,4.29831982856944,0.0117903747449053,0.011876918717357,0.0119238664021416,0.0119734009599021,0.0120602793170468
"alltree",1995,4.56072380681678,0.0119208584915979,0.0120071545440502,0.0120537444935305,0.0121026360372817,0.0121895265307595
"alltree",1995,4.83914703224586,0.012060082933708,0.0121462389910187,0.0121922354783102,0.0122410577408929,0.0123281982497414
"alltree",1995,5.13456744841525,0.012209105661767,0.0122944258717569,0.0123405047195619,0.0123886949661779,0.0124743605238996
"alltree",1995,5.44802270041586,0.01236864565063,0.0124527668785402,0.0124980401617501,0.0125463735626692,0.0126315264070483
"alltree",1995,5.78061377953217,0.0125382365710256,0.0126216661348467,0.012666867140641,0.012714220516338,0.0127996566043436
"alltree",1995,6.13350889040284,0.012719893180092,0.0128018648721572,0.0128469994301656,0.0128934180996646,0.0129790119402582
"alltree",1995,6.50794755426392,0.0129135770992645,0.0129944661354966,0.0130388143658557,0.0130853638256609,0.0131696929925884
"alltree",1995,6.90524496268694,0.0131195282929089,0.013199923580298,0.0132443040059558,0.0132902325080598,0.0133744570523761
"alltree",1995,7.32679659710417,0.0133396091295527,0.0134196810013913,0.0134634945249659,0.0135096364069027,0.0135945168841172
"alltree",1995,7.77408313034688,0.0135748875525219,0.0136546929326557,0.0136980568701407,0.0137435997149046,0.0138255895894666
"alltree",1995,8.24867562741276,0.0138265658683097,0.0139055259362596,0.0139487355320994,0.0139945766585563,0.0140757600033069
"alltree",1995,8.75224106373008,0.0140955401352152,0.0141740012057315,0.0142167889610426,0.0142623437170825,0.0143434402337242
"alltree",1995,9.28654818030099,0.0143838589289131,0.014461347003417,0.0145043898434938,0.0145493621802175,0.0146292400160575
"alltree",1995,9.85347369628978,0.0146909486592246,0.0147691109045062,0.0148115069334464,0.0148562340907163,0.014937325792673
"alltree",1995,10.4550089008775,0.0150199427947936,0.0150981753373997,0.0151409492885884,0.0151856159213093,0.0152662618030741
"alltree",1995,11.0932666475363,0.0153728454155003,0.0154509988088628,0.0154938709806464,0.0155384722026544,0.0156183992675933
"alltree",1995,11.7704887752905,0.0157511017907783,0.015828842624801,0.0158721983722766,0.0159162843065836,0.0159947423746828
"alltree",1995,12.4890539830312,0.0161558925245051,0.0162348987841161,0.0162776978279079,0.0163213434409107,0.0164000501154432
"alltree",1995,13.2514861845419,0.0165902371692585,0.0166698994359959,0.0167125101192628,0.0167553967126591,0.0168362111043049
"alltree",1995,14.0604633735825,0.0170575457740151,0.017136553036772,0.0171781682100982,0.0172225147663844,0.0173035030314735
"alltree",1995,14.918827030169,0.0175580045483021,0.0176369829538297,0.0176785635404412,0.0177240837830617,0.0178053994789815
"alltree",1995,15.8295921010881,0.0180952892964165,0.018174457820623,0.01821653100572,0.0182614570833387,0.0183449424775761
"alltree",1995,16.7959575897029,0.0186703280349631,0.0187506434670143,0.018795178364281,0.0188411364143439,0.0189265612022615
"alltree",1995,17.8213177922448,0.0192883971258485,0.0193694464339586,0.0194162862740007,0.0194618597812798,0.0195513944542681
"alltree",1995,18.9092742200594,0.0199522112437027,0.0200363683941294,0.0200840207853176,0.0201298576246982,0.0202245595895123
"alltree",1995,20.0636482496822,0.020663115893496,0.0207528133087593,0.0208019840531177,0.0208490467166003,0.020948654120223
"alltree",1995,21.2884945451763,0.0214303163223605,0.021522682264748,0.0215733468676533,0.021624418347098,0.0217284642541858
"alltree",1995,22.5881152998771,0.0222517192379179,0.0223506286839549,0.0224043245592389,0.0224583703455973,0.0225687474195895
"alltree",1995,23.9670753475686,0.0231368155056808,0.0232427345955963,0.0232984794521081,0.023355380019572,0.0234740143266204
"alltree",1995,25.430218196166,0.0240882172128623,0.024201412209506,0.0242598730684841,0.0243224133838095,0.0244486204886834
"alltree",1995,26.9826830402241,0.0251116119516609,0.025232756193656,0.0252959054482225,0.0253627204456655,0.0254938616791602
"alltree",1995,28.6299228120254,0.026214416922108,0.0263440293948569,0.0264109719915858,0.0264840547399979,0.026624980458809
"alltree",1995,30.377723334652,0.0273979091357761,0.0275402001509558,0.027612330955511,0.0276904495232989,0.0278417326679588
"alltree",1995,32.2322236443143,0.0286744770232799,0.0288290944724301,0.0289058904114793,0.0289901956448229,0.0291503936182369
"alltree",1995,34.1999375533188,0.0300498256857159,0.0302162066468522,0.0302998488855471,0.0303901385886924,0.0305625270175854
"alltree",1995,36.287776529412,0.0315305202671736,0.0317082992418257,0.0317999359255538,0.0318970976769288,0.0320812300799545
"alltree",1995,38.5030739718634,0.033121294929544,0.0333150031829114,0.0334127498481147,0.0335167192245138,0.0337176222306751
"alltree",1995,40.8536109695561,0.0348330526768293,0.0350416868405614,0.0351469507463227,0.0352604755500839,0.0354783212475725
"alltree",1995,43.3476436315576,0.0366764051434418,0.0369002305675918,0.0370143874692935,0.0371367305709863,0.0373752414615124
"alltree",1995,45.9939320861685,0.0386582555561289,0.0388968448228869,0.0390202466325839,0.0391536033647568,0.0394052698595663
"alltree",1995,48.8017712503066,0.0407850168225538,0.0410414985168323,0.0411757852241584,0.0413176661003649,0.0415915384257914
"alltree",1995,51.7810234773004,0.0430658464694768,0.0433437816213892,0.0434883213189937,0.043642840654435,0.0439369768094166
"alltree",1995,54.9421531977672,0.0455125517669684,0.0458143201196776,0.045967717511295,0.0461347991971908,0.0464548494919807
"alltree",1995,58.2962636752482,0.0481340455914738,0.048455639697252,0.0486234479485158,0.0488036443615321,0.0491409955992221
"alltree",1995,61.8551360057029,0.0509340233351329,0.0512827868111386,0.0514670388770497,0.0516599798346917,0.0520122986894909
"alltree",1995,65.6312704978468,0.0539277689183111,0.0543064800718081,0.0545000751408895,0.0547067129555344,0.055086803263712
"alltree",1995,69.6379305796755,0.057117422725198,0.0575287644228896,0.0577365955428191,0.057955611503062,0.058357574676601
"alltree",1995,73.8891893853984,0.0605249383354805,0.0609596495228073,0.0611843869749982,0.0614152009378281,0.0618490198522794
"alltree",1995,78.3999791864106,0.0641411941897292,0.0646081016620494,0.0648435405965095,0.0650905617484819,0.0655503682513556
"alltree",1995,83.1861438399305,0.0679731847373942,0.068471225533728,0.0687228573682286,0.0689865248103071,0.0694835390057682
"alltree",1995,88.2644944395223,0.0720364052280353,0.0725536273366151,0.0728311760576756,0.0731034867200282,0.0736276604105524
"alltree",1995,93.6528683629745,0.0763108603619953,0.0768589164876696,0.07715717358202,0.0774478943752108,0.0780152152732548
"alltree",1995,99.3701919249342,0.0807946749878255,0.081380976137873,0.0816983570191679,0.0820173662174137,0.0826361858949686
"alltree",1995,105.436546854363,0.0854775744494177,0.0861250578916313,0.0864689771447951,0.0868053484873856,0.0874872609819587
"alltree",1995,111.87324083031,0.0903830386364847,0.0910806853407826,0.0914413929595901,0.0918158426797906,0.0925687726478078
"alltree",1995,118.702882323756,0.0954789605818557,0.0962202000278972,0.0966151634850144,0.0970312746489294,0.097857814186009
"alltree",1995,125.949460008401,0.100754398140123,0.101554361948369,0.101978851661328,0.102439319260424,0.103333277605437
"alltree",1995,133.638427019334,0.106155771367137,0.107036917750781,0.107506308948838,0.10800843021791,0.108983160009679
"alltree",1995,141.796790355517,0.111663477298207,0.112680169015666,0.113195016330353,0.113736659107961,0.114849163229238
"alltree",1995,150.453205740124,0.117283910393284,0.118433606261181,0.119012308419623,0.119602060191147,0.120815938942055
"alltree",1995,159.638078271914,0.12297037483879,0.124265658090262,0.124894334346638,0.125566741038945,0.126930874473368
"alltree",1995,169.383669221169,0.128691392492356,0.130141743563687,0.130846770588128,0.131594991974261,0.133138840050232
"alltree",1995,179.724209345322,0.134388847837261,0.136060109823767,0.136825978565669,0.137681453585445,0.13941342397509
"alltree",1995,190.696019122275,0.140058068503367,0.141929635476939,0.142789359577318,0.143737101937127,0.145679776733399
"alltree",1995,202.337636323727,0.145647606360458,0.147723153307125,0.148704303418207,0.149753272481562,0.151928191736212
"alltree",1995,214.689951376602,0.151137710226725,0.153415749839814,0.154521191368571,0.15569139224671,0.158051796109974
"alltree",1995,227.796350988029,0.156466901669854,0.158951894179582,0.160190909306029,0.161485724188502,0.164118689353802
"alltree",1995,241.702870538339,0.161574414477509,0.164284725291288,0.165659851454889,0.167104623910515,0.169974191237179
"alltree",1995,256.458355777363,0.166368275717426,0.169411161237915,0.170925732454489,0.172504734538994,0.175649845714605
"alltree",1995,272.114634391965,0.17096268414081,0.17427088544536,0.17593935263911,0.177625536025617,0.181031195194488
"alltree",1995,288.726698047437,0.175286549865218,0.178844158791255,0.180653116124586,0.182483756430178,0.18619175517789
"alltree",1995,306.352895542163,0.179297342506419,0.183085664095453,0.185045479032126,0.187025925540878,0.191071648134946
"alltree",1995,325.055137754003,0.182949156843362,0.186983784731294,0.189094923091527,0.19121619873156,0.195552091033524
"alltree",1995,344.899115098233,0.186265585019717,0.190537773498573,0.192790043216904,0.195056159580549,0.199695277977816
"alltree",1995,365.954528260888,0.189242568247544,0.19373765073883,0.196132850860903,0.19852353352925,0.203554400226227
"alltree",1995,388.295333017905,0.19179579080278,0.196571260458271,0.199128699550371,0.201621523971576,0.206947934781747
"alltree",1995,412,0.194099224097412,0.19906387450704,0.201746255664303,0.204353491988618,0.209964346154945
