person,tag,species,dbh.cm,ht.m,crowndepth.m,crowndiam.m,crownarea.m2,
Helene,440042,alsebl  ,1.25,2.5,0.05,0.37,0.107521009,
Helene,294928,alsebl  ,1.18,2.9,0.05,0.52,0.212371663,
Helene,303060,alsebl  ,1.22,2.9,0.05,0.6,0.282743339,
Helene,269556,alsebl  ,1.13,2.95,0.05,0.7,0.3848451,
Helene,163378,tachve  ,1.28,1.7,0.05,0.72,0.407150408,
Helene,308584,quaras  ,1.03,1.63,0.06,0.99,0.76976874,
Helene,542424,tachve  ,1.19,2.31,0.08,0.84,0.554176944,
OBrien,264614,simaam  ,2.1,3.59,0.09,0.56,0.246300864,
Helene,39669,tab1ro  ,1.93,3.74,0.09,1.15,1.038689071,
Helene,60852,alsebl  ,1.07,2.7,0.1,0.32,0.080424772,
Helene,244208,alsebl  ,1.32,3.2,0.1,0.42,0.138544236,
Helene,H1085   ,cecrin  ,1.62,3.25,0.1,0.53,0.220618344,
Helene,256251,alsebl  ,1.58,2.9,0.1,0.59,0.273397101,
Helene,402095,pri2co  ,1.07,1.45,0.1,0.67,0.352565236,
Helene,417481,protte  ,1.52,3.35,0.1,0.67,0.352565236,
Helene,405691,sponra  ,1.5,3.3,0.1,0.67,0.352565236,
Helene,514996,chr2ar  ,1.04,2.55,0.1,0.82,0.528101725,
Helene,522327,cordbi  ,1.24,2.65,0.1,1.05,0.865901475,
Helene,H1105   ,sponra  ,1.63,2.88,0.1,1.22,1.168986626,
Helene,241373,quaras  ,2.92,3.55,0.1,1.69,2.243175694,
Bohlman,35639,diptpa  ,2.6,6.3,0.1,NA,NA,
Helene,H1024   ,sponra  ,2.09,3.85,0.15,0.23,0.041547563,
Helene,102274,brosal  ,1.43,1.2,0.15,0.3,0.070685835,
Helene,547087,alsebl  ,1.07,2.45,0.15,0.34,0.090792028,
Helene,H1087   ,cecrin  ,1.21,2.15,0.15,0.4,0.125663706,
Helene,424136,alsebl  ,1.12,2.65,0.15,0.75,0.441786467,
Helene,52387,tab1ro  ,1.73,2.9,0.15,0.76,0.453645979,
Helene,519995,sponra  ,1.22,2.15,0.15,1.07,0.899202357,
Helene,H1104   ,sponra  ,1.26,2.25,0.15,1.07,0.899202357,
Helene,419511,tachve  ,2.32,2.9,0.15,1.22,1.168986626,
Helene,H1086   ,cecrin  ,2.49,4.5,0.15, NA,NA,
OBrien,230257,cordla  ,3,5.5,0.17,0.34,0.090792028,
Helene,439566,tab1ro  ,1.79,1.93,0.17,0.92,0.664761005,
Helene,541288,alsebl  ,1.31,2.02,0.17, NA,NA,
Helene,57815,quaras  ,1.97,1.74,0.19,0.62,0.301907054,
OBrien,285074,poular  ,1.6,2,0.2,0.31,0.075476764,
Helene,515130,cordbi  ,1.73,4,0.2,0.37,0.107521009,
Bohlman,449996,ast2gr  ,1.2,5.8,0.2,0.38,0.113411495,
Bohlman,445949,cavapl  ,2.1,4.4,0.2,0.47,0.173494454,
Helene,501037,chr2ar  ,1.07,1.7,0.2,0.5,0.196349541,
Helene,505172,sponra  ,1.46,1.65,0.2,0.52,0.212371663,
Helene,526336,alsebl  ,1.1,2.15,0.2,0.75,0.441786467,
Helene,412977,protte  ,1.3,NA      ,0.2,0.84,0.554176944,
Helene,H1033   ,cecrin  ,1.62,3.3,0.2,0.89,0.622113885,
Helene,35676,tab1ro  ,1.53,3.2,0.2,1.06,0.882473376,
Helene,63966,alsebl  ,1.74,2.1,0.2,1.34,1.410260942,
Helene,H1083   ,cecrin  ,4.14,7.4,0.2, NA,NA,
Helene,541126,tachve  ,1.5,2.15,0.21,1.12,0.985203456,
Helene,503311,cordbi  ,1.52,1.34,0.22,0.1,0.007853982,
Helene,38589,tab1ro  ,1.2,2.17,0.22,0.71,0.395919214,
Helene,H3121   ,cordbi  ,1.01,1.7,0.24,0.62,0.301907054,
OBrien,54307,ingama  ,4.2,7.1,0.24,0.66,0.34211944,
OBrien,265440,picrla  ,1.1,3.5,0.25,0.09,0.006361725,
Helene,523574,simaam  ,2.37,2.9,0.25,0.45,0.159043128,
OBrien,401151,simaam  ,1.5,2.25,0.25,0.5,0.196349541,
Helene,506147,sponra  ,1.9,2.65,0.25,0.52,0.212371663,
Helene,H1069   ,cecrin  ,1.35,2.75,0.25,0.55,0.237582944,
Helene,517273,sponra  ,1.07,2.1,0.25,0.57,0.255175863,
Helene,544967,tab1ro  ,1.32,2.45,0.25,0.62,0.301907054,
Helene,291056,beilpe  ,1.32,2.15,0.25,0.69,0.373928066,
Helene,524262,tet2pa  ,1.08,2.85,0.25,0.72,0.407150408,
Helene,H3194   ,sponra  ,1.14,1.55,0.25,0.91,0.650388219,
Helene,298329,tachve  ,1.53,2.25,0.25,0.92,0.664761005,
Helene,H1005   ,sponra  ,1.01,2.25,0.25,1.02,0.817128249,
Helene,42284,virose  ,1.55,2.18,0.25,1.04,0.849486654,
Helene,409529,eugeoe  ,1.3,1.7,0.25,1.52,1.814583917,
Helene,H1079   ,cecrin  ,2.31,5.3,0.25, NA,NA,
Helene,H1081   ,cecrin  ,3.19,6.95,0.25, NA,NA,
OBrien,253784,loncla  ,2.6,4,0.27,0.31,0.075476764,
Helene,38677,virose  ,1.13,1.77,0.27,1.34,1.410260942,
Helene,444769,tachve  ,1.54,1.91,0.28,1.31,1.347821788,
Helene,38551,chr2ar  ,1.43,2.27,0.29,0.74,0.430084034,
Helene,H1103   ,sponra  ,1.17,2.03,0.29,0.84,0.554176944,
Helene,H20289  ,cecrin  ,2.93,5.62,0.29, NA,NA,
OBrien,296721,loncla  ,1.3,3.2,0.3,0.19,0.028352874,
OBrien,445229,tab1ro  ,1.2,2.5,0.3,0.19,0.028352874,
OBrien,436984,tab1gu  ,1.4,2.45,0.3,0.38,0.113411495,
Helene,441289,alsebl  ,1.59,3.25,0.3,0.39,0.119459061,
Helene,422103,hirttr  ,1.57,1.35,0.3,0.39,0.119459061,
Bohlman,548002,sloate  ,1.3,4,0.3,0.58,0.264207942,
Helene,193893,beilpe  ,1.65,2.2,0.3,0.67,0.352565236,
Helene,119424,quaras  ,1.67,1.8,0.3,0.68,0.363168111,
Helene,270265,tet2pa  ,1.7,2.5,0.3,0.84,0.554176944,
Helene,303225,tachve  ,1.31,1.95,0.3,0.85,0.567450173,
Helene,46377,sloate  ,1.08,1.95,0.3,0.86,0.580880482,
Helene,227794,tachve  ,1.84,3.25,0.3,0.87,0.59446787,
Helene,547979,tab1ro  ,1.25,3.35,0.3,1.04,0.849486654,
Helene,538038,drypst  ,1.11,2.7,0.3,1.07,0.899202357,
Helene,404357,simaam  ,1.35,1.9,0.3,1.15,1.038689071,
Helene,505939,alsebl  ,1.11,2.45,0.3,1.18,1.093588403,
Helene,H3138   ,tachve  ,1.31,1.1,0.3,1.18,1.093588403,
Helene,H3135   ,cordbi  ,1.61,3.6,0.3,1.2,1.130973355,
Helene,520194,sponra  ,1.53,2.1,0.3,1.6,2.010619298,
OBrien,119457,mourmy  ,7.3,5.7,0.32,1.5,1.767145868,
OBrien,417050,tachve  ,1.5,1.83,0.33,0.41,0.132025431,
OBrien,410034,cordbi  ,1.4,3.75,0.35,0.25,0.049087385,
Helene,41332,gar2in  ,2.03,2,0.35,0.41,0.132025431,
Helene,534273,micoar  ,1.92,2.6,0.35,0.45,0.159043128,
Helene,405451,chr2ar  ,1.13,1.65,0.35,0.55,0.237582944,
Helene,H3136   ,cordbi  ,1.67,1.65,0.35,0.57,0.255175863,
Helene,248562,cordbi  ,2.18,2.3,0.35,0.67,0.352565236,
Helene,207048,alsebl  ,1.38,1.75,0.35,0.73,0.418538681,
Helene,508153,protte  ,1.17,3,0.35,0.92,0.664761005,
Helene,540186,tachve  ,1.38,1.15,0.35,0.92,0.664761005,
Helene,503301,tachve  ,1.25,1.6,0.35,0.95,0.708821842,
Helene,422779,chr2ar  ,1.2,2.75,0.35,0.96,0.723822947,
Helene,307044,protte  ,1.42,4.05,0.35,0.97,0.738981132,
Helene,266387,alsebl  ,1.12,2.55,0.35,1.05,0.865901475,
Helene,H1019   ,cecrin  ,2.36,4.55,0.35,1.15,1.038689071,
Helene,548127,quaras  ,1.2,1.95,0.35,1.15,1.038689071,
Helene,H3191   ,tachve  ,1.43,1.95,0.35,1.27,1.266768698,
Helene,H1003   ,sponra  ,2.22,4.05,0.35,1.32,1.36847776,
Helene,H1057   ,micoar  ,1.39,3.15,0.35,1.39,1.517467792,
Helene,H1095   ,micoar  ,1.42,3.85,0.35,1.4,1.5393804,
Helene,504315,tachve  ,1.38,1.75,0.35,1.42,1.583676857,
Helene,H1063   ,cecrin  ,3.23,6.4,0.35, NA,NA,
OBrien,251687,soroaf  ,2.5,3.23,0.36,0.41,0.132025431,
OBrien,404358,cordbi  ,1.6,3.87,0.37,0.66,0.34211944,
Helene,440949,tachve  ,1.56,2.24,0.39,1.2,1.130973355,
Helene,242773,alsebl  ,1.47,1.6,0.4,0.49,0.188574099,
Helene,H3120   ,cordbi  ,1.13,1.45,0.4,0.59,0.273397101,
Helene,H1016   ,cecrin  ,1.54,2.25,0.4,0.65,0.331830724,
Helene,413999,tet2pa  ,1.12,1.65,0.4,0.67,0.352565236,
Helene,244427,beilpe  ,1.24,3.05,0.4,0.68,0.363168111,
Helene,231262,sloate  ,1.12,1.55,0.4,0.69,0.373928066,
Helene,407676,chr2ar  ,1.73,NA      ,0.4,0.72,0.407150408,
Helene,H1088   ,cecrin  ,3,5.9,0.4,0.74,0.430084034,
Helene,277369,alsebl  ,2.4,3.65,0.4,0.75,0.441786467,
Helene,407246,cordbi  ,1.43,4.1,0.4,0.75,0.441786467,
Helene,205305,pri2co  ,1.76,2.8,0.4,0.82,0.528101725,
Helene,280466,gar2in  ,1.19,NA      ,0.4,0.85,0.567450173,
Helene,273186,tachve  ,1.88,1.9,0.4,0.89,0.622113885,
Helene,103661,drypst  ,1.96,2.15,0.4,0.9,0.636172512,
Helene,200227,alsebl  ,1.99,4.45,0.4,1.02,0.817128249,
Helene,446425,tab1ro  ,1.11,1.9,0.4,1.07,0.899202357,
Helene,533039,tachve  ,1.36,1.7,0.4,1.2,1.130973355,
Helene,520258,cordbi  ,1.86,2.55,0.4,1.22,1.168986626,
Helene,408968,tachve  ,1.85,2.85,0.4,1.22,1.168986626,
Helene,104121,protte  ,1.51,4.05,0.4,1.3,1.327322896,
Helene,55563,tachve  ,1.94,2.6,0.4,1.35,1.431388153,
Helene,416235,cordbi  ,2.55,4.6,0.4,1.37,1.474113813,
Helene,444043,tachve  ,1.78,3.05,0.4,1.4,1.5393804,
Helene,409142,cordbi  ,2.78,5.2,0.4,1.59,1.985565097,
Helene,404358,cordbi  ,1.84,3.3,0.4,1.64,2.1124069,
Helene,160762,hirttr  ,1.79,2.65,0.4,1.93,2.925529619,
Helene,506314,cordbi  ,2.21,3.15,0.4,2,3.141592654,
Helene,310623,virose  ,2.11,3.39,0.41,1.85,2.688025214,
OBrien,53934,swars1  ,3,5.6,0.42,0.66,0.34211944,
OBrien,18884,guargu  ,8.1,12.24,0.43,1.06,0.882473376,
Helene,313476,tachve  ,1.77,3.05,0.44,1.42,1.583676857,
Helene,440952,quaras  ,1.89,2.65,0.44,2.24,3.940813825,
Helene,122063,eugeoe  ,1.73,3.15,0.45,0.6,0.282743339,
Helene,430389,quaras  ,1.04,1.8,0.45,0.63,0.311724531,
Helene,508059,micoar  ,1.11,3.2,0.45,0.67,0.352565236,
Helene,510058,beilpe  ,1.32,1.7,0.45,0.76,0.453645979,
Helene,443549,tab1ro  ,1.4,2.95,0.45,0.97,0.738981132,
Helene,443410,tet2pa  ,1.43,3.8,0.45,0.99,0.76976874,
Helene,252324,cordbi  ,2.29,4,0.45,1.1,0.950331778,
Helene,504087,tachve  ,1.6,2.55,0.45,1.22,1.168986626,
Helene,183721,tachve  ,2.66,4.1,0.45,1.25,1.22718463,
Helene,307413,eugeoe  ,1.99,NA      ,0.45,1.43,1.606060704,
Helene,56944,chr2ar  ,1.89,3.37,0.45,1.67,2.190396938,
Helene,503030,simaam  ,2.44,4.95,0.45, NA,NA,
Bohlman,143618,virosu  ,2.2,4.16,0.46,0.88,0.608212338,
Helene,547962,alsebl  ,1.16,2.52,0.47,1.06,0.882473376,
Helene,448657,drypst  ,1.27,1.98,0.48,1.02,0.817128249,
Helene,23548,tab1ro  ,1.63,2.72,0.48,1.12,0.985203456,
OBrien,238480,tachve  ,2.5,4.08,0.49,0.59,0.273397101,
Helene,62792,drypst  ,1.61,2.71,0.49,1.17,1.075131546,
OBrien,258863,guarsp  ,1.4,2.5,0.5,0.28,0.061575216,
OBrien,404049,protpa  ,1.4,3,0.5,0.41,0.132025431,
OBrien,185284,tab1ro  ,2.5,5.15,0.5,0.41,0.132025431,
OBrien,256459,cassel  ,1.4,2.5,0.5,0.44,0.152053084,
OBrien,203493,psycma  ,1.3,1.85,0.5,0.44,0.152053084,
Helene,401982,cordbi  ,2.33,2.45,0.5,0.52,0.212371663,
Helene,548057,tab1ro  ,1.65,3.25,0.5,0.57,0.255175863,
OBrien,261150,hybapr  ,1.6,1.5,0.5,0.66,0.34211944,
OBrien,143746,mourmy  ,1.5,2.7,0.5,0.66,0.34211944,
OBrien,404045,heisco  ,1.7,2.75,0.5,0.72,0.407150408,
Helene,H3144   ,cecrin  ,1.59,2.7,0.5,0.77,0.465662571,
Helene,65823,beilpe  ,3.05,NA      ,0.5,0.81,0.515299735,
Helene,502148,simaam  ,2.3,4.9,0.5,0.85,0.567450173,
Helene,H3145   ,cordbi  ,1.48,3.2,0.5,0.86,0.580880482,
Helene,446256,tab1ro  ,1.9,3.1,0.5,0.87,0.59446787,
Helene,292575,virose  ,1.5,1.6,0.5,0.93,0.679290872,
Helene,270306,beilpe  ,1.37,1.45,0.5,0.99,0.76976874,
Helene,278777,chr2ar  ,1.48,3.45,0.5,1.06,0.882473376,
Helene,H3170   ,sponra  ,2.31,2.6,0.5,1.12,0.985203456,
Helene,543152,drypst  ,1.07,1.4,0.5,1.14,1.020703453,
Helene,429225,chr2ar  ,1.36,3.75,0.5,1.18,1.093588403,
Helene,H1001   ,cecrin  ,1.49,3.05,0.5,1.27,1.266768698,
Helene,422768,beilpe  ,1.38,2.45,0.5,1.31,1.347821788,
Helene,23911,virose  ,1.85,3.25,0.5,1.36,1.452672443,
Helene,208688,tachve  ,1.78,2.55,0.5,1.4,1.5393804,
Helene,108916,pri2co  ,1.97,1.7,0.5,1.49,1.743662463,
Helene,535225,micoar  ,2.53,6.05,0.5,1.84,2.659044022,
Helene,43049,tachve  ,1.93,3.17,0.51, NA,NA,
Helene,542382,cordbi  ,1.79,3.24,0.54,1.15,1.038689071,
Helene,526995,sponra  ,1.12,1.75,0.55,0.55,0.237582944,
Helene,H1058   ,micoar  ,1.41,3.65,0.55,0.7,0.3848451,
Helene,407372,simaam  ,1.13,2.6,0.55,0.7,0.3848451,
Helene,H3174   ,tet2pa  ,1.35,2.25,0.55,0.75,0.441786467,
Helene,282147,tet2pa  ,1.67,2.3,0.55,0.82,0.528101725,
Helene,H3143   ,cordbi  ,1.24,3.05,0.55,0.85,0.567450173,
Helene,227511,hirttr  ,1.24,3.55,0.55,0.9,0.636172512,
Helene,H3220   ,tab1ro  ,1.12,2,0.55,0.99,0.76976874,
Helene,403535,sponra  ,2.14,3.4,0.55,1.02,0.817128249,
Helene,507110,tachve  ,1.27,1.75,0.55,1.02,0.817128249,
Helene,190517,drypst  ,1.69,3.15,0.55,1.12,0.985203456,
Helene,416932,protte  ,1.34,2.2,0.55,1.14,1.020703453,
Helene,166378,tab1ro  ,2.33,2.7,0.55,1.2,1.130973355,
Helene,253710,brosal  ,1.63,1.75,0.55,1.22,1.168986626,
Helene,208209,chr2ar  ,1.78,3.5,0.55,1.22,1.168986626,
Helene,20187,tachve  ,2.13,4.05,0.55,1.27,1.266768698,
Helene,43874,quaras  ,1.74,3,0.55,1.37,1.474113813,
Helene,540183,tachve  ,1.4,1.59,0.55,1.42,1.583676857,
Helene,H3115   ,cordbi  ,1.89,3.1,0.55,1.52,1.814583917,
Helene,408194,tachve  ,1.76,2.65,0.55,1.52,1.814583917,
Helene,H3141   ,beilpe  ,1.39,2.9,0.55,1.55,1.886919088,
Helene,91181,brosal  ,1.65,3.35,0.55,1.67,2.190396938,
Helene,446483,chr2ar  ,1.42,2.25,0.55,1.73,2.350618163,
Helene,297190,eugeoe  ,1.79,3.55,0.55,1.75,2.405281875,
Helene,H3123   ,simaam  ,1.85,2.3,0.55,1.77,2.460573906,
Helene,218857,hirttr  ,2.14,2.8,0.55,2.18,3.732526232,
Helene,H1080   ,cecrin  ,2.9,6.25,0.55, NA,NA,
OBrien,293951,pochse  ,1.9,3.62,0.57,0.75,0.441786467,
Helene,73311,virose  ,1.82,2.12,0.57,1,0.785398163,
Helene,447667,brosal  ,1.17,2.06,0.58,0.81,0.515299735,
OBrien,427076,laciag  ,1.1,2.35,0.6,0.34,0.090792028,
Helene,203459,protte  ,1.34,2.6,0.6,0.67,0.352565236,
Helene,440697,tachve  ,1.58,1.25,0.6,0.67,0.352565236,
OBrien,199270,pla1pi  ,3,3.4,0.6,0.69,0.373928066,
Helene,544971,chr2ar  ,1.06,2.25,0.6,0.75,0.441786467,
Helene,220810,pri2co  ,1.94,1.25,0.6,0.85,0.567450173,
Helene,279088,pri2co  ,1.21,1.4,0.6,0.88,0.608212338,
Helene,57535,drypst  ,1.36,3.1,0.6,0.89,0.622113885,
Helene,529041,simaam  ,1.43,2.9,0.6,0.9,0.636172512,
Helene,H3127   ,sponra  ,1.07,1.95,0.6,0.92,0.664761005,
Helene,226232,tet2pa  ,1.57,3.4,0.6,0.94,0.693977817,
Helene,H1094   ,micoar  ,1.77,4.95,0.6,0.98,0.754296396,
Helene,411045,pri2co  ,1.28,1.65,0.6,0.99,0.76976874,
Helene,H3139   ,tachve  ,1.35,1.9,0.6,1.07,0.899202357,
Helene,517026,hirttr  ,1.14,2.35,0.6,1.08,0.916088418,
Helene,447080,protte  ,1.91,NA      ,0.6,1.08,0.916088418,
Helene,H2076   ,simaam  ,1.54,1.75,0.6,1.15,1.038689071,
Helene,H3173   ,pri2co  ,1.13,1.45,0.6,1.25,1.22718463,
Helene,526238,protte  ,1.15,2.8,0.6,1.29,1.306981084,
Helene,131002,pri2co  ,2.75,2.15,0.6,1.31,1.347821788,
Helene,40250,drypst  ,1.69,2.55,0.6,1.5,1.767145868,
Helene,218991,tachve  ,2.87,1.95,0.6,1.51,1.790786352,
Helene,220319,pri2co  ,2.1,1.25,0.6,1.54,1.862650284,
Helene,H3133   ,alsebl  ,1.31,2.65,0.6,1.57,1.935927933,
Helene,190578,tachve  ,2.17,2.85,0.6,1.57,1.935927933,
Helene,531010,hirttr  ,1.19,2.55,0.6,1.69,2.243175694,
Helene,416705,cordbi  ,3.5,4.95,0.6,1.99,3.110255267,
Helene,H1026   ,cecrin  ,3.94,5.55,0.6,2.05,3.300635782,
Helene,H1021   ,cecrin  ,3.37,6.25,0.6, NA,NA,
Helene,439545,chr2ar  ,1.16,1.8,0.6, NA,NA,
OBrien,255442,eugeoe  ,4.3,4.49,0.61,1.16,1.056831769,
Helene,18378,gar2in  ,1.58,2.06,0.61,1.2,1.130973355,
OBrien,441871,guatdu  ,1.4,2.55,0.65,0.38,0.113411495,
OBrien,293262,swars1  ,1.3,2.65,0.65,0.5,0.196349541,
Helene,282298,alsebl  ,1.44,3.25,0.65,0.56,0.246300864,
Helene,80244,drypst  ,1.41,2.25,0.65,0.62,0.301907054,
OBrien,447460,protte  ,1.9,1.9,0.65,0.66,0.34211944,
Helene,H3217   ,tab1ro  ,1.1,1.35,0.65,0.71,0.395919214,
Helene,401390,chr2ar  ,1.58,1.85,0.65,0.73,0.418538681,
Helene,H1046   ,luehse  ,1.46,2.25,0.65,0.74,0.430084034,
Helene,H1112   ,micoar  ,1.18,3.25,0.65,0.77,0.465662571,
Bohlman,123418,ceibpe  ,4.1,6.25,0.65,0.78,0.477836243,
Helene,H1114   ,micoar  ,1.05,2.95,0.65,0.79,0.490166994,
Helene,510382,simaam  ,1.55,3.05,0.65,0.79,0.490166994,
Helene,446623,drypst  ,1.49,1.45,0.65,0.9,0.636172512,
Helene,511124,simaam  ,1.64,1.2,0.65,0.92,0.664761005,
Helene,232542,tachve  ,1.98,3.55,0.65,0.92,0.664761005,
Helene,511202,tet2pa  ,1.25,2.35,0.65,0.94,0.693977817,
Helene,151619,drypst  ,1.6,3.45,0.65,1.02,0.817128249,
Helene,411048,tet2pa  ,1.45,3.65,0.65,1.02,0.817128249,
Helene,414719,protte  ,1.38,2.95,0.65,1.07,0.899202357,
Helene,502215,simaam  ,1.67,3.2,0.65,1.07,0.899202357,
Helene,303151,quaras  ,1.58,3.3,0.65,1.14,1.020703453,
Helene,138848,simaam  ,1.9,3.8,0.65,1.14,1.020703453,
Helene,51566,chr2ar  ,1.34,2.7,0.65,1.16,1.056831769,
Helene,421117,drypst  ,1.1,2.2,0.65,1.17,1.075131546,
Helene,80305,drypst  ,1.52,3.45,0.65,1.2,1.130973355,
Helene,272869,tet2pa  ,1.87,5.5,0.65,1.37,1.474113813,
Helene,73207,tachve  ,2.08,3.35,0.65,1.49,1.743662463,
Helene,228455,gar2in  ,1.58,2.3,0.65,1.52,1.814583917,
Helene,235277,pri2co  ,1.91,2.65,0.65,1.62,2.06119894,
Helene,407131,chr2ar  ,1.07,2.5,0.65,1.88,2.775911269,
Helene,544941,chr2ar  ,1.43,2.3,0.65,1.9,2.83528737,
Helene,535092,beilpe  ,1.22,1.35,0.65, NA,NA,
Helene,230705,pri2co  ,1.69,1.75,0.65, NA,NA,
Helene,448631,alsebl  ,1.79,3.17,0.66,1.24,1.207628216,
Helene,536344,beilpe  ,1.62,3.03,0.66,1.57,1.935927933,
Helene,541123,quaras  ,1.37,2.32,0.68,1.59,1.985565097,
OBrien,123861,pochse  ,2.3,3.77,0.69,0.69,0.373928066,
OBrien,37871,guargu  ,1.8,3.2,0.7,0.47,0.173494454,
OBrien,430389,gar2in  ,1.1,2.05,0.7,0.5,0.196349541,
OBrien,190517,drypst  ,1.6,3.65,0.7,0.56,0.246300864,
Helene,H1020   ,cecrin  ,1.76,3.05,0.7,0.65,0.331830724,
Helene,446149,gar2in  ,1.27,1.85,0.7,0.71,0.395919214,
Helene,227212,sloate  ,1.27,2,0.7,0.77,0.465662571,
Helene,45698,alsebl  ,1.72,3.7,0.7,0.79,0.490166994,
Helene,101526,alsebl  ,1.75,2.8,0.7,0.84,0.554176944,
Helene,104106,alsebl  ,1.58,3.4,0.7,0.87,0.59446787,
Helene,55447,beilpe  ,1.64,2.9,0.7,0.92,0.664761005,
Helene,510139,tachve  ,1.31,1.75,0.7,0.92,0.664761005,
Bohlman,60682,huracr  ,6,8.9,0.7,0.94,0.693977817,
Helene,160554,hirttr  ,1.53,2.9,0.7,1.22,1.168986626,
Helene,525060,tachve  ,1.31,1.6,0.7,1.22,1.168986626,
Helene,H3130   ,alsebl  ,1.4,2.35,0.7,1.24,1.207628216,
Helene,524112,micoar  ,2.48,6.1,0.7,1.34,1.410260942,
Helene,H3126   ,sponra  ,1.75,2.25,0.7,1.42,1.583676857,
Helene,231616,sloate  ,1.28,2.25,0.7,1.44,1.628601632,
Helene,H3180   ,alsebl  ,1.47,3.1,0.7,1.55,1.886919088,
Helene,420356,luehse  ,1.83,3.5,0.7,1.9,2.83528737,
Helene,H1037   ,luehse  ,1.63,2.45,0.7,1.96,3.017185585,
Helene,H1070   ,cecrin  ,3.66,6.55,0.7, NA,NA,
Helene,H3168   ,alsebl  ,1.13,1.85,0.73,0.67,0.352565236,
Helene,311592,brosal  ,1.57,3.65,0.73,1.89,2.805520779,
OBrien,261417,tab2ar  ,1.2,3,0.75,0.44,0.152053084,
Helene,117454,alsebl  ,1.62,4,0.75,0.59,0.273397101,
OBrien,246110,soroaf  ,1.6,2.75,0.75,0.69,0.373928066,
Helene,23485,gar2in  ,1.13,1.65,0.75,0.84,0.554176944,
Helene,412028,alsebl  ,1.71,2.6,0.75,0.88,0.608212338,
Helene,H1010   ,cecrin  ,5.03,2.75,0.75,0.98,0.754296396,
Helene,440161,chr2ar  ,1.62,2.4,0.75,1.02,0.817128249,
Helene,542345,chr2ar  ,1.36,2.73,0.75,1.05,0.865901475,
Helene,527039,beilpe  ,1.41,2.9,0.75,1.11,0.967689077,
Helene,H3147   ,alsebl  ,1.5,3.3,0.75,1.12,0.985203456,
Helene,415041,tet2pa  ,1.21,3,0.75,1.12,0.985203456,
Helene,30485,sloate  ,1.36,1.95,0.75,1.15,1.038689071,
Helene,273326,simaam  ,1.46,2,0.75,1.22,1.168986626,
Helene,H1015   ,cecrin  ,3.32,5.3,0.75,1.37,1.474113813,
Helene,234463,alsebl  ,1.58,3.8,0.75,1.39,1.517467792,
Helene,H3190   ,gar2in  ,1.36,2.4,0.75,1.45,1.651299639,
Helene,506249,simaam  ,1.64,1.4,0.75,1.45,1.651299639,
Helene,H1093   ,micoar  ,1.94,3.9,0.75,1.52,1.814583917,
Helene,412175,brosal  ,1.55,2.45,0.75,1.67,2.190396938,
Helene,156068,pri2co  ,1.61,1.65,0.75,1.74,2.37787148,
Helene,296459,brosal  ,1.79,3.5,0.75,2.02,3.204738666,
Helene,277560,chr2ar  ,1.95,3.95,0.75,2.37,4.411502944,
Helene,277293,hirttr  ,3.61,2.65,0.75, NA,NA,
OBrien,120933,poutre  ,4.4,8.86,0.77,1.09,0.933131558,
Helene,444706,beilpe  ,1.65,2.02,0.78,0.67,0.352565236,
Helene,27370,alsebl  ,1.32,1.91,0.78,1.37,1.474113813,
OBrien,439030,protco  ,1.6,3.3,0.8,0.5,0.196349541,
OBrien,10396,cordal  ,1.6,3.4,0.8,0.53,0.220618344,
OBrien,38777,ingama  ,2.1,5,0.8,0.59,0.273397101,
OBrien,404999,cordal  ,2.4,4,0.8,0.63,0.311724531,
Helene,H3103   ,tri2tu  ,1.24,1.8,0.8,0.65,0.331830724,
Helene,442268,chr2ar  ,1.62,3.6,0.8,0.67,0.352565236,
Bohlman,548174,termob  ,1.1,4,0.8,0.89,0.622113885,
Helene,297314,quaras  ,1.26,2.15,0.8,0.97,0.738981132,
Helene,445267,tab1ro  ,2.02,3.4,0.8,1.05,0.865901475,
Helene,H3163   ,simaam  ,1.11,1.85,0.8,1.1,0.950331778,
Helene,H1040   ,micoar  ,1.61,3.5,0.8,1.15,1.038689071,
Helene,221299,sloate  ,1.7,2.65,0.8,1.17,1.075131546,
Helene,506123,tachve  ,1.34,1.7,0.8,1.2,1.130973355,
Helene,131162,pri2co  ,1.31,1.65,0.8,1.22,1.168986626,
Helene,308079,drypst  ,1.95,3.1,0.8,1.37,1.474113813,
Helene,537258,cordbi  ,2.29,4.1,0.8,1.57,1.935927933,
Helene,530993,chr2ar  ,1.38,1.8,0.8,1.72,2.323521927,
Helene,H1014   ,cecrin  ,5.74,6.2,0.8, NA,NA,
OBrien,255027,hassfl  ,9.7,10.4,0.82,2.09,3.430697718,
OBrien,418217,des2pa  ,1.2,2.2,0.85,0.44,0.152053084,
OBrien,272092,maquco  ,1.8,3.6,0.85,0.59,0.273397101,
OBrien,127456,eugeco  ,1.5,2.7,0.85,0.63,0.311724531,
Helene,277320,gar2in  ,1.16,2.4,0.85,0.71,0.395919214,
Helene,406169,sloate  ,1.06,1.85,0.85,0.77,0.465662571,
Helene,26068,sloate  ,1.25,2.2,0.85,0.79,0.490166994,
Helene,526099,protte  ,1.35,3.4,0.85,0.92,0.664761005,
Helene,168374,beilpe  ,1.38,2.7,0.85,1,0.785398163,
Helene,70269,sloate  ,1.4,1.15,0.85,1.09,0.933131558,
Helene,517019,hirttr  ,1.2,1.65,0.85,1.15,1.038689071,
Helene,281428,protte  ,2.35,3.3,0.85,1.15,1.038689071,
Helene,140558,drypst  ,1.75,3.85,0.85,1.2,1.130973355,
Helene,21276,drypst  ,1.38,3.45,0.85,1.22,1.168986626,
Helene,31102,tet2pa  ,1.86,3.85,0.85,1.22,1.168986626,
Helene,545114,simaam  ,1.82,3.85,0.85,1.35,1.431388153,
Helene,505166,tet2pa  ,1.38,3.5,0.85,1.35,1.431388153,
Helene,40638,drypst  ,1.71,4.35,0.85,1.4,1.5393804,
Helene,546984,tet2pa  ,1.38,3.55,0.85,1.4,1.5393804,
Helene,512053,quaras  ,1.28,2.65,0.85,1.41,1.561450089,
Helene,277024,quaras  ,1.56,2.4,0.85,1.51,1.790786352,
Helene,290370,quaras  ,1.52,2.35,0.85,1.81,2.573042923,
Helene,H3193   ,cordbi  ,2.57,3.05,0.85,2.02,3.204738666,
Helene,427515,quaras  ,1.65,2.75,0.85,2.02,3.204738666,
Helene,H1050   ,cecrin  ,3.78,5.4,0.85,2.7,5.725552611,
Helene,444889,tab1ro  ,1.11,2.47,0.88,0.65,0.331830724,
OBrien,101442,mourmy  ,5.3,6.1,0.88,1.31,1.347821788,
Helene,443521,quaras  ,1.45,1.89,0.89,0.8,0.502654825,
Helene,28160,beilpe  ,2.13,2.41,0.89,1.58,1.960667975,
OBrien,416492,cordla  ,1.6,3.2,0.9,0.44,0.152053084,
Bohlman,542422,zantbe  ,3.6,6.4,0.9,0.85,0.567450173,
Helene,66406,drypst  ,1.13,2.6,0.9,0.86,0.580880482,
Helene,293469,simaam  ,1.82,2.25,0.9,1,0.785398163,
Helene,157386,gar2in  ,1.72,2.9,0.9,1.05,0.865901475,
Helene,47129,gar2in  ,1.7,3.2,0.9,1.28,1.286796351,
Helene,16794,tab1ro  ,1.95,3.7,0.9,1.3,1.327322896,
Helene,442600,protte  ,1.57,2.64,0.9,1.35,1.431388153,
Helene,H3142   ,micoar  ,1.75,4.35,0.9,1.52,1.814583917,
Helene,517065,beilpe  ,1.59,2.8,0.9,1.6,2.010619298,
Helene,172334,eugeoe  ,1.61,2.7,0.9,1.67,2.190396938,
Helene,296287,hirttr  ,1.58,3.85,0.9,1.69,2.243175694,
Helene,75670,brosal  ,2,3.3,0.9,1.7,2.269800692,
Helene,H1038   ,luehse  ,1.41,2.4,0.9,1.8,2.544690049,
Helene,534319,luehse  ,2.54,4.15,0.9,2.09,3.430697718,
Helene,H1017   ,cecrin  ,3.61,6,0.9,2.3,4.154756284,
Helene,219045,hirttr  ,1.79,4.95,0.9, NA,NA,
Helene,444810,chr2ar  ,1.08,1.62,0.92,0.42,0.138544236,
Helene,H3150   ,tachve  ,1.33,1.29,0.92,0.99,0.76976874,
Helene,H3109   ,cordbi  ,2.02,2.73,0.92,1.42,1.583676857,
OBrien,142672,maquco  ,2.7,4.45,0.93,0.97,0.738981132,
Helene,12286,alsebl  ,2.15,3.85,0.93,1.09,0.933131558,
OBrien,248844,randar  ,7,6.01,0.93,1.72,2.323521927,
OBrien,123030,tab1gu  ,2.1,2.5,0.95,0.38,0.113411495,
OBrien,421483,mourmy  ,1.4,2.82,0.95,0.66,0.34211944,
Helene,H1053   ,micoar  ,1.34,3.3,0.95,0.81,0.515299735,
Helene,H2063   ,simaam  ,1.03,1.08,0.95,0.92,0.664761005,
Helene,302127,drypst  ,1.15,2.3,0.95,0.97,0.738981132,
Helene,250747,sloate  ,1.7,2.6,0.95,1.1,0.950331778,
Helene,131221,alsebl  ,1.43,3.25,0.95,1.11,0.967689077,
Helene,18430,quaras  ,2.39,4.05,0.95,1.15,1.038689071,
Helene,175995,gar2in  ,1.61,3.1,0.95,1.18,1.093588403,
Helene,H3114   ,beilpe  ,1.23,2.35,0.95,1.27,1.266768698,
Helene,H1039   ,sponra  ,3.29,5.5,0.95,1.28,1.286796351,
Helene,H3176   ,quaras  ,1.56,2.1,0.95,1.3,1.327322896,
Helene,H3167   ,cordbi  ,1.98,1.75,0.95,1.31,1.347821788,
Helene,441450,drypst  ,1.14,2.95,0.95,1.32,1.36847776,
Helene,72127,sloate  ,1.8,1.85,0.95,1.36,1.452672443,
Helene,116299,sloate  ,1.26,1.75,0.95,1.37,1.474113813,
Helene,211121,gar2in  ,2.05,4,0.95,1.45,1.651299639,
Helene,71332,tet2pa  ,1.76,3.3,0.95,1.45,1.651299639,
Helene,H1018   ,cecrin  ,3.41,5.25,0.95,1.5,1.767145868,
Helene,109429,quaras  ,1.93,2.05,0.95,1.83,2.630219909,
Helene,408623,hirttr  ,1.37,2.15,0.95,1.88,2.775911269,
Helene,17061,eugeoe  ,1.87,2.89,0.97,0.5,0.196349541,
Helene,39070,tet2pa  ,1.27,2.25,0.97,1.06,0.882473376,
Helene,535256,hirttr  ,1.58,2.61,0.99,1.64,2.1124069,
OBrien,222577,psycma  ,2.2,4.5,1,0.38,0.113411495,
OBrien,409529,eugeoe  ,1.3,2.5,1,0.56,0.246300864,
Helene,237124,sloate  ,1.84,2.25,1,0.58,0.264207942,
OBrien,300657,pterro  ,1.6,3.5,1,0.63,0.311724531,
Helene,417233,chr2ar  ,1.35,3.4,1,0.67,0.352565236,
OBrien,153806,swars2  ,2.9,3.4,1,0.69,0.373928066,
Helene,196735,quaras  ,1.6,2.25,1,0.76,0.453645979,
Helene,525319,eugeoe  ,1.46,1.8,1,0.8,0.502654825,
Bohlman,548028,pla2el  ,1.1,5.8,1,0.87,0.59446787,
Helene,268223,beilpe  ,1.39,2.6,1,0.88,0.608212338,
Helene,310118,protte  ,1.81,3.9,1,0.9,0.636172512,
Helene,H2086   ,simaam  ,1.11,1.55,1,0.9,0.636172512,
Helene,513088,chr2ar  ,1.12,2.05,1,0.98,0.754296396,
Helene,405483,chr2ar  ,1.44,3.25,1,1.04,0.849486654,
Helene,248563,cordbi  ,3.46,6.5,1,1.12,0.985203456,
Helene,39107,beilpe  ,1.23,2.1,1,1.15,1.038689071,
Helene,250200,pri2co  ,1.12,1.9,1,1.15,1.038689071,
Helene,193190,alsebl  ,1.44,3.2,1,1.22,1.168986626,
Helene,295513,drypst  ,1.25,2.8,1,1.22,1.168986626,
Helene,428154,hirttr  ,1.34,3.55,1,1.22,1.168986626,
Helene,525356,eugeoe  ,1.25,3.2,1,1.24,1.207628216,
Helene,H3112   ,beilpe  ,1.26,2,1,1.25,1.22718463,
Helene,H1092   ,micoar  ,1.52,3.25,1,1.28,1.286796351,
Helene,H2009   ,simaam  ,1.02,1.9,1,1.3,1.327322896,
Helene,435112,tachve  ,1.51,1.75,1,1.35,1.431388153,
Helene,516396,eugeoe  ,1.79,2.6,1,1.37,1.474113813,
Helene,21953,sloate  ,1.32,2.06,1,1.4,1.5393804,
Helene,421512,beilpe  ,1.63,2.05,1,1.42,1.583676857,
Helene,517479,eugeoe  ,1.52,3.1,1,1.46,1.674154725,
Helene,231292,sloate  ,1.79,2.1,1,1.56,1.91134497,
Helene,512128,pri2co  ,1.38,1.9,1,1.8,2.544690049,
Helene,425095,quaras  ,1.7,2.6,1,1.85,2.688025214,
Helene,423935,protte  ,2.35,5.15,1,1.89,2.805520779,
Helene,429998,tri2tu  ,1.39,2.5,1,2.15,3.63050301,
Helene,527269,luehse  ,2.16,4.25,1,2.26,4.011499659,
Helene,H1013   ,cecrin  ,2.8,4.25,1, NA,NA,
Helene,539301,drypst  ,1.32,2.75,1.01,1.62,2.06119894,
OBrien,89490,heisco  ,3.5,4.9,1.04,1.06,0.882473376,
OBrien,34434,protpa  ,2.3,4.8,1.05,0.41,0.132025431,
OBrien,413644,eugega  ,1.2,2.5,1.05,0.56,0.246300864,
Helene,527945,micoar  ,1.7,3.4,1.05,0.72,0.407150408,
Helene,266123,chr2ar  ,1.53,3.4,1.05,0.88,0.608212338,
Helene,148274,beilpe  ,1.8,3.35,1.05,0.91,0.650388219,
Helene,31106,gar2in  ,2.7,2.25,1.05,0.92,0.664761005,
OBrien,403357,hybapr  ,1.7,2.65,1.05,0.94,0.693977817,
OBrien,218766,hybapr  ,2.7,3.3,1.05,1,0.785398163,
Helene,311052,tet2pa  ,1.74,3.2,1.05,1.02,0.817128249,
Helene,503339,beilpe  ,1.11,1.85,1.05,1.12,0.985203456,
Helene,H3151   ,tet2pa  ,1.16,2.4,1.05,1.15,1.038689071,
Helene,153085,beilpe  ,1.14,2.25,1.05,1.22,1.168986626,
Helene,51564,drypst  ,1.58,3.65,1.05,1.22,1.168986626,
Helene,416760,gar2in  ,1.55,2.3,1.05,1.22,1.168986626,
Helene,252715,beilpe  ,1.89,3.85,1.05,1.27,1.266768698,
Helene,414019,brosal  ,1.28,2.85,1.05,1.32,1.36847776,
Helene,422123,drypst  ,1.46,3.35,1.05,1.32,1.36847776,
Helene,H2010   ,simaam  ,1.41,2.65,1.05,1.32,1.36847776,
Helene,418102,tri2tu  ,1.51,2.65,1.05,1.33,1.389290811,
Helene,H3155   ,tachve  ,1.63,1.95,1.05,1.35,1.431388153,
Helene,H1113   ,micoar  ,1.45,3.95,1.05,1.36,1.452672443,
Helene,152461,gar2in  ,1.47,2.2,1.05,1.4,1.5393804,
Helene,247810,sloate  ,2.24,3.55,1.05,1.4,1.5393804,
Helene,301063,beilpe  ,1.72,2.85,1.05,1.46,1.674154725,
Helene,283277,tet2pa  ,1.52,3,1.05,1.52,1.814583917,
Helene,H1031   ,micoar  ,1.62,3.9,1.05,1.62,2.06119894,
Helene,170259,pri2co  ,2.08,2.85,1.05,1.64,2.1124069,
OBrien,42333,soroaf  ,5.9,6.7,1.05,1.69,2.243175694,
Helene,210187,pri2co  ,1.85,2.9,1.05,2.1,3.463605901,
Helene,440478,chr2ar  ,1.86,3.9,1.05,2.27,4.047078196,
OBrien,26178,virose  ,3.9,5.6,1.08,0.66,0.34211944,
OBrien,116225,guargu  ,4.6,5.65,1.08,1.13,1.002874915,
OBrien,256449,cupasy  ,2.6,4.75,1.09,0.84,0.554176944,
Helene,21844,gar2in  ,1.68,3.44,1.09,0.85,0.567450173,
OBrien,198847,cassel  ,19.6,12.98,1.09,4.31,14.58963482,
OBrien,43333,hassfl  ,1.6,3.9,1.1,0.31,0.075476764,
Helene,539964,hirttr  ,1.33,2.15,1.1,0.65,0.331830724,
Helene,66206,tet2pa  ,1.76,3.45,1.1,0.65,0.331830724,
Helene,H3146   ,alsebl  ,1.23,2.9,1.1,0.87,0.59446787,
OBrien,194137,tab2ar  ,2.9,2.7,1.1,0.88,0.608212338,
Helene,523179,sponra  ,2.94,5,1.1,0.92,0.664761005,
Helene,H1096   ,micoar  ,1.81,2.8,1.1,0.97,0.738981132,
Helene,98397,drypst  ,2.78,4.65,1.1,1.02,0.817128249,
Helene,161463,brosal  ,1.33,2.7,1.1,1.14,1.020703453,
Bohlman,502291,jac1co  ,2.7,6.84,1.1,1.15,1.038689071,
Helene,407548,brosal  ,1.08,2.6,1.1,1.15,1.038689071,
Helene,H3140   ,beilpe  ,1.76,2.9,1.1,1.23,1.188228881,
Helene,506128,brosal  ,1.66,2.4,1.1,1.27,1.266768698,
Helene,513965,luehse  ,2.83,3.25,1.1,1.3,1.327322896,
Helene,278973,brosal  ,1.67,3.25,1.1,1.34,1.410260942,
Helene,539186,tachve  ,1.8,2.35,1.1,1.4,1.5393804,
Helene,502631,chr2ar  ,1.79,4.6,1.1,1.49,1.743662463,
Helene,130773,tri2tu  ,1.68,2.4,1.1,1.57,1.935927933,
Helene,110425,eugeoe  ,2.03,3.25,1.1,1.62,2.06119894,
Helene,302051,hirttr  ,1.53,2.6,1.1,1.64,2.1124069,
Helene,444227,eugeoe  ,1.51,2.7,1.1,1.69,2.243175694,
Helene,300127,tet2pa  ,1.36,1.9,1.1,1.71,2.29658277,
Helene,H1054   ,luehse  ,1.6,2.9,1.1,1.82,2.601552876,
Helene,207693,eugeoe  ,1.9,3.05,1.1,1.87,2.746458838,
Helene,448248,tri2tu  ,1.59,1.4,1.1,1.89,2.805520779,
Helene,275185,pri2co  ,1.53,1.95,1.1,1.9,2.83528737,
Helene,78911,quaras  ,1.74,3.19,1.1,2.1,3.463605901,
Helene,235309,pri2co  ,1.66,2.1,1.1,2.22,3.870756308,
Helene,523290,micoar  ,2.13,4.5,1.1,2.27,4.047078196,
OBrien,260770,pterro  ,2.4,3.72,1.12,0.66,0.34211944,
OBrien,54531,poular  ,9.6,8.25,1.14,1.25,1.22718463,
OBrien,97683,des2pa  ,2.9,3.75,1.15,0.81,0.515299735,
Helene,306377,eugeoe  ,1.73,3.1,1.15,0.84,0.554176944,
Helene,45705,sloate  ,1.45,2.1,1.15,0.87,0.59446787,
Helene,31122,protte  ,1.9,4.65,1.15,1.07,0.899202357,
Helene,429502,tri2tu  ,1.59,2.3,1.15,1.12,0.985203456,
Helene,441189,drypst  ,1.68,3.45,1.15,1.14,1.020703453,
Helene,275362,gar2in  ,1.41,2.65,1.15,1.15,1.038689071,
Helene,272296,chr2ar  ,1.93,3.3,1.15,1.41,1.561450089,
Helene,282250,pri2co  ,1.05,2.35,1.15,1.42,1.583676857,
Helene,28873,tri2tu  ,1.35,2,1.15,1.46,1.674154725,
Helene,H3188   ,tachve  ,1.84,2.5,1.15,1.52,1.814583917,
Helene,532047,beilpe  ,1.4,2.65,1.15,1.55,1.886919088,
Helene,537981,tri2tu  ,1.27,2.45,1.15,1.55,1.886919088,
Helene,116767,brosal  ,1.19,2.5,1.15,1.79,2.516494255,
Helene,H1044   ,luehse  ,2.87,4.15,1.15,2.64,5.47391104,
Bohlman,262530,sloate  ,11.8,10.59,1.16,2.05,3.300635782,
Helene,H2065   ,simaam  ,1.04,1.2,1.17,0.92,0.664761005,
OBrien,111733,eugega  ,3,5.4,1.17,0.97,0.738981132,
Helene,546215,brosal  ,1.18,2.97,1.19,1.2,1.130973355,
OBrien,408472,poutre  ,1.5,3.1,1.2,0.28,0.061575216,
Bohlman,546051,pla2el  ,1.4,6.2,1.2,0.55,0.237582944,
OBrien,427269,psycma  ,1.9,2.3,1.2,0.59,0.273397101,
OBrien,411340,cou2cu  ,1.1,2.3,1.2,0.63,0.311724531,
Helene,280275,tri2tu  ,1.06,1.4,1.2,0.68,0.363168111,
Bohlman,542355,casear  ,1.3,5.6,1.2,0.69,0.373928066,
Helene,35524,drypst  ,1.57,4,1.2,0.72,0.407150408,
Helene,290413,protte  ,1.84,1.6,1.2,0.79,0.490166994,
Helene,283074,gar2in  ,1.44,2.1,1.2,0.92,0.664761005,
Helene,H3210   ,micoar  ,1.24,2.85,1.2,1.02,0.817128249,
Helene,108538,sloate  ,1.04,1.8,1.2,1.05,0.865901475,
Helene,H3216   ,beilpe  ,1.14,2.35,1.2,1.09,0.933131558,
Helene,H3192   ,tet2pa  ,1.11,2.6,1.2,1.1,0.950331778,
Helene,12214,drypst  ,1.66,3.3,1.2,1.12,0.985203456,
Helene,441290,eugeoe  ,1.93,2,1.2,1.15,1.038689071,
Helene,443075,drypst  ,1.09,2.15,1.2,1.2,1.130973355,
Helene,H3207   ,micoar  ,1.37,3.2,1.2,1.2,1.130973355,
Helene,547978,tet2pa  ,1.57,3.95,1.2,1.22,1.168986626,
Helene,307283,drypst  ,1.67,3.25,1.2,1.27,1.266768698,
Helene,406418,hirttr  ,1.34,1.4,1.2,1.32,1.36847776,
Helene,107808,eugeoe  ,1.66,2.5,1.2,1.34,1.410260942,
Helene,40565,chr2ar  ,1.84,4.15,1.2,1.42,1.583676857,
Helene,443406,quaras  ,1.28,2.1,1.2,1.42,1.583676857,
Helene,H3166   ,simaam  ,1.54,2.8,1.2,1.5,1.767145868,
Helene,30359,gar2in  ,1.56,2.95,1.2,1.55,1.886919088,
Helene,426471,quaras  ,1.51,2.3,1.2,1.57,1.935927933,
Helene,213759,eugeoe  ,1.46,2.5,1.2,1.58,1.960667975,
Helene,H3203   ,tachve  ,1.81,2.6,1.2,1.64,2.1124069,
Helene,405106,protte  ,1.8,3.75,1.2,1.65,2.1382465,
Helene,408687,chr2ar  ,1.66,2.85,1.2,1.73,2.350618163,
Helene,532169,eugeoe  ,1.34,2.55,1.2,1.91,2.86521104,
Helene,46260,brosal  ,2.1,3.3,1.2,2.08,3.397946614,
Helene,505980,cecrin  ,4.32,7.3,1.2,2.09,3.430697718,
Helene,446309,protte  ,1.78,2.6,1.2,2.82,6.245800355,
Helene,12423,drypst  ,2.28,4.58,1.21,1.44,1.628601632,
Helene,21969,sloate  ,1.78,2.95,1.22,1.32,1.36847776,
Helene,74148,quaras  ,1.68,2.47,1.24,1.54,1.862650284,
Helene,534270,micoar  ,1.43,1.85,1.25,0.27,0.057255526,
OBrien,405387,swars2  ,1.1,3,1.25,0.28,0.061575216,
Helene,221752,sloate  ,1.82,2.45,1.25,0.61,0.292246657,
Helene,69238,tet2pa  ,1.68,1.83,1.25,0.92,0.664761005,
Helene,446366,tab1ro  ,2.04,2.25,1.25,1.1,0.950331778,
Helene,227764,beilpe  ,1.58,3.2,1.25,1.27,1.266768698,
Helene,447065,protte  ,1.64,3.7,1.25,1.27,1.266768698,
Helene,528958,eugeoe  ,1.16,2.4,1.25,1.28,1.286796351,
Helene,405999,pri2co  ,1.04,1.85,1.25,1.32,1.36847776,
Helene,517390,hirttr  ,1.23,2.9,1.25,1.35,1.431388153,
Helene,70492,sloate  ,1.02,1.9,1.25,1.37,1.474113813,
Helene,509134,simaam  ,1.68,3.3,1.25,1.42,1.583676857,
Helene,418126,pri2co  ,1.13,1.95,1.25,1.45,1.651299639,
Helene,307114,chr2ar  ,1.11,2.75,1.25,1.5,1.767145868,
Helene,110394,alsebl  ,1.88,2.85,1.25,1.57,1.935927933,
Helene,547080,simaam  ,2.44,4.4,1.25,1.57,1.935927933,
Helene,415052,chr2ar  ,1.55,3.35,1.25,1.64,2.1124069,
Helene,526067,brosal  ,1.05,1.7,1.25,1.66,2.164243179,
Helene,514198,brosal  ,1.76,3.25,1.25,1.72,2.323521927,
Helene,104016,sloate  ,1.39,2.25,1.25,1.79,2.516494255,
Helene,190710,pri2co  ,2.16,3.2,1.25,1.85,2.688025214,
Helene,271121,brosal  ,1.68,2.6,1.25,1.9,2.83528737,
Helene,286042,hirttr  ,2.03,3.05,1.25,2.08,3.397946614,
Helene,180229,protte  ,1.91,3.9,1.25,2.1,3.463605901,
Helene,425086,quaras  ,2.08,3.1,1.25,2.14,3.596809429,
Helene,226682,pri2co  ,2.5,2.6,1.25,2.3,4.154756284,
Helene,512112,chr2ar  ,1.69,1.95,1.25,2.35,4.337361357,
Helene,431034,brosal  ,1.52,3.25,1.25,2.39,4.486272849,
OBrien,252930,cordbi  ,3,5.75,1.27,0.53,0.220618344,
Helene,444873,protte  ,1.55,3.5,1.27,1.3,1.327322896,
Helene,307417,hirttr  ,1.25,3.32,1.27,1.6,2.010619298,
OBrien,263749,cordbi  ,9.1,12.78,1.28,1.44,1.628601632,
Helene,534365,hirttr  ,1.49,1.89,1.29,1.94,2.955924528,
OBrien,137137,virose  ,1.5,2.9,1.3,0.66,0.34211944,
Helene,189296,beilpe  ,1.22,2.85,1.3,0.7,0.3848451,
Bohlman,125298,ast2gr  ,2.6,7,1.3,0.76,0.453645979,
Helene,420116,brosal  ,1.06,1.85,1.3,0.81,0.515299735,
Helene,231443,sloate  ,1.5,2.05,1.3,0.82,0.528101725,
Helene,547156,chr2ar  ,1.65,2.8,1.3,0.84,0.554176944,
Helene,230857,sloate  ,1.41,2.2,1.3,0.9,0.636172512,
Helene,507105,gar2in  ,1.16,2.45,1.3,0.96,0.723822947,
Helene,27959,sloate  ,1.19,2.17,1.3,1.02,0.817128249,
Helene,H3187   ,alsebl  ,2.06,3.3,1.3,1.18,1.093588403,
Helene,H3162   ,gar2in  ,1.56,2.85,1.3,1.2,1.130973355,
OBrien,226250,poutre  ,3.1,5.5,1.3,1.22,1.168986626,
Helene,90748,tri2tu  ,1.21,2.6,1.3,1.25,1.22718463,
Helene,428044,beilpe  ,1.2,2.4,1.3,1.31,1.347821788,
Helene,98380,alsebl  ,2.63,4.4,1.3,1.33,1.389290811,
Helene,277875,sloate  ,1.75,2.05,1.3,1.52,1.814583917,
Helene,185957,drypst  ,1.94,3.75,1.3,1.56,1.91134497,
Helene,406148,quaras  ,1.57,2.6,1.3,1.6,2.010619298,
Helene,188254,brosal  ,2.14,2.65,1.3,1.99,3.110255267,
Helene,H1052   ,cecrin  ,3.38,4.6,1.3,2.15,3.63050301,
Helene,404465,cordbi  ,5.62,7.5,1.3,3.4,9.079202769,
OBrien,447479,crotbi  ,3.4,6.1,1.31,0.94,0.693977817,
Helene,73446,gar2in  ,1.75,1.72,1.32,1.37,1.474113813,
Helene,447957,chr2ar  ,1.51,2.65,1.32,1.72,2.323521927,
Bohlman,446326,zantbe  ,30.5,19.91,1.32,4.46,15.62282611,
Helene,310639,tet2pa  ,1.78,2.78,1.33,1.06,0.882473376,
OBrien,260061,loncla  ,10,8.4,1.33,1.47,1.697166891,
Helene,441875,quaras  ,2.33,2.68,1.33,1.55,1.886919088,
Helene,304314,brosal  ,2.14,3.19,1.34,2.34,4.300526183,
OBrien,425593,micoar  ,2,3.6,1.35,0.69,0.373928066,
Helene,519152,tri2tu  ,1,1.9,1.35,0.95,0.708821842,
Helene,516079,micoar  ,1.52,4.45,1.35,1.12,0.985203456,
Helene,108521,tet2pa  ,1.34,1.7,1.35,1.18,1.093588403,
Helene,175376,pri2co  ,1.53,1.7,1.35,1.27,1.266768698,
Helene,445012,tet2pa  ,1.39,1.9,1.35,1.29,1.306981084,
Helene,200257,pri2co  ,1.58,2.3,1.35,1.32,1.36847776,
Helene,257563,beilpe  ,1.93,4,1.35,1.35,1.431388153,
Helene,531243,gar2in  ,1.24,2.6,1.35,1.37,1.474113813,
Helene,H3124   ,alsebl  ,1.55,3.4,1.35,1.59,1.985565097,
Helene,507040,brosal  ,1.57,3,1.35,1.67,2.190396938,
Helene,66786,sloate  ,1.96,3.4,1.35,1.69,2.243175694,
Helene,73339,tri2tu  ,2.01,1.65,1.35,1.7,2.269800692,
Helene,414616,chr2ar  ,4.27,2.7,1.35,1.77,2.460573906,
Helene,422881,tet2pa  ,1.54,2.2,1.35,1.8,2.544690049,
Helene,403341,chr2ar  ,1.91,4.3,1.35,2,3.141592654,
Helene,98400,alsebl  ,3.49,5.3,1.35,2.5,4.908738521,
OBrien,7197,heisco  ,32.4,13.5,1.35,2.84,6.334707427,
Helene,301083,brosal  ,1.86,3.4,1.35, NA,NA,
Helene,42931,virose  ,2.01,2.66,1.36,1.4,1.5393804,
Bohlman,439525,guazul  ,11.1,14.9,1.36,2.92,6.6966189,
Helene,58099,sloate  ,1.27,2.37,1.37,1.54,1.862650284,
OBrien,145360,drypst  ,3.9,7.3,1.38,1.16,1.056831769,
Helene,159914,brosal  ,2,4,1.38,1.79,2.516494255,
Helene,42410,virose  ,1.49,2.59,1.39,0.87,0.59446787,
Helene,55812,chr2ar  ,1.57,1.7,1.4,0.44,0.152053084,
Helene,413680,protte  ,1.13,1.5,1.4,0.79,0.490166994,
Helene,516246,luehse  ,1.55,3.4,1.4,0.92,0.664761005,
Bohlman,447466,termob  ,1.8,5,1.4,0.98,0.754296396,
Helene,H3183   ,tet2pa  ,1.13,2.3,1.4,1.07,0.899202357,
Helene,529050,quaras  ,1.34,2.5,1.4,1.13,1.002874915,
Helene,103902,beilpe  ,2.48,3.2,1.4,1.24,1.207628216,
Helene,539017,micoar  ,1.81,3.7,1.4,1.38,1.495712262,
Helene,534274,simaam  ,2.95,5.2,1.4,1.54,1.862650284,
Helene,511363,brosal  ,1.5,3.05,1.4,1.55,1.886919088,
Helene,236135,hirttr  ,1.56,3.35,1.4,1.57,1.935927933,
Helene,230255,pri2co  ,1.84,1.95,1.4,1.62,2.06119894,
Helene,245845,tri2tu  ,1.72,2.7,1.4,1.75,2.405281875,
Helene,425304,hirttr  ,1.63,4,1.4,1.85,2.688025214,
Helene,221893,brosal  ,1.91,3.35,1.4,1.93,2.925529619,
Helene,96236,quaras  ,1.78,3.65,1.4,2.01,3.17308712,
Helene,130327,tri2tu  ,1.98,2.95,1.4,2.57,5.187476329,
Helene,88345,hirttr  ,2.38,3.1,1.4,3.12,7.645379882,
Helene,448621,gar2in  ,1.35,2.69,1.41,0.99,0.76976874,
OBrien,183075,cou2cu  ,4.4,6.2,1.41,1.31,1.347821788,
Helene,447945,protte  ,1.54,2.35,1.43,1.24,1.207628216,
Helene,23928,gar2in  ,1.76,3.18,1.44,1.4,1.5393804,
OBrien,299155,pla1pi  ,1.3,3.45,1.45,0.34,0.090792028,
Helene,57733,sloate  ,1.17,2.13,1.45,0.75,0.441786467,
OBrien,42034,ingama  ,1.9,3.2,1.45,0.81,0.515299735,
Helene,507014,sloate  ,1.07,2.2,1.45,0.84,0.554176944,
Helene,219034,alsebl  ,1.29,2.25,1.45,0.94,0.693977817,
OBrien,255647,eugeco  ,4.2,7.53,1.45,1.03,0.833228912,
Helene,264794,pri2co  ,1.13,2.2,1.45,1.08,0.916088418,
Helene,H3132   ,alsebl  ,1.39,3.1,1.45,1.14,1.020703453,
Helene,256602,gar2in  ,1.48,3,1.45,1.17,1.075131546,
Helene,536132,protte  ,1.5,3.5,1.45,1.17,1.075131546,
Helene,220626,pri2co  ,1.81,1.95,1.45,1.3,1.327322896,
Helene,H3185   ,cordbi  ,2.16,3.2,1.45,1.34,1.410260942,
Helene,H1041   ,micoar  ,1.8,3.95,1.45,1.35,1.431388153,
Helene,175584,pri2co  ,1.8,2.9,1.45,1.36,1.452672443,
Helene,172892,eugeoe  ,1.61,2.6,1.45,1.39,1.517467792,
Helene,433395,gar2in  ,1.45,2.3,1.45,1.39,1.517467792,
Helene,523383,tri2tu  ,1.47,1.8,1.45,1.4,1.5393804,
Helene,27823,protte  ,1.71,2.4,1.45,1.44,1.628601632,
Helene,531170,drypst  ,1.5,3.05,1.45,1.45,1.651299639,
Helene,311419,drypst  ,1.59,3.5,1.45,1.46,1.674154725,
Helene,442318,drypst  ,1.34,3.3,1.45,1.48,1.720336137,
OBrien,232572,cassel  ,6.3,8,1.45,1.53,1.838538561,
Helene,439074,hirttr  ,1.61,3.25,1.45,1.62,2.06119894,
Helene,515036,eugeoe  ,1.89,4.2,1.45,1.63,2.08672438,
Helene,196805,pri2co  ,1.83,2.55,1.45,1.64,2.1124069,
Helene,189813,quaras  ,1.79,3.15,1.45,2,3.141592654,
Helene,215249,pri2co  ,1.78,2.15,1.45,2.19,3.766848131,
Helene,12413,drypst  ,2.22,4.34,1.47,1.41,1.561450089,
Helene,541242,sloate  ,1.13,1.64,1.49,0.68,0.363168111,
OBrien,172403,tab1gu  ,4.9,5.7,1.49,1.13,1.002874915,
Helene,22685,sloate  ,1.63,2.31,1.49,1.66,2.164243179,
Helene,286139,hirttr  ,1.15,2.45,1.5,0.65,0.331830724,
OBrien,159871,psycma  ,2.3,3,1.5,0.78,0.477836243,
Bohlman,309366,ocotwh  ,1.6,5.1,1.5,0.81,0.515299735,
Helene,308119,drypst  ,1.13,2.2,1.5,1.15,1.038689071,
Helene,H3161   ,gar2in  ,1.16,2.3,1.5,1.19,1.112202339,
Helene,295545,brosal  ,1.48,3.5,1.5,1.25,1.22718463,
Helene,502048,protte  ,1.29,3.3,1.5,1.26,1.246898124,
OBrien,221791,swars2  ,5.9,5.5,1.5,1.34,1.410260942,
Helene,517027,tachve  ,2.11,2.7,1.5,1.37,1.474113813,
Helene,H1056   ,cecrin  ,2.19,5.5,1.5,1.39,1.517467792,
Helene,433014,drypst  ,1.12,2.85,1.5,1.42,1.583676857,
Helene,147207,hirttr  ,1.77,1.9,1.5,1.44,1.628601632,
Helene,541081,eugeoe  ,1.68,3.2,1.5,1.47,1.697166891,
Helene,246016,pri2co  ,2.09,2,1.5,1.48,1.720336137,
Helene,H3206   ,drypst  ,1.51,3.1,1.5,1.49,1.743662463,
Helene,109951,tet2pa  ,1.69,3.6,1.5,1.54,1.862650284,
Helene,518218,simaam  ,2.49,3.7,1.5,1.74,2.37787148,
Helene,418987,brosal  ,1.98,4.2,1.5,1.77,2.460573906,
Helene,447083,chr2ar  ,3.08,5,1.5,1.8,2.544690049,
Helene,63554,quaras  ,2.05,2.96,1.5,1.82,2.601552876,
Helene,279044,quaras  ,2.07,3.1,1.5,2.29,4.118706509,
Helene,H1107   ,cecrin  ,4.49,5.6,1.5,2.4,4.523893421,
Helene,513041,cecrin  ,5.82,9,1.5, NA,NA,
Helene,55224,hirttr  ,2.55,5,1.5, NA,NA,
Helene,546113,micoar  ,5.31,6.9,1.5, NA,NA,
OBrien,246968,swars1  ,6.8,10.99,1.51,1.19,1.112202339,
OBrien,32569,poular  ,6.6,5.5,1.51,1.28,1.286796351,
Helene,443073,protte  ,1.05,2.45,1.55,0.62,0.301907054,
Helene,H1007   ,micoar  ,1.61,4.05,1.55,0.9,0.636172512,
Helene,405750,simaam  ,1.21,1.8,1.55,0.95,0.708821842,
OBrien,18391,mourmy  ,2.2,4.1,1.55,1,0.785398163,
OBrien,313327,guargu  ,2.6,4.15,1.55,1.03,0.833228912,
Helene,H3169   ,alsebl  ,1.37,3,1.55,1.07,0.899202357,
Helene,278551,tet2pa  ,1.47,3.35,1.55,1.2,1.130973355,
Helene,104120,protte  ,1.87,4.05,1.55,1.33,1.389290811,
Helene,21095,sloate  ,1.97,3.05,1.55,1.47,1.697166891,
Helene,276033,gar2in  ,2.17,3.15,1.55,1.85,2.688025214,
OBrien,72116,cordal  ,6.2,8.6,1.56,1.28,1.286796351,
OBrien,213412,protco  ,4.6,6,1.58,1.19,1.112202339,
Helene,444306,eugeoe  ,1.01,2.25,1.6,0.92,0.664761005,
Helene,529071,gar2in  ,1.42,2.5,1.6,1.12,0.985203456,
Helene,12412,drypst  ,1.1,2.64,1.6,1.25,1.22718463,
Helene,447185,brosal  ,1.46,2.95,1.6,1.26,1.246898124,
Helene,72936,gar2in  ,1.61,2.7,1.6,1.31,1.347821788,
Helene,H3208   ,protte  ,1.18,2,1.6,1.32,1.36847776,
Helene,406670,gar2in  ,1.28,2.8,1.6,1.4,1.5393804,
Helene,402250,beilpe  ,2.04,2.5,1.6,1.44,1.628601632,
Helene,43357,virose  ,1.78,2.5,1.6,1.45,1.651299639,
Helene,526081,drypst  ,1.4,3.25,1.6,1.47,1.697166891,
Helene,172578,eugeoe  ,2.03,2.5,1.6,1.49,1.743662463,
Helene,536168,tri2tu  ,1.33,2.45,1.6,1.52,1.814583917,
Helene,130843,brosal  ,2.17,3.4,1.6,1.55,1.886919088,
Helene,428040,tri2tu  ,1.5,2.15,1.6,1.63,2.08672438,
Helene,140405,hirttr  ,1.83,3.8,1.6,1.71,2.29658277,
Helene,425589,brosal  ,1.58,2.65,1.6,1.98,3.07907496,
Helene,225390,brosal  ,2.33,3.75,1.6,2.12,3.529893506,
Helene,H1008   ,luehse  ,3.27,4.2,1.6, NA,NA,
Helene,12285,tachve  ,2.77,4.92,1.61,1.42,1.583676857,
OBrien,121930,tab1gu  ,11.7,10.92,1.62,2.13,3.563272928,
OBrien,38479,protpa  ,15.8,14.23,1.64,2.06,3.332915646,
Helene,12331,drypst  ,3.06,5.48,1.64,2.25,3.976078202,
Helene,307514,hirttr  ,3.46,4.76,1.64,4.02,12.69234848,
OBrien,72222,eugeco  ,2.1,3,1.65,0.66,0.34211944,
OBrien,309619,randar  ,1.5,3.1,1.65,0.69,0.373928066,
Helene,502582,hirttr  ,1.11,2.45,1.65,0.79,0.490166994,
Helene,526955,gar2in  ,1.32,2.45,1.65,1.27,1.266768698,
Helene,290212,protte  ,1.62,3.15,1.65,1.3,1.327322896,
Helene,H3186   ,gar2in  ,1.27,2.55,1.65,1.42,1.583676857,
Helene,H3213   ,eugeoe  ,1.28,2.25,1.65,1.57,1.935927933,
Helene,418063,eugeoe  ,1.8,2.5,1.65,1.59,1.985565097,
Helene,410440,gar2in  ,1.63,2.95,1.65,1.6,2.010619298,
Helene,527175,eugeoe  ,1.43,2.9,1.65,1.67,2.190396938,
Helene,208442,gar2in  ,1.78,3.7,1.65,1.67,2.190396938,
Helene,76178,chr2ar  ,1.92,3.95,1.65,1.7,2.269800692,
Helene,437133,beilpe  ,2.13,4.05,1.65,1.72,2.323521927,
Helene,H3128   ,simaam  ,2.56,2.8,1.65,1.72,2.323521927,
Helene,71119,gar2in  ,1.93,3.45,1.65,1.85,2.688025214,
Helene,11050,tri2tu  ,2.24,3,1.65,1.87,2.746458838,
Helene,198248,pri2co  ,1.68,2.45,1.65,2.07,3.36535259,
Helene,H3119   ,chr2ar  ,1.85,2.8,1.65,2.15,3.63050301,
Helene,76174,quaras  ,2.79,3,1.65,2.32,4.227327075,
Bohlman,121022,alchco  ,30.4,14.75,1.65,3.64,10.40621151,
OBrien,55531,laciag  ,6.2,8.1,1.66,1.19,1.112202339,
OBrien,212886,tachve  ,24.3,17.45,1.66,5.53,24.0181827,
OBrien,66876,cordal  ,21.5,18.31,1.67,2.44,4.675946506,
Helene,404224,simaam  ,1.52,2.6,1.7,0.4,0.125663706,
OBrien,108790,des2pa  ,1.4,2.8,1.7,0.47,0.173494454,
OBrien,423268,guarsp  ,2,3.2,1.7,0.56,0.246300864,
OBrien,203450,hirttr  ,2.6,4.4,1.7,0.75,0.441786467,
OBrien,313546,poular  ,2.9,3.45,1.7,0.75,0.441786467,
Helene,312233,sloate  ,1.42,1.9,1.7,0.8,0.502654825,
Helene,80495,sloate  ,1.2,1.9,1.7,0.87,0.59446787,
Helene,518096,micoar  ,1.37,4.2,1.7,0.9,0.636172512,
Bohlman,542361,guazul  ,2.8,7.4,1.7,0.93,0.679290872,
Helene,444514,protte  ,1.64,4.25,1.7,0.99,0.76976874,
Helene,414101,tet2pa  ,1.7,4.05,1.7,0.99,0.76976874,
OBrien,212948,tachve  ,4.5,6.3,1.7,1.06,0.882473376,
Helene,446607,tri2tu  ,1.19,2.25,1.7,1.08,0.916088418,
Helene,537166,micoar  ,1.58,4,1.7,1.09,0.933131558,
Helene,77233,protte  ,1.74,3.55,1.7,1.17,1.075131546,
Helene,192270,sloate  ,1.86,2.6,1.7,1.2,1.130973355,
Helene,539020,simaam  ,2.9,5.2,1.7,1.35,1.431388153,
Helene,35945,tet2pa  ,2.02,3,1.7,1.41,1.561450089,
Helene,505985,tri2tu  ,1.33,2.5,1.7,1.52,1.814583917,
Helene,85999,brosal  ,1.95,3.6,1.7,1.55,1.886919088,
Helene,H3201   ,eugeoe  ,1.52,2.95,1.7,1.6,2.010619298,
Helene,83226,tri2tu  ,2.12,2.5,1.7,1.6,2.010619298,
Helene,512027,pri2co  ,1.42,2.65,1.7,1.61,2.035830579,
Helene,448706,hirttr  ,2.18,3,1.7,1.62,2.06119894,
Helene,546142,quaras  ,1.93,3.35,1.7,1.62,2.06119894,
Helene,445042,tet2pa  ,1.8,3.85,1.7,1.75,2.405281875,
Helene,136299,brosal  ,2,2.95,1.7,2.06,3.332915646,
OBrien,87425,virose  ,11.4,13.59,1.7,2.28,4.082813813,
Helene,84654,quaras  ,2.65,4.15,1.7,2.87,6.469246132,
Helene,423941,brosal  ,1.83,3.1,1.7, NA,NA,
OBrien,413655,cupasy  ,8.1,8.2,1.72,2.09,3.430697718,
Helene,542209,quaras  ,1.77,3.13,1.73,1.85,2.688025214,
Helene,310444,brosal  ,2.05,3.39,1.74,2.05,3.300635782,
Helene,198938,alsebl  ,1.33,2.95,1.75,0.57,0.255175863,
OBrien,446522,cupasy  ,1.6,3.1,1.75,0.59,0.273397101,
OBrien,406287,pri2co  ,1.9,2.6,1.75,0.72,0.407150408,
Helene,286189,tet2pa  ,1.11,2.25,1.75,0.76,0.453645979,
OBrien,419052,hirttr  ,1.6,2.7,1.75,0.84,0.554176944,
Helene,418472,micoar  ,1.69,3.2,1.75,0.87,0.59446787,
Helene,544943,tri2tu  ,1.21,2.65,1.75,1.05,0.865901475,
Helene,401151,simaam  ,1.45,1.65,1.75,1.11,0.967689077,
Helene,429152,beilpe  ,1.73,3.5,1.75,1.2,1.130973355,
Helene,H3159   ,simaam  ,1.49,2.3,1.75,1.22,1.168986626,
Helene,130195,beilpe  ,1.86,3.8,1.75,1.23,1.188228881,
Helene,448164,gar2in  ,1.45,2.8,1.75,1.27,1.266768698,
Helene,H3106   ,tri2tu  ,1.44,2.35,1.75,1.31,1.347821788,
Helene,124767,gar2in  ,1.73,3.1,1.75,1.36,1.452672443,
Helene,H2072   ,simaam  ,1.68,2.7,1.75,1.37,1.474113813,
Helene,H3195   ,micoar  ,1.6,3.5,1.75,1.43,1.606060704,
Helene,297519,hirttr  ,2.11,3.7,1.75,1.53,1.838538561,
Helene,414626,brosal  ,2.32,2.65,1.75,1.6,2.010619298,
Helene,523156,simaam  ,3.22,4.85,1.75,1.82,2.601552876,
Helene,217187,hirttr  ,2.18,3,1.75,1.91,2.86521104,
Helene,203069,tri2tu  ,2.33,1.85,1.75,2.01,3.17308712,
Helene,185565,quaras  ,1.92,2.75,1.75,2.15,3.63050301,
Helene,72853,gar2in  ,2.51,3.9,1.75,2.32,4.227327075,
Helene,H3125   ,chr2ar  ,2.22,3.75,1.75,2.54,5.067074791,
Helene,84628,beilpe  ,1.76,2.4,1.75, NA,NA,
OBrien,247662,cordla  ,6.8,6.58,1.76,0.91,0.650388219,
OBrien,98422,eugega  ,8.1,8.35,1.77,1.25,1.22718463,
Helene,446759,brosal  ,2.13,3.43,1.78,1.88,2.775911269,
OBrien,166535,micoar  ,5.3,6.45,1.78,2,3.141592654,
OBrien,255225,heisco  ,6.5,5.92,1.79,1.91,2.86521104,
Bohlman,30519,diptpa  ,3.3,8.2,1.8,0.43,0.14522012,
Helene,446019,sloate  ,1.57,2,1.8,0.45,0.159043128,
Helene,406967,cordbi  ,2.18,3.75,1.8,0.54,0.229022104,
Helene,178710,alsebl  ,1.53,2.5,1.8,0.57,0.255175863,
Helene,216246,sloate  ,1.46,2.1,1.8,0.89,0.622113885,
Helene,419581,simaam  ,1.63,3,1.8,0.99,0.76976874,
OBrien,444260,xyl1ma  ,1.6,3.8,1.8,1,0.785398163,
Helene,404093,pri2co  ,1.39,2.6,1.8,1.02,0.817128249,
Helene,H3116   ,gar2in  ,1.33,2.6,1.8,1.05,0.865901475,
Helene,516045,tri2tu  ,1.48,2.85,1.8,1.19,1.112202339,
Helene,432021,beilpe  ,1.56,4,1.8,1.2,1.130973355,
Helene,H3156   ,tachve  ,1.45,2.2,1.8,1.34,1.410260942,
Helene,23355,protte  ,2.02,3.85,1.8,1.37,1.474113813,
Helene,306188,tri2tu  ,1.38,1.8,1.8,1.46,1.674154725,
Helene,413857,eugeoe  ,1.28,3.15,1.8,1.62,2.06119894,
Helene,418183,drypst  ,1.71,4,1.8,1.67,2.190396938,
Helene,H3105   ,simaam  ,1.88,3.3,1.8,1.67,2.190396938,
Helene,296285,quaras  ,2.05,3.4,1.8,1.8,2.544690049,
Helene,75922,sloate  ,2.24,2.7,1.8,1.82,2.601552876,
Helene,537994,hirttr  ,1.44,2.85,1.8,1.89,2.805520779,
Helene,313383,eugeoe  ,1.74,2.7,1.8,1.92,2.89529179,
Helene,H3129   ,simaam  ,2.7,2.7,1.8,2.23,3.905706527,
OBrien,172677,pri2co  ,6.6,5.6,1.81,1.72,2.323521927,
Helene,300432,tri2tu  ,1.23,2,1.85,0.86,0.580880482,
OBrien,186073,mourmy  ,2.8,5.2,1.85,1,0.785398163,
Helene,H3212   ,drypst  ,1.26,2.4,1.85,1.1,0.950331778,
Helene,H3227   ,hirttr  ,1.37,3.05,1.85,1.27,1.266768698,
Helene,253227,protte  ,1.45,3.1,1.85,1.3,1.327322896,
Helene,12420,drypst  ,2.29,3.45,1.85,1.37,1.474113813,
Helene,512232,simaam  ,1.97,3.3,1.85,1.47,1.697166891,
Helene,209183,hirttr  ,1.66,2.8,1.85,1.6,2.010619298,
Helene,53058,drypst  ,1.64,3,1.85,1.62,2.06119894,
Helene,H3211   ,micoar  ,1.52,3.3,1.85,1.72,2.323521927,
Helene,426091,cordbi  ,2.13,3.75,1.85,1.79,2.516494255,
Helene,202983,gar2in  ,2.21,3,1.85,1.86,2.717163486,
Helene,414228,gar2in  ,1.84,3.4,1.85,1.89,2.805520779,
Helene,302193,brosal  ,1.79,2.9,1.85,1.97,3.048051732,
Helene,176009,protte  ,2.72,5.75,1.85,2.07,3.36535259,
Helene,34969,protte  ,1.98,1.82,1.85,2.08,3.397946614,
Helene,512076,brosal  ,1.68,3.4,1.85,2.17,3.698361412,
Helene,310420,drypst  ,2.62,4.04,1.86,1.82,2.601552876,
OBrien,221293,hassfl  ,3.3,5.5,1.87,0.41,0.132025431,
Helene,441490,drypst  ,1.58,4.07,1.87,1.13,1.002874915,
OBrien,114061,pochse  ,4.6,7.5,1.88,0.91,0.650388219,
OBrien,218230,maquco  ,12.2,11.35,1.88,1.88,2.775911269,
Bohlman,256839,virosu  ,10.5,12.4,1.88,1.92,2.89529179,
Helene,446297,chr2ar  ,2.18,4.69,1.89,1.5,1.767145868,
Helene,257168,tet2pa  ,1.63,2.2,1.9,0.89,0.622113885,
OBrien,58507,protte  ,2.6,4.7,1.9,0.91,0.650388219,
Helene,412358,eugeoe  ,1.27,3.1,1.9,0.92,0.664761005,
Helene,517113,tri2tu  ,1.17,2.5,1.9,1,0.785398163,
Helene,543139,tet2pa  ,1.3,3.15,1.9,1.05,0.865901475,
Helene,H3181   ,tri2tu  ,1.1,2.35,1.9,1.24,1.207628216,
Helene,H3214   ,eugeoe  ,1.42,2.55,1.9,1.37,1.474113813,
Helene,408260,gar2in  ,1.68,3.05,1.9,1.37,1.474113813,
Helene,H3184   ,brosal  ,2.22,3.5,1.9,1.43,1.606060704,
Helene,27688,hirttr  ,2.57,3.25,1.9,1.45,1.651299639,
Helene,203065,tachve  ,3.45,5,1.9,1.45,1.651299639,
Helene,183887,brosal  ,1.71,3.05,1.9,1.46,1.674154725,
Helene,415642,beilpe  ,1.78,2.9,1.9,1.55,1.886919088,
Helene,17060,eugeoe  ,1.74,4,1.9,1.57,1.935927933,
Helene,432041,protte  ,2.03,5.1,1.9,1.73,2.350618163,
Helene,405129,brosal  ,1.74,3.15,1.9,1.79,2.516494255,
Helene,H3189   ,hirttr  ,2.21,3.2,1.9,2.03,3.236547292,
Helene,403689,brosal  ,2.46,4,1.9,2.14,3.596809429,
Helene,157950,sloate  ,2.24,2.85,1.9,2.14,3.596809429,
Helene,251347,pri2co  ,2.07,3.15,1.9,2.17,3.698361412,
Helene,H3221   ,luehse  ,2.42,4,1.9,2.3,4.154756284,
Helene,502127,simaam  ,3.16,3.85,1.9,2.39,4.486272849,
Helene,425080,tri2tu  ,2.07,2.75,1.9,2.39,4.486272849,
Helene,186076,pri2co  ,3.26,5.4,1.9,2.55,5.107051557,
Helene,H1106   ,cecrin  ,5.04,6,1.9,2.8,6.157521601,
OBrien,83065,picrla  ,5.1,5.4,1.91,1.81,2.573042923,
OBrien,29115,protco  ,3,6,1.92,1.31,1.347821788,
OBrien,127154,tab1ro  ,4.2,6.15,1.94,0.78,0.477836243,
Helene,18626,virose  ,1.96,3.98,1.94, NA,NA,
Helene,417653,luehse  ,1.92,2.65,1.95,0.71,0.395919214,
Helene,H3157   ,chr2ar  ,1.24,3,1.95,1.2,1.130973355,
Helene,15543,tachve  ,1.82,2.4,1.95,1.2,1.130973355,
Helene,293985,tri2tu  ,1.4,2.6,1.95,1.32,1.36847776,
Helene,132842,eugeoe  ,1.91,4.2,1.95,1.33,1.389290811,
Helene,439257,brosal  ,1.88,3.05,1.95,1.87,2.746458838,
Helene,242312,brosal  ,2.58,4.35,1.95,1.95,2.986476516,
Helene,65812,quaras  ,2.37,2.55,1.95,2,3.141592654,
Helene,445079,eugeoe  ,2.11,3.35,1.95,2.05,3.300635782,
Helene,524125,luehse  ,1.65,3.45,1.95, NA,NA,
Bohlman,195512,zantbe  ,30,24.68,1.98,4.19,13.7885287,
Helene,444366,tab1ro  ,1.18,2.9,2,0.69,0.373928066,
OBrien,213198,cassel  ,2.9,4.5,2,0.91,0.650388219,
Helene,H3175   ,simaam  ,1.48,2.75,2,1.15,1.038689071,
Helene,291369,tet2pa  ,1.93,2.85,2,1.24,1.207628216,
Helene,103122,tri2tu  ,2,2.3,2,1.4,1.5393804,
Helene,422583,cordbi  ,1.48,3.65,2,1.42,1.583676857,
Helene,31164,sloate  ,1.88,3.55,2,1.51,1.790786352,
Helene,407993,hirttr  ,1.54,3.55,2,1.52,1.814583917,
Helene,286297,tet2pa  ,1.48,2,2,1.62,2.06119894,
Helene,111471,eugeoe  ,1.71,3.1,2,1.67,2.190396938,
Helene,H1042   ,luehse  ,2.93,4.15,2,1.91,2.86521104,
Helene,309069,drypst  ,2.01,3.3,2,1.96,3.017185585,
Helene,150976,tri2tu  ,1.71,2.5,2,2.06,3.332915646,
Helene,27267,protte  ,2.81,3.8,2,2.12,3.529893506,
Helene,199911,brosal  ,2.49,3.9,2,2.14,3.596809429,
OBrien,161497,cou2cu  ,15,11.45,2,2.25,3.976078202,
Helene,235817,protte  ,3.3,3.7,2,2.75,5.939573611,
OBrien,115102,maquco  ,17.9,11.53,2,2.88,6.514406526,
Helene,104052,tri2tu  ,3.55,3.5,2,2.96,6.881344548,
Helene,H1029   ,cecrin  ,4.68,8,2, NA,NA,
Helene,538174,simaam  ,1.37,2.12,2.01,1.25,1.22718463,
Helene,23345,tri2tu  ,2,4.08,2.02,2.09,3.430697718,
OBrien,11997,protte  ,5,9.8,2.03,1.22,1.168986626,
OBrien,226340,cassel  ,11.1,11.16,2.03,2.31,4.19096314,
Helene,445398,quaras  ,2.1,3.02,2.04,1.86,2.717163486,
Bohlman,127463,casear  ,9.9,12.62,2.04,2.14,3.596809429,
Helene,218114,eugeoe  ,1.73,3,2.05,0.7,0.3848451,
Helene,35575,sloate  ,1.69,3.2,2.05,1.15,1.038689071,
Helene,109078,sloate  ,1.76,2.9,2.05,1.22,1.168986626,
Helene,427560,eugeoe  ,1.61,3.3,2.05,1.26,1.246898124,
Helene,530175,tet2pa  ,1.84,5.2,2.05,1.32,1.36847776,
Helene,87782,drypst  ,2.07,4.35,2.05,1.94,2.955924528,
Helene,287292,tri2tu  ,1.93,3.25,2.05,2.03,3.236547292,
Helene,H3202   ,drypst  ,2.4,4.1,2.05,2.1,3.463605901,
OBrien,222934,simaam  ,11.9,13.83,2.06,1.66,2.164243179,
Helene,440912,eugeoe  ,1.54,3.27,2.07,1.51,1.790786352,
Helene,47191,protte  ,2.31,3.37,2.07,1.62,2.06119894,
OBrien,295058,simaam  ,4.6,7.3,2.08,0.75,0.441786467,
OBrien,308364,crotbi  ,2.2,3.8,2.1,0.78,0.477836243,
Helene,523432,tet2pa  ,1.04,2.35,2.1,0.99,0.76976874,
Bohlman,312305,termob  ,4.1,6.7,2.1,1.19,1.112202339,
OBrien,119106,maquco  ,7.4,10.69,2.1,1.31,1.347821788,
Helene,159803,brosal  ,1.54,3.2,2.1,1.39,1.517467792,
Helene,275048,hirttr  ,1.8,3.5,2.1,1.71,2.29658277,
Helene,H3228   ,beilpe  ,2.57,4.1,2.1,1.73,2.350618163,
Helene,79726,tachve  ,3.05,3.9,2.1,1.8,2.544690049,
Helene,423341,gar2in  ,1.79,3.05,2.1,1.91,2.86521104,
Helene,H3118   ,cecrin  ,4.42,5.1,2.1,2.47,4.791635655,
Helene,268218,gar2in  ,2.51,3.25,2.1,2.52,4.987592497,
OBrien,129152,guatdu  ,18.9,15.54,2.11,2.13,3.563272928,
OBrien,175830,protpa  ,5.9,11.07,2.12,0.91,0.650388219,
OBrien,151102,loncla  ,7.2,9.8,2.14,1.63,2.08672438,
OBrien,281040,micoar  ,2.4,6.65,2.15,0.34,0.090792028,
Helene,H1034   ,micoar  ,2.64,3.7,2.15,1.02,0.817128249,
Helene,115409,drypst  ,1.24,3.3,2.15,1.36,1.452672443,
Helene,247771,hirttr  ,1.81,4.35,2.15,1.45,1.651299639,
Helene,542977,protte  ,1.6,3.2,2.15,1.46,1.674154725,
Helene,431587,gar2in  ,1.48,2.4,2.15,1.57,1.935927933,
Helene,257717,tet2pa  ,2.11,3.55,2.15,1.73,2.350618163,
Helene,110536,drypst  ,1.77,3.35,2.15,1.82,2.601552876,
Helene,176944,pri2co  ,3.14,3.95,2.15,2.12,3.529893506,
Helene,296339,quaras  ,2.83,3.85,2.15,2.22,3.870756308,
Helene,284558,hirttr  ,2.85,4.1,2.15, NA,NA,
OBrien,283056,calolo  ,1.9,3.26,2.16,0.56,0.246300864,
OBrien,15405,pla1pi  ,6.1,6.95,2.18,0.88,0.608212338,
Helene,448580,gar2in  ,1.79,3.2,2.18,1.27,1.266768698,
Bohlman,43050,huracr  ,15.7,13.54,2.19,1.8,2.544690049,
Helene,522972,tri2tu  ,1.22,3.55,2.2,0.87,0.59446787,
OBrien,52285,ocotwh  ,2.8,4.8,2.2,0.94,0.693977817,
Helene,197906,gar2in  ,1.45,3,2.2,1.1,0.950331778,
Helene,185468,pri2co  ,2.04,3.05,2.2,1.25,1.22718463,
OBrien,82171,hybapr  ,4.1,5.35,2.2,1.53,1.838538561,
Helene,22570,quaras  ,2.09,3.7,2.2,1.94,2.955924528,
Helene,172573,eugeoe  ,2.36,3.35,2.2,2.19,3.766848131,
Helene,210869,hirttr  ,1.85,3.55,2.2,2.21,3.83596317,
Helene,534343,eugeoe  ,3.59,4.6,2.2,2.59,5.26852942,
Helene,542464,drypst  ,1.96,4.23,2.24, NA,NA,
Helene,108010,tri2tu  ,2.03,2.45,2.25,1.48,1.720336137,
Helene,527222,eugeoe  ,1.69,3.45,2.25,2.04,3.268512997,
Helene,267236,beilpe  ,3.03,6,2.25,3.35,8.814130889,
Helene,18665,sloate  ,1.76,2.65,2.25, NA,NA,
Bohlman,7056,anacex  ,147.1,28.9,2.26,7.71,46.68728696,
OBrien,210204,pri2co  ,2.2,3.4,2.3,0.78,0.477836243,
Helene,309457,tri2tu  ,1.3,2.4,2.3,1.05,0.865901475,
Helene,534340,gar2in  ,1.73,3.15,2.3,1.57,1.935927933,
Helene,H3226   ,drypst  ,1.57,3.9,2.3,1.62,2.06119894,
Helene,236345,sloate  ,1.76,3.15,2.3,1.89,2.805520779,
Helene,75878,beilpe  ,2.42,3.55,2.3,1.98,3.07907496,
Helene,273432,tri2tu  ,1.39,2.4,2.3,2.04,3.268512997,
Helene,295745,gar2in  ,2.28,3.6,2.3,2.14,3.596809429,
Helene,205265,pri2co  ,2.45,3.85,2.3,2.2,3.801327111,
Helene,97439,quaras  ,2.3,3.15,2.3,2.22,3.870756308,
Helene,258235,tet2pa  ,2.23,4.95,2.3,2.4,4.523893421,
OBrien,151699,psycma  ,4.7,4.5,2.32,0.97,0.738981132,
OBrien,422095,cordbi  ,6,8.4,2.34,1.13,1.002874915,
OBrien,289113,cou2cu  ,2.6,4,2.35,0.53,0.220618344,
Helene,258228,tet2pa  ,2.76,2.55,2.35,0.82,0.528101725,
Helene,428165,tri2tu  ,1.64,3.05,2.35,1.86,2.717163486,
Helene,236229,brosal  ,2.64,4.85,2.35,2.74,5.896455252,
OBrien,71295,drypst  ,12.4,15.2,2.36,2.34,4.300526183,
OBrien,252102,swars2  ,19.7,14.71,2.38,4.13,13.39645793,
Bohlman,232830,alchco  ,7.8,12.91,2.39,1.73,2.350618163,
Helene,547064,drypst  ,1.75,4.1,2.4,1.21,1.149901451,
Helene,407036,pri2co  ,1.73,3.1,2.4,1.47,1.697166891,
Helene,411065,brosal  ,2.18,4.25,2.4,1.61,2.035830579,
Helene,27832,tri2tu  ,2.37,3.8,2.4,1.85,2.688025214,
Helene,404209,alsebl  ,1.93,5,2.4,1.91,2.86521104,
Helene,501051,tri2tu  ,1.35,2.95,2.4,1.94,2.955924528,
Helene,292983,chr2ar  ,2.13,4.95,2.4,2.4,4.523893421,
Helene,542959,chr2ar  ,2.27,4.1,2.4, NA,NA,
OBrien,261179,guarsp  ,6.9,7.79,2.43,1,0.785398163,
Bohlman,199801,jac1co  ,40.3,27.33,2.43,3.49,9.56622817,
OBrien,307056,picrla  ,2.6,3.55,2.45,0.81,0.515299735,
Helene,444130,gar2in  ,1.4,3.2,2.45,1.02,0.817128249,
Helene,283114,sloate  ,1.35,2.35,2.45,1.51,1.790786352,
Helene,199356,protte  ,3.71,6.85,2.45,1.6,2.010619298,
Helene,410069,tet2pa  ,1.69,3.55,2.45,1.7,2.269800692,
Helene,27825,tri2tu  ,3.13,5.25,2.45,2.32,4.227327075,
Helene,440436,tri2tu  ,1.59,3.4,2.5,1.51,1.790786352,
Helene,31103,gar2in  ,2.29,5,2.5,1.77,2.460573906,
Helene,416117,micoar  ,2.95,3.55,2.5,1.8,2.544690049,
Helene,300069,tet2pa  ,1.65,3.6,2.5,2.1,3.463605901,
Helene,512207,tachve  ,3.48,5.15,2.5,2.15,3.63050301,
Helene,76152,hirttr  ,2.09,4.2,2.5,2.25,3.976078202,
Helene,83379,chr2ar  ,2.99,4.32,2.5,3.39,9.025874234,
Helene,427296,tachve  ,4.02,6.65,2.5, NA,NA,
OBrien,230969,drypst  ,5.8,9.5,2.52,1.53,1.838538561,
Helene,19090,virose  ,2.23,3.93,2.53,2.1,3.463605901,
OBrien,211578,gar2in  ,11.8,9,2.54,2.84,6.334707427,
Helene,285180,hirttr  ,1.39,2.9,2.55,0.82,0.528101725,
Helene,534979,chr2ar  ,2.07,4.3,2.55,1.5,1.767145868,
Helene,50336,sloate  ,1.76,3.3,2.55,1.52,1.814583917,
Helene,289230,brosal  ,2.33,4.3,2.55,1.85,2.688025214,
Helene,H3154   ,tachve  ,2.38,3.1,2.55,2.12,3.529893506,
OBrien,212615,des2pa  ,3.4,5,2.56,1.25,1.22718463,
OBrien,7816,ocotwh  ,47.1,25.45,2.56,4.25,14.18625433,
OBrien,240754,guatdu  ,11.2,16.7,2.59,2.41,4.561671073,
Helene,H3131   ,tet2pa  ,2.19,4.35,2.6,1,0.785398163,
OBrien,311082,laciag  ,2.6,4.4,2.6,1.06,0.882473376,
Helene,407051,simaam  ,2.83,4.05,2.6,1.32,1.36847776,
Helene,517171,chr2ar  ,1.71,3.65,2.6,1.96,3.017185585,
Helene,H3199   ,eugeoe  ,2.13,4,2.6,2.15,3.63050301,
Helene,302076,alsebl  ,5.39,6.05,2.6, NA,NA,
Bohlman,123889,pochse  ,21.2,16.2,2.61,1.93,2.925529619,
OBrien,21414,pterro  ,12.3,10.84,2.63,2.22,3.870756308,
OBrien,404414,guatdu  ,4.2,7.22,2.64,1.13,1.002874915,
OBrien,10882,tab1ro  ,11,9.86,2.64,1.41,1.561450089,
Helene,303327,tet2pa  ,1.37,2.9,2.65,1,0.785398163,
Helene,201725,gar2in  ,1.63,2.8,2.65,1.22,1.168986626,
Helene,H3218   ,hirttr  ,1.56,3.45,2.65,1.61,2.035830579,
Helene,H3137   ,tachve  ,1.99,3.3,2.65,1.64,2.1124069,
Helene,147130,tri2tu  ,1.8,2.95,2.65,1.84,2.659044022,
Helene,425084,tri2tu  ,2.06,4.05,2.65,1.95,2.986476516,
Helene,H1110   ,micoar  ,3.5,5.75,2.65,2.92,6.6966189,
Helene,412153,quaras  ,2.89,3.5,2.65,3.3,8.552985999,
OBrien,164168,loncla  ,16.5,12.37,2.68,1.78,2.488455541,
Bohlman,408671,sponra  ,14.5,13.29,2.69,2.73,5.853493972,
Helene,406900,tet2pa  ,1.7,4.5,2.7,1.15,1.038689071,
OBrien,118943,pochse  ,8.6,10.84,2.7,1.66,2.164243179,
Helene,176004,pri2co  ,2.97,3.45,2.7,2.42,4.599605804,
Helene,80442,beilpe  ,2.68,5.05,2.7,2.45,4.714352476,
Helene,439352,chr2ar  ,2.57,4.1,2.7,2.58,5.227924335,
OBrien,32791,eugeoe  ,3.4,7.3,2.71,0.97,0.738981132,
OBrien,71808,crotbi  ,20.4,9.91,2.71,3.22,8.143322317,
Bohlman,143955,dendst  ,7.7,10.47,2.73,1.48,1.720336137,
Helene,520103,tet2pa  ,1.16,2.9,2.75,0.75,0.441786467,
Helene,17342,drypst  ,4.05,6.55,2.75,3.62,10.29217169,
OBrien,229466,randar  ,2.3,4.52,2.77,1.22,1.168986626,
OBrien,247931,simaam  ,8.9,11.17,2.78,1.63,2.08672438,
Bohlman,220422,guapst  ,23.9,18.14,2.79,3.02,7.163145409,
OBrien,20929,hybapr  ,2.6,4.5,2.8,0.69,0.373928066,
Helene,H3110   ,simaam  ,2.27,3.85,2.8,1.4,1.5393804,
Helene,423423,simaam  ,1.99,3.5,2.8,1.41,1.561450089,
Helene,305326,beilpe  ,2.39,3.7,2.8,1.81,2.573042923,
OBrien,82142,pterro  ,18.3,21.82,2.81,2.28,4.082813813,
OBrien,20083,picrla  ,8.2,6.1,2.81,2.88,6.514406526,
OBrien,56916,des2pa  ,5.6,5.5,2.84,1.53,1.838538561,
Helene,527295,micoar  ,1.13,2.95,2.85,0.84,0.554176944,
Helene,221276,quaras  ,4.18,6,2.85,2.71,5.768042652,
OBrien,275255,micoar  ,14,13.89,2.85,3.09,7.499060204,
Helene,269095,quaras  ,3.5,4.8,2.85,3.1,7.54767635,
OBrien,2759,pterro  ,38.3,27,2.85,4.28,14.38723772,
Bohlman,6772,alchco  ,39,19.36,2.85,4.57,16.4029621,
Helene,539210,protte  ,2.22,3.76,2.87,1.5,1.767145868,
OBrien,209496,hassfl  ,5.4,6.9,2.87,1.72,2.323521927,
Bohlman,7251,sponra  ,58.4,23.74,2.87,6.72,35.46732442,
OBrien,82644,swars2  ,8,6.85,2.88,1.16,1.056831769,
Helene,12222,drypst  ,2.87,6.6,2.88,1.84,2.659044022,
OBrien,172003,eugeco  ,11.5,11.55,2.88,2.38,4.448809357,
OBrien,82786,pri2co  ,8.4,8.9,2.89,2.03,3.236547292,
Helene,523585,simaam  ,1.83,3.05,2.9,1,0.785398163,
OBrien,413137,xyl1ma  ,2.2,4.5,2.9,1.06,0.882473376,
Helene,H3171   ,tet2pa  ,1.36,3.25,2.9,1.37,1.474113813,
Helene,432166,tri2tu  ,1.88,3.5,2.9,1.77,2.460573906,
Helene,135926,tri2tu  ,2.36,3.65,2.9,2.03,3.236547292,
OBrien,406315,hirttr  ,4.8,6.25,2.9,2.03,3.236547292,
Helene,282071,quaras  ,2.7,4.2,2.9,2.42,4.599605804,
Bohlman,28103,brosal  ,4.9,8.8,2.9,NA,NA,
Helene,32066,hirttr  ,3.45,7.5,2.9, NA,NA,
OBrien,147403,soroaf  ,9.9,8.2,2.91,1.13,1.002874915,
OBrien,3498,cordal  ,40.3,28.22,2.91,3.94,12.19220693,
Bohlman,5482,casear  ,57.8,23.9,2.92,4.95,19.2442185,
Bohlman,663,ocotwh  ,82.8,28.8,2.92,6.23,30.48358038,
Helene,429326,eugeoe  ,2.28,4.5,2.95,1.93,2.925529619,
Bohlman,4455,guazul  ,43.4,26.71,2.96,3.22,8.143322317,
OBrien,178731,hybapr  ,8.5,5.6,2.97,2.31,4.19096314,
Helene,310056,protte  ,1.53,2.95,3,0.87,0.59446787,
Helene,89535,sloate  ,1.82,4.05,3,1.46,1.674154725,
Helene,H3104   ,simaam  ,1.85,3.25,3,1.5,1.767145868,
Helene,276416,gar2in  ,2.12,4,3,1.8,2.544690049,
Helene,207955,pri2co  ,2.63,4,3,2.55,5.107051557,
Bohlman,13117,ast2gr  ,34.4,26.9,3,3.82,11.46084416,
OBrien,143255,swars1  ,15.2,12.98,3.01,1.75,2.405281875,
Helene,425983,simaam  ,3.51,5.85,3.05,2.06,3.332915646,
Helene,104117,protte  ,4.13,6.7,3.05,2.1,3.463605901,
Bohlman,183737,apeime  ,37.4,21.9,3.06,3.93,12.13039609,
Helene,525104,tri2tu  ,1.39,3.4,3.1,1.27,1.266768698,
Helene,297191,tri2tu  ,1.68,3.8,3.1,1.35,1.431388153,
Bohlman,31919,cavapl  ,13,9.05,3.1,1.6,2.010619298,
Helene,211322,pri2co  ,2.29,3.55,3.1,2.04,3.268512997,
Helene,306582,tri2tu  ,1.48,3.12,3.1, NA,NA,
OBrien,218810,gar2in  ,3.4,5.75,3.11,1.22,1.168986626,
Bohlman,6949,sterap  ,30.1,28.46,3.13,4.83,18.32247521,
Helene,405707,simaam  ,2.31,3.5,3.15,1.24,1.207628216,
Helene,90994,tri2tu  ,1.19,3.35,3.15,1.36,1.452672443,
Helene,131186,pri2co  ,3.12,4.8,3.15,2.24,3.940813825,
Helene,408225,simaam  ,4.25,5.1,3.15,2.24,3.940813825,
OBrien,118591,eugega  ,19.2,18.46,3.17,1.59,1.985565097,
OBrien,246824,guatdu  ,2.6,5.3,3.2,0.63,0.311724531,
Helene,188591,tri2tu  ,1.88,4,3.2,1.7,2.269800692,
OBrien,5006,tab1gu  ,25.7,19.68,3.22,3.03,7.210661998,
OBrien,81996,pla1pi  ,11.8,8.95,3.24,2.44,4.675946506,
Helene,412643,tet2pa  ,1.24,3.3,3.25,1.25,1.22718463,
Bohlman,207394,guapst  ,13.8,12.87,3.25,2.64,5.47391104,
OBrien,168025,protco  ,10.3,11,3.26,2.28,4.082813813,
OBrien,963,virose  ,21.6,17.44,3.27,3.28,8.449627601,
Bohlman,3095,ceibpe  ,59.4,24.27,3.29,3.48,9.511485918,
Helene,220777,tet2pa  ,1.75,4.8,3.3,1.26,1.246898124,
OBrien,228979,virose  ,5.3,8.55,3.34,1.44,1.628601632,
Bohlman,254153,virosu  ,30.5,21.35,3.34,2.68,5.641043769,
OBrien,311140,calolo  ,2.6,5.1,3.35,0.69,0.373928066,
Helene,516066,micoar  ,2.05,4.25,3.35,2.02,3.204738666,
OBrien,409329,crotbi  ,9.2,12.27,3.36,2,3.141592654,
Bohlman,7284,sterap  ,103,36.9,3.39,9.91,77.13246137,
Helene,301196,protte  ,1.68,3.85,3.4,1.43,1.606060704,
Helene,245924,gar2in  ,1.84,3.9,3.4,1.62,2.06119894,
OBrien,197825,cou2cu  ,14.5,9.8,3.4,2.38,4.448809357,
OBrien,39319,cordbi  ,27.4,19.4,3.4,2.56,5.147185404,
Bohlman,198629,sterap  ,7.7,11.77,3.43,1.68,2.216707776,
Helene,504203,hirttr  ,1.87,4.4,3.45,2.48,4.830512864,
Helene,H3205   ,virose  ,3.1,4.85,3.45,2.81,6.201582438,
OBrien,71105,cordal  ,14.6,17.09,3.47,1.66,2.164243179,
Bohlman,3858,loncla  ,52.5,31.6,3.47,5.54,24.10512627,
OBrien,190449,xyl1ma  ,6.4,8.85,3.49,2.5,4.908738521,
Helene,525186,brosal  ,2.75,4.15,3.5,2.3,4.154756284,
OBrien,170864,eugega  ,7.3,8.6,3.57,1.56,1.91134497,
Bohlman,19551,ocotwh  ,4.7,9.1,3.6,1.23,1.188228881,
Helene,546132,micoar  ,2.65,5,3.6, NA,NA,
OBrien,222681,randar  ,13.5,9,3.61,4.03,12.75557303,
OBrien,165053,mourmy  ,4.3,6.6,3.62,1.63,2.08672438,
OBrien,656,hassfl  ,36.3,12,3.62,3.78,11.22208312,
Bohlman,5221,ast2gr  ,85.5,39.52,3.62,5.73,25.78689936,
Helene,417195,brosal  ,2.83,4.9,3.65,2.22,3.870756308,
Helene,98393,tri2tu  ,2.95,4.35,3.65,2.5,4.908738521,
Bohlman,7356,casear  ,45.5,27.98,3.67,5.95,27.80505848,
OBrien,244116,pterro  ,5.4,9.1,3.68,1.25,1.22718463,
OBrien,160851,eugeoe  ,4.1,11.23,3.68,2.19,3.766848131,
OBrien,6471,cordbi  ,37.8,23.65,3.69,3.06,7.354154243,
Helene,305524,tri2tu  ,1.58,3.85,3.7,1.54,1.862650284,
Helene,537272,eugeoe  ,4.01,5.74,3.71,3.12,7.645379882,
Bohlman,258263,alchco  ,27.9,15.09,3.74,4.1,13.20254313,
Helene,H1004   ,micoar  ,4.34,6.35,3.75,3.78,11.22208312,
OBrien,3405,swars1  ,21.8,14.35,3.76,4,12.56637061,
Bohlman,170889,pri2co  ,14.8,10.07,3.81,3.32,8.656972716,
OBrien,113864,hybapr  ,7.7,7.5,3.82,1.69,2.243175694,
Bohlman,206378,apeime  ,7.1,8.49,3.82,1.74,2.37787148,
Bohlman,240284,sterap  ,24.9,17.49,3.83,3.39,9.025874234,
OBrien,251363,loncla  ,21.7,23.04,3.88,2.13,3.563272928,
Helene,412862,beilpe  ,3.53,6.95,3.9,2.06,3.332915646,
Bohlman,7049,pterro  ,61.8,33.9,3.9,7.67,46.20411001,
Helene,47110,tri2tu  ,3.37,6.2,3.9, NA,NA,
Bohlman,439464,apeime  ,14.3,11.97,3.94,2.08,3.397946614,
Bohlman,6336,sloate  ,83.7,34.9,3.94,11.58,105.3190663,
OBrien,15953,ocotwh  ,10.4,13.69,3.99,1.94,2.955924528,
OBrien,2118,tab1ro  ,26,27.18,3.99,2.41,4.561671073,
Bohlman,255757,apeime  ,32.5,22.9,4,4.1,13.20254313,
Bohlman,1084,zantbe  ,71.8,34.9,4,7.88,48.76882772,
Bohlman,254303,casear  ,15.9,16.76,4.03,3.11,7.596449576,
Bohlman,5949,poutre  ,33.1,28.23,4.1,4.37,14.99867019,
Bohlman,4116,guazul  ,97,22.52,4.13,6.3,31.17245311,
Bohlman,202450,sterap  ,15,15.39,4.14,1.89,2.805520779,
Helene,86201,sloate  ,1.03,4.3,4.15, NA,NA,
OBrien,143966,tab2ar  ,7.8,9,4.16,1.5,1.767145868,
Helene,517449,micoar  ,1.84,4.1,4.2,1.06,0.882473376,
OBrien,207749,gar2in  ,9,9.6,4.21,2.38,4.448809357,
Helene,275102,pri2co  ,3.1,4.85,4.25,1.92,2.89529179,
OBrien,42801,des2pa  ,8,8.45,4.28,1.97,3.048051732,
OBrien,195070,calolo  ,6,8.6,4.29,1.72,2.323521927,
OBrien,116834,eugeoe  ,19.5,16.64,4.31,3.09,7.499060204,
Bohlman,1349,ocotwh  ,68.5,34.8,4.35,NA,NA,
Bohlman,180934,termob  ,20.5,17.44,4.37,4.46,15.62282611,
OBrien,177142,heisco  ,8.9,11.3,4.38,1.97,3.048051732,
OBrien,18777,guarsp  ,16.6,17.69,4.39,3.13,7.694467267,
OBrien,5069,micoar  ,23.3,20.34,4.41,2.72,5.810689772,
Bohlman,263695,brosal  ,17.2,16.72,4.48,2.31,4.19096314,
OBrien,7280,calolo  ,28.6,20.89,4.48,4.53,16.11707717,
Bohlman,207762,dendst  ,19.1,13.97,4.5,3.47,9.456900746,
Bohlman,2982,alchco  ,59.9,16.85,4.51,5.51,23.84476678,
Bohlman,1091,cavapl  ,172.1,38.85,4.53,8.59,57.95303822,
OBrien,152636,cupasy  ,5.2,8.7,4.55,1.22,1.168986626,
OBrien,150789,des2pa  ,5.7,7.5,4.63,1.44,1.628601632,
Bohlman,5971,pri2co  ,34.8,21.6,4.67,3.88,11.82369811,
Bohlman,75610,ocotwh  ,12.7,15.13,4.7,1.94,2.955924528,
Bohlman,7738,zantbe  ,58.7,28.58,4.72,3.81,11.40091828,
Bohlman,7417,guapst  ,59.1,28.43,4.72,4.66,17.05539236,
OBrien,255620,tachve  ,14.9,17.14,4.77,3.47,9.456900746,
Helene,83224,tri2tu  ,2.8,5.3,4.8,2.1,3.463605901,
OBrien,7285,hirttr  ,33.2,17.82,4.82,4.59,16.54684705,
Bohlman,3811,diptpa  ,41.7,30.75,4.82,7.27,41.51057059,
OBrien,120032,hirttr  ,13,10,4.86,3.63,10.34911306,
Bohlman,7391,ast2gr  ,53.5,33.38,4.91,5.55,24.19222693,
OBrien,232055,poutre  ,12.3,13.18,4.92,3.03,7.210661998,
OBrien,136322,randar  ,20.5,10.84,4.96,4.28,14.38723772,
OBrien,33849,cordla  ,17.5,12.37,4.97,2.78,6.069871166,
OBrien,23841,des2pa  ,7.6,8.4,4.98,1.31,1.347821788,
Bohlman,8136,sloate  ,31.9,24.9,5,4.95,19.2442185,
Bohlman,8412,jac1co  ,64.7,31.9,5,7.61,45.48405698,
Bohlman,8296,brosal  ,52.2,27.9,5,9.46,70.28653828,
OBrien,146889,tab2ar  ,17.8,13.43,5.01,2.5,4.908738521,
Bohlman,8383,brosal  ,32.2,24.45,5.05,3.83,11.52092712,
Bohlman,5669,jac1co  ,58.3,28.23,5.05,4.9,18.8574099,
Bohlman,440003,hyeral  ,8.4,9.66,5.06,2.01,3.17308712,
Bohlman,1369,huracr  ,146,34.73,5.1,8.07,51.14897685,
Bohlman,1959,protco  ,27.5,22.23,5.19,3.2,8.042477193,
Bohlman,7823,sponra  ,49.6,23.14,5.19,5.57,24.36689948,
OBrien,228498,protco  ,16.9,16.75,5.24,3.72,10.86865394,
Bohlman,230141,guapst  ,34.8,22.9,5.24,4.88,18.70378602,
OBrien,110351,xyl1ma  ,8.2,13.58,5.29,2.13,3.563272928,
Bohlman,4448,termob  ,73.9,30.91,5.31,8.99,63.47595811,
OBrien,403328,crotbi  ,12.8,14.18,5.32,3.75,11.04466167,
OBrien,435240,crotbi  ,5,9.1,5.38,1.34,1.410260942,
OBrien,1986,pla1pi  ,29.1,23.8,5.39,4.56,16.33125525,
OBrien,6163,calolo  ,55.2,25.46,5.39,6.38,31.969161,
Bohlman,7832,zantbe  ,68,26.9,5.41,7.24,41.16868677,
Bohlman,6444,pla2el  ,56.9,30.9,5.42,7.78,47.53889419,
Bohlman,527007,zantbe  ,15,17.48,5.43,2.03,3.236547292,
OBrien,40635,picrla  ,21.3,12.54,5.44,3.34,8.761587752,
Bohlman,257016,casear  ,27.4,20.19,5.44,5.44,23.24275909,
OBrien,239110,tab2ar  ,11.5,12.37,5.45,2.13,3.563272928,
OBrien,6604,drypst  ,23.4,18.68,5.45,3.97,12.37858191,
Bohlman,3632,huracr  ,77.1,37.2,5.47,10.69,89.75223906,
Bohlman,260213,protco  ,20.4,13.9,5.5,6.47,32.87747398,
Bohlman,5444,ceibpe  ,90.6,33.9,5.52,7.1,39.59192142,
Bohlman,1592,guazul  ,69.2,26.48,5.55,8.23,53.19729526,
Bohlman,6705,hirttr  ,21.1,14.61,5.59,3.89,11.88472355,
Bohlman,3563,quaras  ,87,38.93,5.68,NA,NA,
Bohlman,4484,pla1pi  ,40.8,30.4,5.72,4.11,13.26702432,
Bohlman,2030,swars2  ,30.5,15.02,5.73,4.82,18.24668429,
Bohlman,130352,xyl1ma  ,20,15.6,5.75,4.18,13.72279087,
OBrien,148042,poular  ,23,14.81,5.76,2.31,4.19096314,
Bohlman,950,eugeco  ,49.7,29.8,5.79,5.24,21.56514861,
Bohlman,5908,swars2  ,23.6,14.34,5.81,4.63,16.83650189,
Bohlman,138502,diptpa  ,36.3,31.22,5.85,3.41,9.132688384,
OBrien,6549,hirttr  ,19.2,11.81,5.85,3.41,9.132688384,
OBrien,16114,laciag  ,9,12.24,5.9,1.25,1.22718463,
Helene,502151,simaam  ,4.37,7.1,5.9,1.8,2.544690049,
Bohlman,8048,apeime  ,49.8,24.1,5.93,5.16,20.91169734,
Bohlman,8214,pla1pi  ,53.3,27.59,5.94,3.93,12.13039609,
Bohlman,5613,ingama  ,32,18.2,5.96,NA,NA,
Bohlman,6165,sterap  ,42.7,23.9,6,5.32,22.22865298,
Bohlman,5202,hyeral  ,83.2,29.9,6,11.27,99.75569839,
Bohlman,4888,huracr  ,176,38.9,6,11.31,100.46507,
Bohlman,7790,cordal  ,52.3,30.23,6.13,4.53,16.11707717,
Bohlman,296262,alchco  ,17.7,14.19,6.14,2.95,6.834927517,
OBrien,162185,calolo  ,10.7,16.1,6.17,1.91,2.86521104,
OBrien,56818,cordla  ,8.1,11.61,6.18,1.31,1.347821788,
Bohlman,6529,protte  ,50.4,23.9,6.19,6.65,34.73227028,
Bohlman,7937,jac1co  ,72.1,33.9,6.19,7.44,43.47461578,
Bohlman,213500,virosu  ,32.2,26.65,6.27,2.42,4.599605804,
Bohlman,4468,cavapl  ,95.4,34.05,6.27,3.38,8.972702778,
Bohlman,7652,pla2el  ,49.2,27.04,6.28,7.44,43.47461578,
Bohlman,305008,jac1co  ,20.9,17.72,6.31,NA,NA,
Bohlman,1451,sloate  ,56.9,34.28,6.34,7.2,40.71504079,
Bohlman,3156,pterro  ,72,33.98,6.37,6.66,34.83680678,
Bohlman,8391,virosu  ,57.2,31.23,6.39,7.42,43.24119544,
OBrien,204544,hassfl  ,20.6,18.16,6.4,3.59,10.12229007,
Bohlman,6376,tab1ro  ,37.2,26.9,6.4,6.37,31.86902274,
Bohlman,6866,hyeral  ,57.5,28.88,6.52,6.21,30.28817331,
OBrien,5506,tachve  ,57.1,26.08,6.52,11.41,102.2494946,
Bohlman,6758,tab2ar  ,52.9,23.9,6.53,5.72,25.69697127,
OBrien,3732,pla1pi  ,62.2,33.7,6.57,4.31,14.58963482,
Bohlman,8087,apeime  ,65.4,27.46,6.6,6.52,33.38759009,
Bohlman,5046,guazul  ,82.5,28.2,6.66,9.29,67.78308163,
Bohlman,5761,guargu  ,50.9,15.76,6.67,5.23,21.48291742,
Bohlman,8527,virosu  ,73,30.9,6.67,6.89,37.28450015,
Bohlman,3488,jac1co  ,137.3,30.15,6.74,11.44,102.7878851,
OBrien,91578,guarsp  ,11,16.48,6.76,2.25,3.976078202,
OBrien,4949,drypst  ,39.6,26.7,6.8,7.5,44.17864669,
OBrien,7108,simaam  ,40.2,25.86,6.96,4.44,15.48302523,
Bohlman,6322,tachve  ,30.3,26.06,6.96,4.89,18.78051942,
Bohlman,6907,huracr  ,115.4,32.9,7,12.2,116.8986626,
OBrien,945,guargu  ,33.8,22.43,7.02,4.09,13.13821902,
Bohlman,7020,huracr  ,97.5,33.6,7.05,11.98,112.7206586,
OBrien,201517,simaam  ,21.1,15.49,7.06,2.63,5.432520556,
OBrien,111690,soroaf  ,12.9,10.54,7.11,1.47,1.697166891,
OBrien,177535,poutre  ,24,18.14,7.16,3.03,7.210661998,
Bohlman,960,ocotwh  ,55.9,29.6,7.16,8.97,63.19384309,
OBrien,5533,cupasy  ,21.8,14.47,7.18,4,12.56637061,
Bohlman,429,sterap  ,67.5,30.08,7.23,5.96,27.8985994,
OBrien,243690,loncla  ,10.6,18.62,7.24,1.81,2.573042923,
OBrien,3275,drypst  ,72.5,28.74,7.25,5.94,27.71167464,
OBrien,62639,protpa  ,23.9,16.64,7.26,3.41,9.132688384,
Bohlman,5275,pri2co  ,24,17.1,7.28,4.16,13.59178646,
Bohlman,3818,pochse  ,49.5,29.9,7.32,4.21,13.92047559,
OBrien,412,eugeco  ,42.8,21.51,7.32,6.41,32.27051828,
OBrien,110556,ocotwh  ,16.5,16.94,7.34,3.44,9.294087706,
OBrien,74362,protte  ,21.9,16.94,7.34,3.72,10.86865394,
OBrien,5892,tab2ar  ,35.8,21.21,7.42,3.97,12.37858191,
OBrien,566,protte  ,37.9,27.08,7.44,7.34,42.31379729,
Bohlman,7006,poular  ,81.9,27.9,7.45,4.54,16.18831278,
Bohlman,7763,protte  ,45.7,20.9,7.46,5.2,21.23716634,
Bohlman,5027,ceibpe  ,123,35.9,7.5,13.91,151.9651984,
Bohlman,6740,ceibpe  ,214.5,40.12,7.53,17.29,234.7901471,
Bohlman,1089,dendst  ,62.6,31.8,7.56,6.4,32.16990877,
Bohlman,7893,dendst  ,52.2,20.67,7.57,5.61,24.71812954,
OBrien,7875,micoar  ,34.7,28.34,7.63,3.56,9.953822164,
OBrien,105108,xyl1ma  ,18.8,20.29,7.64,3.47,9.456900746,
OBrien,6492,tab2ar  ,82.9,23.95,7.68,5.22,21.40084332,
Bohlman,157003,swars2  ,21.2,14.28,7.71,3.95,12.25417484,
Bohlman,158833,eugeoe  ,28.7,18.31,7.72,5.75,25.96722678,
OBrien,102444,laciag  ,18.4,20.66,7.76,2.56,5.147185404,
Bohlman,4934,alchco  ,75.3,31.13,7.79,7.64,45.84337664,
OBrien,4219,swars1  ,37.9,16.94,7.8,6.31,31.27149181,
OBrien,4008,eugeoe  ,32.4,15.87,7.82,5.41,22.98711199,
Bohlman,738,poular  ,45.9,25.73,7.83,6.59,34.10834998,
Bohlman,7903,dendst  ,36.5,18.6,7.85,5.22,21.40084332,
Bohlman,51291,guatdu  ,24.4,18.69,7.87,3.84,11.58116716,
Bohlman,4152,pri2co  ,43.5,24.33,7.89,4.37,14.99867019,
Bohlman,3889,apeime  ,114.3,34.43,7.9,9.47,70.43521415,
OBrien,1078,tab1gu  ,50.8,29.74,7.99,4.78,17.9450914,
Bohlman,5703,diptpa  ,52.6,35.9,8,6.74,35.67875361,
Bohlman,8386,virosu  ,75.2,34.9,8,7.68,46.32466863,
Bohlman,7837,sponra  ,90.8,32.9,8,8.81,60.95954239,
OBrien,6588,tachve  ,43.4,29.13,8.05,5.72,25.69697127,
Bohlman,369,apeime  ,77,29.49,8.05,5.73,25.78689936,
Bohlman,7916,hyeral  ,43.4,27.37,8.14,5.63,24.89468705,
Bohlman,7053,sloate  ,96.3,36.06,8.16,7.76,47.29479244,
OBrien,1376,guatdu  ,47,33.9,8.18,4.47,15.69296216,
OBrien,5879,protpa  ,34.4,24.86,8.19,3.34,8.761587752,
Bohlman,4017,tab1gu  ,35.3,28,8.27,NA,NA,
Bohlman,7758,brosal  ,89.5,34.9,8.33,8.64,58.62965874,
Bohlman,2059,pla2el  ,138.8,35.9,8.33,9.96,77.91275445,
OBrien,67552,ingama  ,12,15.42,8.39,2.28,4.082813813,
Bohlman,256211,dendst  ,22.7,12.54,8.39,4.24,14.11957402,
Bohlman,1414,casear  ,64,32.48,8.39,4.38,15.06739253,
Bohlman,3603,cavapl  ,134.5,37.65,8.39,6.67,34.94150035,
OBrien,116911,gar2in  ,18.9,16.18,8.65,3.19,7.992290251,
OBrien,4259,cassel  ,31.9,26.08,8.68,3.88,11.82369811,
OBrien,7246,calolo  ,93.2,35.13,8.74,11.22,98.87251815,
Bohlman,12939,brosal  ,106,39.75,8.85,10.6,88.24733764,
Bohlman,4366,hyeral  ,111.5,29.4,8.86,8.24,53.32665034,
Bohlman,4293,termob  ,38,36.82,8.89,5.53,24.0181827,
Bohlman,100045,termob  ,30.3,25.02,8.91,5.18,21.07411768,
Bohlman,4288,tab1ro  ,108.9,40.72,8.98,6.61,34.31569509,
Bohlman,7616,jac1co  ,87,33.9,8.98,8.16,52.29620795,
Bohlman,1080,alchco  ,90.4,31.9,9,6.77,35.99707548,
Bohlman,6058,diptpa  ,76.7,33.9,9,11.68,107.1459024,
Bohlman,2307,ceibpe  ,39.1,22.5,9.13,2.92,6.6966189,
Bohlman,130852,gar2in  ,20.8,19.9,9.16,NA,NA,
Bohlman,7072,pla2el  ,114.1,40.09,9.19,7.9,49.01669938,
Bohlman,3312,virosu  ,90,39.3,9.22,6.35,31.66921744,
OBrien,107109,protte  ,10.2,16.17,9.24,2.22,3.870756308,
Bohlman,7902,ast2gr  ,71.1,36.45,9.34,6.43,32.47220853,
Bohlman,3896,pterro  ,47.5,35.73,9.35,4.68,17.20210473,
OBrien,22346,ingama  ,40.3,19.07,9.37,6.56,33.7985104,
Bohlman,3273,huracr  ,122.3,41.4,9.4,10.15,80.91368229,
Bohlman,3648,xyl1ma  ,29.5,21.43,9.41,4.52,16.04599864,
Bohlman,5962,sponra  ,86.6,32.78,9.45,9.43,69.84145314,
Bohlman,8176,virosu  ,80.8,34.9,9.48,6.85,36.85284532,
Bohlman,3537,calolo  ,48.6,31.04,9.5,3.83,11.52092712,
Bohlman,7621,brosal  ,66.9,34.9,9.52,8.33,54.49791462,
OBrien,2021,heisco  ,27.1,19.45,9.56,5.22,21.40084332,
Bohlman,3799,pochse  ,68.8,34.15,9.62,4.79,18.020254,
Bohlman,2925,cordal  ,34.4,34.85,9.64,3.59,10.12229007,
Bohlman,4228,pla1pi  ,98.7,41.18,9.71,7.01,38.59454429,
Bohlman,3734,tet2pa  ,59.4,29.11,9.71,NA,NA,
Bohlman,560,calolo  ,79.8,36.7,9.8,9.87,76.51105434,
OBrien,3825,tab1gu  ,125.6,33.7,9.88,8.63,58.49402048,
Bohlman,3661,cavapl  ,112,36.52,9.95,5.81,26.51197894,
Bohlman,5331,hyeral  ,98.5,32.9,10,9.9,76.97687399,
Bohlman,7163,ceibpe  ,191.1,37.9,10,14.16,157.47673,
Bohlman,4391,pla2el  ,94.7,41.25,10.01,9.41,69.54551511,
Bohlman,3546,loncla  ,40.4,28.5,10.11,4.97,19.40004149,
OBrien,170064,ingama  ,29.8,18.46,10.11,5.34,22.39609987,
Bohlman,3676,guatdu  ,55.8,33.15,10.15,4.37,14.99867019,
Bohlman,3319,drypst  ,60.6,27.96,10.3,6.81,36.42370377,
Bohlman,774,hirttr  ,41.4,21.62,10.34,5.24,21.56514861,
Bohlman,274,termob  ,52.6,37.5,10.44,6.48,32.97918304,
Bohlman,3232,sloate  ,63.5,31.46,10.45,6.94,37.82760298,
Bohlman,4295,simaam  ,70.4,35.4,10.5,5.13,20.66924493,
Bohlman,8038,sterap  ,86.9,35.9,10.5,9.9,76.97687399,
Bohlman,5047,brosal  ,129.4,38.4,10.5,14.1,156.1450089,
Bohlman,1008,ocotwh  ,64.1,28.9,10.51,10.93,93.82751305,
OBrien,3003,pla1pi  ,74.6,32.18,10.61,7.63,45.72344634,
Bohlman,1747,beilpe  ,59.1,37.13,10.64,NA,NA,
Bohlman,2430,anacex  ,68.1,25.92,10.65,7.62,45.60367312,
Bohlman,2254,tab1ro  ,79.3,41.41,10.74,7.41,43.1247209,
OBrien,260251,cupasy  ,33.8,27.57,10.8,6.13,29.51282825,
Bohlman,3230,quaras  ,91.9,35.93,10.8,NA,NA,
Bohlman,5026,huracr  ,47.4,32.9,11,5.2,21.23716634,
Bohlman,4880,anacex  ,91.5,36.9,11,11.77,108.8034852,
OBrien,238398,eugeco  ,17.8,22.77,11.12,3.34,8.761587752,
Bohlman,2216,guargu  ,49.3,24.15,11.17,5.51,23.84476678,
Bohlman,4245,termob  ,60.8,35.55,11.2,8.76,60.2695701,
Bohlman,1969,simaam  ,56,27.83,11.24,5.55,24.19222693,
Bohlman,4306,anacex  ,114.3,37.9,11.27,11.11,96.94334464,
Bohlman,17,anacex  ,163.4,40.3,11.27,13.99,153.7182071,
Bohlman,8323,poutre  ,53.1,27.6,11.45,9.16,65.89930414,
Bohlman,2603,tab1ro  ,55.1,35.98,11.48,5.35,22.48005893,
Bohlman,7173,diptpa  ,102.5,40.1,11.6,NA,NA,
Bohlman,717,anacex  ,223.4,43.3,11.62,15.37,185.5400274,
Bohlman,890,sterap  ,121,40.4,11.67,11.26,99.57874818,
Bohlman,7927,diptpa  ,94.6,41.84,11.74,9.56,71.78036559,
Bohlman,3654,cavapl  ,202.5,42.8,11.74,11.64,106.413283,
Bohlman,4356,tab1gu  ,84.3,35.02,11.79,5.85,26.87828865,
Bohlman,5953,pri2co  ,69.7,33.4,11.8,5.4,22.90221044,
Bohlman,3601,guatdu  ,75.2,39.65,11.97,7.36,42.54470435,
Bohlman,3208,sloate  ,106.2,34.65,12.02,7.65,45.96346402,
Bohlman,2122,gar2in  ,26.5,20.04,12.11,4,12.56637061,
Bohlman,5058,tab1gu  ,69.8,32.96,12.11,5.81,26.51197894,
OBrien,36783,guargu  ,16.5,19.11,12.16,2.97,6.92791866,
Bohlman,2052,poutre  ,71.9,28.6,12.18,7.35,42.42917228,
Bohlman,7221,diptpa  ,66.1,41.32,12.27,10.05,79.327178,
Bohlman,7772,ceibpe  ,140.5,37.5,12.27,16.21,206.3744415,
Bohlman,3491,sponra  ,65.6,30.9,12.36,6.12,29.41661697,
OBrien,892,poutre  ,80,32,12.43,9.22,66.76544123,
Bohlman,3575,tachve  ,132.8,40.6,12.47,12.43,121.3478647,
Bohlman,5686,hyeral  ,105.8,36.9,12.5,12.47,122.1301213,
Bohlman,5981,pri2co  ,124.8,35.45,12.69,6.34,31.56955042,
Bohlman,7496,guapst  ,84.3,36.9,12.77,8.05,50.89576448,
Bohlman,8705,pri2co  ,91.5,37.48,12.95,NA,NA,
Bohlman,5960,pri2co  ,57.1,25.26,13.24,NA,NA,
Bohlman,4861,guapst  ,60,32.4,13.26,6.73,35.57296047,
Bohlman,4186,diptpa  ,141,47.77,13.3,14.41,163.0864364,
OBrien,2611,tab1ro  ,43.2,34.31,13.39,4.94,19.16654262,
OBrien,6106,virose  ,32.5,26.1,13.49,3.47,9.456900746,
OBrien,8375,poutre  ,52.9,39,13.56,6.34,31.56955042,
Bohlman,7433,calolo  ,68.4,32.9,13.69,7.8,47.78362426,
Bohlman,7570,virose  ,36,27.9,13.7,5.48,23.58582101,
Bohlman,5161,tachve  ,65.2,33.22,13.93,7.9,49.01669938,
Bohlman,7904,tet2pa  ,61.6,30.7,14,10.75,90.76257526,
Bohlman,56035,tab2ar  ,29.1,21.94,14.24,5.35,22.48005893,
OBrien,3567,tachve  ,91,41.32,14.28,11.25,99.40195505,
Bohlman,3764,pri2co  ,73.6,40.27,14.41,NA,NA,
OBrien,568,poular  ,32,32.28,14.72,4.56,16.33125525,
Bohlman,5197,anacex  ,187.4,38.9,14.75,17.45,239.1557042,
Bohlman,1499,ocotwh  ,114,38.52,14.96,9.23,66.91034719,
Bohlman,2570,drypst  ,44.2,30.85,14.98,3.69,10.69405993,
Bohlman,7940,poutre  ,42.6,30.2,15,8.25,53.4561625,
Bohlman,5678,anacex  ,193,37.9,15,13.6,145.2672443,
Bohlman,5350,calolo  ,108,34.39,15.17,7.28,41.62484602,
Bohlman,4583,pri2co  ,99.7,37.7,15.19,NA,NA,
Bohlman,8420,virose  ,29.8,22.4,15.3,6.05,28.74753628,
Bohlman,1342,diptpa  ,178.8,52.79,16.1,15.54,189.6670591,
Bohlman,958,poular  ,99,38.29,16.31,7.12,39.81528865,
Bohlman,4035,pri2co  ,96.7,39.13,16.4,9.64,72.98673717,
Bohlman,1246,diptpa  ,160,47.02,16.64,13.6,145.2672443,
Bohlman,4653,drypst  ,52,33.09,17.41,6.72,35.46732442,
Bohlman,2977,guapst  ,104.6,34.57,17.73,7.63,45.72344634,
Bohlman,3034,tachve  ,85.6,39.88,19.24,10.66,89.24919154,
Bohlman,5291,pri2co  ,131.7,39,19.89,9.39,69.2502054,
Bohlman,1869,poular  ,77.5,28.8,20.01,7.17,40.37645564,
Bohlman,7326,cordal  ,41.3,36.5,20.1,4.55,16.25970548,
Bohlman,5293,pri2co  ,115,38.17,20.5,NA,NA,
Bohlman,7897,tachve  ,59.4,41.8,22.3,8.34,54.62884049,
