sp,genus,species,family,grform,repsize,sppnumber,abun,X1,X2,WSG_AVG,MAXHEIGHT_AVG,SEED__DRY_MIX,LogAvAbun,X1new,X2new,fg1,fis,sil,fg5,fg13,fg20,fgall,splower,PC_slow_to_fast,PC_breeder_to_pioneer
ACACME,Acacia,melanoceras,Fabaceae:Mimos.,U,4,1,66,-0.0682877313964172,0.42233288426311,NA,10.608,NA,2.79028829933918,0.0682877313964172,-0.42233288426311,1,2,2,5,1,10,1,acacme,-0.0682877313964172,-0.42233288426311
ACALDI,Acalypha,diversifolia,Euphorbiaceae,S,2,2,2500,1.9501073359784,1.3148192183366,0.50129168,6.26,NA,6.81203072762349,-1.9501073359784,-1.3148192183366,1,1,1,1,6,2,2,acaldi,1.9501073359784,-1.3148192183366
ACALMA,Acalypha,macrostachya,Euphorbiaceae,U,2,3,323,2.90256587424742,1.52486965485517,0.404127546,7.08,NA,3.98898404656427,-2.90256587424742,-1.52486965485517,1,1,1,1,6,2,3,acalma,2.90256587424742,-1.52486965485517
ADE1TR,Adelia,triloba,Euphorbiaceae,U,10,4,1464,0.949572493022773,0.287507220179037,0.647727905,13.1675,0.026,5.43745799793707,-0.949572493022773,-0.287507220179037,1,2,2,5,2,11,4,ade1tr,0.949572493022773,-0.287507220179037
AEGIPA,Aegiphila,panamensis,Verbenaceae,M,4,5,534,0.931298792083594,1.31040281513612,0.4558328,11.94291632,NA,4.41193211745279,-0.931298792083594,-1.31040281513612,1,2,1,4,7,2,5,aegipa,0.931298792083594,-1.31040281513612
ALCHCO,Alchornea,costaricensis,Euphorbiaceae,T,20,6,1648,2.41989147042582,-0.950593612489889,0.393048399,19.1890563,0.019603333,5.6378461516518,-2.41989147042582,0.950593612489889,1,1,2,1,13,9,6,alchco,2.41989147042582,0.950593612489889
ALCHLA,Alchornea,latifolia,Euphorbiaceae,M,16,7,11,0.782767295108769,-1.13423911872611,0.451820767,5.97,NA,0.538996500732684,-0.782767295108769,1.13423911872611,1,2,3,2,5,17,7,alchla,0.782767295108769,1.13423911872611
ALIBED,Alibertia,edulis,Rubiaceae,U,4,8,1566,-1.68988635607775,2.15487453569833,0.788040125,10.106,0.012025,5.8975462553208,1.68988635607775,-2.15487453569833,1,3,1,4,8,18,8,alibed,-1.68988635607775,-2.15487453569833
ALLOPS,Allophylus,psilospermus,Sapindaceae,M,4,9,837,1.0826302388356699,-0.45284039128479,0.534386981,16.30640377,0.031092,4.90844435319971,-1.0826302388356699,0.45284039128479,1,2,2,5,2,6,9,allops,1.0826302388356699,0.45284039128479
ALSEBL,Alseis,blackiana,Rubiaceae,T,20,10,4000,-2.29601102393715,-0.801994576740638,0.577973969,28.60437889,4.9e-5,8.98342184726441,2.29601102393715,0.801994576740638,1,3,2,3,10,15,10,alsebl,-2.29601102393715,0.801994576740638
AMAICO,Amaioua,corymbosa,Rubiaceae,U,10,11,161,-1.42580254466821,-0.47256515334794,0.67762665,9.808,0.00838,3.2470467018349,1.42580254466821,0.47256515334794,1,3,2,3,10,20,11,amaico,-1.42580254466821,0.47256515334794
ANACEX,Anacardium,excelsum,Anacardiaceae,T,60,12,152,1.20025350080222,-3.89078041217438,0.420666804,35.11484354,1.579045,3.23587340123677,-1.20025350080222,3.89078041217438,1,2,3,2,12,4,12,anacex,1.20025350080222,3.89078041217438
ANAXPA,Anaxagorea,panamensis,Annonaceae,S,1,13,2024,-1.75333928363565,1.51339061446019,NA,4.99,NA,6.50000184035596,1.75333928363565,-1.51339061446019,1,3,1,3,9,18,13,anaxpa,-1.75333928363565,-1.51339061446019
ANDIIN,Andira,inermis,Fabaceae:Papil.,T,20,14,1718,-2.5110509969749,-0.585220624323459,0.683158317,20.80649677,0.469266667,5.67626444576231,2.5110509969749,0.585220624323459,1,3,2,3,10,15,14,andiin,-2.5110509969749,0.585220624323459
ANNOAC,Annona,acuminata,Annonaceae,S,1,15,1889,-1.88244148593961,1.69263980238487,0.645087275,8.372,0.027533333,6.24942351810756,1.88244148593961,-1.69263980238487,1,3,1,3,9,18,15,annoac,-1.88244148593961,-1.69263980238487
ANNOSP,Annona,spraguei,Annonaceae,M,8,16,702,3.49257829118327,1.01089179282956,0.425789773,16.5081092,0.026683472,4.80050197951806,-3.49257829118327,-1.01089179282956,1,1,2,1,6,5,16,annosp,3.49257829118327,-1.01089179282956
APEIME,Apeiba,membranacea,Tiliaceae,T,30,17,1910,2.06473090027869,-1.97231884649513,0.321387556,28.37550231,0.004113,5.758451018855,-2.06473090027869,1.97231884649513,1,1,3,2,13,8,17,apeime,2.06473090027869,1.97231884649513
APEITI,Apeiba,tibourbou,Tiliaceae,M,8,18,213,2.26882132422587,-0.557676688161387,0.342506375,17.7249041,0.001636667,3.62624388312245,-2.26882132422587,0.557676688161387,1,1,2,1,13,12,18,apeiti,2.26882132422587,0.557676688161387
APHESI,Aphelandra,sinclairiana,Acanthaceae,S,2,19,51,1.0281271545351,1.44761524005736,0.566005737,4.5675,NA,2.13162729485041,-1.0281271545351,-1.44761524005736,1,2,1,4,7,2,19,aphesi,1.0281271545351,-1.44761524005736
APPUSE,Appunia,seibertii,Rubiaceae,S,2,20,13,-0.809578349775884,1.42268236756609,NA,3.36,NA,0.762140052046895,0.809578349775884,-1.42268236756609,1,2,1,4,8,14,20,appuse,-0.809578349775884,-1.42268236756609
ARDIBA,Ardisia,bartlettii,Myrsinaceae,S,-9,21,21,-0.149340552099103,2.66949304971877,NA,3.07,0.0252625,1.38629436111989,0.149340552099103,-2.66949304971877,1,2,1,4,8,1,21,ardiba,-0.149340552099103,-2.66949304971877
ARDIFE,Ardisia,fendleri,Myrsinaceae,U,4,22,526,-2.42244999987695,-0.0466575386396016,NA,6.373333333,0.02033,4.5155580272984,2.42244999987695,0.0466575386396016,1,3,2,3,10,15,22,ardife,-2.42244999987695,0.0466575386396016
ARDIGU,Ardisia,guianensis,Myrsinaceae,S,2,23,113,-1.27971323254553,1.80023902672617,0.6192,2.726,NA,2.91390225530636,1.27971323254553,-1.80023902672617,1,3,1,4,8,18,23,ardigu,-1.27971323254553,-1.80023902672617
ASPICR,Aspidosperma,spruceanum,Apocynaceae,T,30,24,2096,-1.7214735274147,-1.40862964075825,0.770147174,38.62834017,0.45395,6.1584911588663,1.7214735274147,1.40862964075825,1,3,3,3,10,16,24,aspicr,-1.7214735274147,1.40862964075825
AST2GR,Astronium,graveolens,Anacardiaceae,T,30,25,463,-0.487441059791871,-1.93507877521686,0.80817686,34.84070022,0.01766,4.41711795448515,0.487441059791871,1.93507877521686,1,2,3,2,11,16,25,ast2gr,-0.487441059791871,1.93507877521686
BANAGU,Banara,guianensis,Flacourtiaceae,U,-9,26,10,2.26610157740276,1.21140447286353,0.48080701,NA,NA,0.356674943938733,-2.26610157740276,-1.21140447286353,1,1,1,1,6,2,26,banagu,2.26610157740276,-1.21140447286353
BEILPE,Beilschmiedia,pendula,Lauraceae,T,30,27,3725,-0.72562830070852,-1.02270760263383,0.527503989,34.17951447,3.876056,7.7839380470697,0.72562830070852,1.02270760263383,1,2,3,2,5,13,27,beilpe,-0.72562830070852,1.02270760263383
BOROPA,Borojoa,panamensis,Rubiaceae,U,5,28,6,-0.55470507700983,-0.64761305150183,NA,NA,NA,0,0.55470507700983,0.64761305150183,1,2,2,5,5,13,28,boropa,-0.55470507700983,0.64761305150183
BROSAL,Brosimum,alicastrum,Moraceae,T,30,29,2932,-1.52957003352457,-2.22650558917324,0.671531363,37.40324049,0.701005,6.79442659367513,1.52957003352457,2.22650558917324,1,3,3,2,11,16,29,brosal,-1.52957003352457,2.22650558917324
BROSGU,Brosimum,guianense,Moraceae,T,30,30,34,-1.25043064529298,-0.396409357560621,0.747710678,7.316666667,NA,1.69167601067107,1.25043064529298,0.396409357560621,1,3,2,3,4,20,30,brosgu,-1.25043064529298,0.396409357560621
CALOLO,Calophyllum,longifolium,Clusiaceae,T,30,31,2804,0.408859034607218,0.0634696981649748,0.54056402,36.39180792,1.95011,6.99511183448604,-0.408859034607218,-0.0634696981649748,1,2,2,5,1,11,31,calolo,0.408859034607218,-0.0634696981649748
CAPPFR,Capparis,frondosa,Capparaceae,S,1,32,3000,-4.2069148287407,0.6767109336379,0.632941284,7.23,0.073804722,8.0615769934993,4.2069148287407,-0.6767109336379,1,3,2,3,9,3,32,cappfr,-4.2069148287407,-0.6767109336379
CASEAC,Casearia,aculeata,Flacourtiaceae,U,5,33,1929,-1.59269328499318,0.40611244415511,0.689971211,13.05461177,0.002075,6.12029741895095,1.59269328499318,-0.40611244415511,1,3,2,3,9,20,33,caseac,-1.59269328499318,-0.40611244415511
CASEAR,Casearia,arborea,Flacourtiaceae,T,20,34,1110,2.86807331391055,-1.02947981352371,0.562365523,22.53036269,0.00115,5.17856811343811,-2.86807331391055,1.02947981352371,1,1,3,1,13,9,34,casear,2.86807331391055,1.02947981352371
CASECO,Casearia,commersoniana,Flacourtiaceae,U,10,35,131,-1.68777596669842,-0.620808147848989,0.617290009,10.54627905,0.017298125,3.09104245335832,1.68777596669842,0.620808147848989,1,3,2,3,10,20,35,caseco,-1.68777596669842,0.620808147848989
CASEGU,Casearia,guianensis,Flacourtiaceae,U,4,36,100,-1.65374031288874,0.226092881587796,0.692559465,8.5925,0.002908333,2.78147766965702,1.65374031288874,-0.226092881587796,1,3,2,3,9,20,36,casegu,-1.65374031288874,-0.226092881587796
CASESY,Casearia,sylvestris,Flacourtiaceae,M,10,37,1156,0.470253614839725,0.583209614018302,0.661614721,16.35844448,0.001,5.21260384827401,-0.470253614839725,-0.583209614018302,1,2,2,5,3,11,37,casesy,0.470253614839725,-0.583209614018302
CASSEL,Cassipourea,elliptica,Rhizophoraceae,M,8,38,2956,-1.47465187274103,-0.623625911006356,0.659964232,23.98650673,0.003656667,6.87035005967927,1.47465187274103,0.623625911006356,1,3,2,3,10,20,38,cassel,-1.47465187274103,0.623625911006356
CAVAPL,Cavanillesia,platanifolia,Bombacaceae,T,50,39,140,0.775525259918646,-3.58759101796994,0.197714953,41.11773674,0.449668,3.22457384598284,-0.775525259918646,3.58759101796994,1,2,3,2,12,4,39,cavapl,0.775525259918646,3.58759101796994
CECRIN,Cecropia,insignis,Cecropiaceae,T,30,40,3131,3.81676058014886,-0.376517125508067,0.550778659,30.61660039,5e-4,6.46079830918565,-3.81676058014886,0.376517125508067,1,1,2,1,13,9,40,cecrin,3.81676058014886,0.376517125508067
CECRLO,Cecropia,longipes,Cecropiaceae,M,30,41,27,2.14749008319145,0.859365610890679,0.26426833,21.13478504,7e-4,1.74296930505862,-2.14749008319145,-0.859365610890679,1,1,2,1,6,2,41,cecrlo,2.14749008319145,-0.859365610890679
CECROB,Cecropia,obtusifolia,Cecropiaceae,M,8,42,533,4.48003743348318,0.132195833595574,0.304733394,22.66532216,5e-4,4.7361984483945,-4.48003743348318,-0.132195833595574,1,1,2,1,6,5,42,cecrob,4.48003743348318,-0.132195833595574
CEDROD,Cedrela,odorata,Meliaceae,T,30,43,40,2.24475512351472,0.373644421340837,0.477733938,10.17565418,0.011,2.00533356952611,-2.24475512351472,-0.373644421340837,1,1,2,1,6,12,43,cedrod,2.24475512351472,-0.373644421340837
CEIBPE,Ceiba,pentandra,Bombacaceae,T,60,44,370,2.65436032690463,-2.50000228145129,0.304500544,37.47828936,0.023525,4.1225154391888,-2.65436032690463,2.50000228145129,1,1,3,2,13,8,44,ceibpe,2.65436032690463,2.50000228145129
CELTSC,Celtis,schippii,Ulmaceae,M,16,45,872,0.450741635315879,-1.45560596079926,0.57882696,20.72980663,NA,4.9416424226093,-0.450741635315879,1.45560596079926,1,2,3,2,12,17,45,celtsc,0.450741635315879,1.45560596079926
CESPMA,Cespedesia,spathulata,Ochnaceae,T,30,46,25,0.442644263920002,-1.95329028399085,0.592180458,NA,1.44e-4,1.34992671694902,-0.442644263920002,1.95329028399085,1,2,3,2,12,4,46,cespma,0.442644263920002,1.95329028399085
CESTME,Cestrum,megalophyllum,Solanaceae,S,1,47,887,1.93811582126201,2.54199554095027,0.424325287,6.104,0.00962125,4.89249505179203,-1.93811582126201,-2.54199554095027,1,1,1,4,7,2,47,cestme,1.93811582126201,-2.54199554095027
CHA2SC,Chamguava,schippii,Myrtaceae,U,4,48,1459,-1.55438340351272,0.200630524265878,NA,12.685,NA,5.84437223164817,1.55438340351272,-0.200630524265878,1,3,2,3,9,20,48,cha2sc,-1.55438340351272,-0.200630524265878
CHIMPA,Chimarrhis,parviflora,Rubiaceae,T,30,49,19,0.906783569753246,-1.21154322603124,0.778364757,11.67793147,NA,1.145132304303,-0.906783569753246,1.21154322603124,1,2,3,2,12,17,49,chimpa,0.906783569753246,1.21154322603124
CHR1EC,Chrysochlamys,eclipes,Clusiaceae,S,2,50,1779,-2.53123687348655,0.524365303851258,0.506946157,7.572,0.100268,6.03171494972928,2.53123687348655,-0.524365303851258,1,3,2,3,9,15,50,chr1ec,-2.53123687348655,-0.524365303851258
CHR2AR,Chrysophyllum,argenteum,Sapotaceae,T,30,51,2370,-1.17236948274852,-0.274677542322819,0.736321431,23.20432493,0.07511,6.43592140443025,1.17236948274852,0.274677542322819,1,3,2,3,4,20,51,chr2ar,-1.17236948274852,0.274677542322819
CHR2CA,Chrysophyllum,cainito,Sapotaceae,T,30,52,665,-1.34983736338944,-0.543675364074115,0.776838438,33.82316423,0.12636825,4.78271846402938,1.34983736338944,0.543675364074115,1,3,2,3,4,20,52,chr2ca,-1.34983736338944,0.543675364074115
CLIDDE,Clidemia,dentata,Melastomataceae,S,1,53,74,3.43367878425692,4.17009806881917,0.638701299,2.61,2e-5,2.72691868540659,-3.43367878425692,-4.17009806881917,1,1,1,4,7,7,53,clidde,3.43367878425692,-4.17009806881917
CLIDOC,Clidemia,octona,Melastomataceae,S,1,54,48,3.67878814091612,4.04237051400231,NA,4.156,1e-5,2.11453286149111,-3.67878814091612,-4.04237051400231,1,1,1,4,7,7,54,clidoc,3.67878814091612,-4.04237051400231
COCCCO,Coccoloba,coronata,Polygonaceae,M,8,55,925,-2.27461865540898,0.291031514752484,0.788537241,12.66986292,NA,5.02575845567047,2.27461865540898,-0.291031514752484,1,3,2,3,9,15,55,coccco,-2.27461865540898,-0.291031514752484
COCCMA,Coccoloba,manzinellensis,Polygonaceae,U,10,56,1756,-3.20460712589,-0.119581886917603,0.716341182,9.248,0.01882,6.04025471127741,3.20460712589,0.119581886917603,1,3,2,3,10,3,56,coccma,-3.20460712589,0.119581886917603
COLUGL,Colubrina,glandulosa,Rhamnaceae,T,30,57,11,0.96779274922001,-0.881079827947273,0.644380492,28.78931377,NA,0.762140052046895,-0.96779274922001,0.881079827947273,1,2,2,2,2,17,57,colugl,0.96779274922001,0.881079827947273
CONOBR,Conostegia,bracteata,Melastomataceae,S,1,58,28,1.70383215356553,2.20508843098122,NA,3.55,NA,1.6094379124341,-1.70383215356553,-2.20508843098122,1,1,1,4,7,2,58,conobr,1.70383215356553,-2.20508843098122
CONOCI,Conostegia,cinnamomea,Melastomataceae,S,1,59,1249,0.808311315166392,2.83984328730457,0.606171815,3.211666667,NA,5.2634301075476,-0.808311315166392,-2.83984328730457,1,2,1,4,7,1,59,conoci,0.808311315166392,-2.83984328730457
CORDAL,Cordia,alliodora,Boraginaceae,T,20,60,685,2.62120997773382,-1.14713622422703,0.455437259,31.60068879,0.005605,4.82717022660022,-2.62120997773382,1.14713622422703,1,1,3,1,13,9,60,cordal,2.62120997773382,1.14713622422703
CORDBI,Cordia,bicolor,Boraginaceae,M,16,61,3236,1.53445397186412,-0.452953896913359,0.373401035,24.79738584,0.01621625,6.68192956244799,-1.53445397186412,0.452953896913359,1,1,2,1,13,6,61,cordbi,1.53445397186412,0.452953896913359
CORDLA,Cordia,lasiocalyx,Boraginaceae,M,10,62,3043,0.165579515940423,0.0662581248070461,0.39744,13.87441039,0.042325,7.28550654852279,-0.165579515940423,-0.0662581248070461,1,2,2,5,1,11,62,cordla,0.165579515940423,-0.0662581248070461
COU2CU,Coussarea,curvigemmia,Rubiaceae,U,3,63,3043,-1.06338478979241,0.20357607137527,0.622066058,12.895,0.018453,7.5522372875608,1.06338478979241,-0.20357607137527,1,3,2,3,4,20,63,cou2cu,-1.06338478979241,-0.20357607137527
COUTHE,Coutarea,hexandra,Rubiaceae,U,-9,64,13,0.360508781189053,-0.667853274539612,0.612656967,9.55517093,0.005,0.82667857318447,-0.360508781189053,0.667853274539612,1,2,2,5,5,17,64,couthe,0.360508781189053,0.667853274539612
CROTBI,Croton,billbergianus,Euphorbiaceae,U,5,65,2480,4.51839141012482,1.30727857024768,0.478425261,20.49815256,NA,6.41416128658871,-4.51839141012482,-1.30727857024768,1,1,1,1,6,5,65,crotbi,4.51839141012482,-1.30727857024768
CUPACI,Cupania,cinerea,Sapindaceae,M,16,66,51,-0.105010864032844,0.400548536268329,0.500160142,8.324898624,0.166655,2.164963715118,0.105010864032844,-0.400548536268329,1,2,2,5,1,10,66,cupaci,-0.105010864032844,-0.400548536268329
CUPALA,Cupania,latifolia,Sapindaceae,T,30,67,295,0.654711539818169,-1.0313115607193,0.55386457,17.81993805,0.086303333,3.92338676407846,-0.654711539818169,1.0313115607193,1,2,3,2,5,17,67,cupala,0.654711539818169,1.0313115607193
CUPARU,Cupania,rufescens,Sapindaceae,T,20,68,523,-1.21035974071401,-0.607146853156816,0.60424764,13.40174175,0.139102222,4.49344022204478,1.21035974071401,0.607146853156816,1,3,2,3,4,20,68,cuparu,-1.21035974071401,0.607146853156816
CUPASY,Cupania,seemannii,Sapindaceae,U,5,69,3020,-3.23267200639137,-0.856468612444033,0.66539857,12.95748178,0.120431333,7.04153664036187,3.23267200639137,0.856468612444033,1,3,2,3,10,15,69,cupasy,-3.23267200639137,0.856468612444033
CYPHHA,Solanum,circinatum,Solanaceae,S,2,70,18,2.57498077975955,2.82327660272129,NA,5.256,NA,1.18958406687384,-2.57498077975955,-2.82327660272129,1,1,1,4,7,7,70,cyphha,2.57498077975955,-2.82327660272129
DENDAR,Dendropanax,arboreus,Araliaceae,T,30,71,775,1.49583061646121,-1.83037268043088,0.411094288,24.49651032,0.00598,4.80402104473326,-1.49583061646121,1.83037268043088,1,1,3,2,12,8,71,dendar,1.49583061646121,1.83037268043088
DES2PA,Desmopsis,panamensis,Annonaceae,U,3,72,3005,-1.44796027465027,1.44796235002423,0.536031328,10.85166667,0.108016746,9.36096238439341,1.44796027465027,-1.44796235002423,1,3,1,3,8,18,72,des2pa,-1.44796027465027,-1.44796235002423
DIO2AR,Diospyros,artanthifolia,Ebenaceae,M,16,73,438,-1.07151063073955,-0.987110477162431,0.640629878,18.0911718,NA,4.35670882668959,1.07151063073955,0.987110477162431,1,3,3,3,4,16,73,dio2ar,-1.07151063073955,0.987110477162431
DIPTPA,Dipteryx,oleifera,Fabaceae:Papil.,T,30,74,307,-0.052856703521606097,-2.86752108190991,0.877632683,43.3935854,1.191647857,3.93741223943297,0.052856703521606097,2.86752108190991,1,2,3,2,11,4,74,diptpa,-0.052856703521606097,2.86752108190991
DRYPST,Drypetes,standleyi,Euphorbiaceae,T,20,75,3307,-1.6903694353053,-0.89242594964919,0.617793046,28.72238366,0.067596,7.69809398538771,1.6903694353053,0.89242594964919,1,3,2,3,10,20,75,drypst,-1.6903694353053,0.89242594964919
ENTESC,Enterolobium,schomburgkii,Fabaceae:Mimos.,T,40,76,77,0.13272675567973,-2.45198343357632,0.635958549,15.23395535,0.04415,2.54272622067683,-0.13272675567973,2.45198343357632,1,2,3,2,12,4,76,entesc,0.13272675567973,2.45198343357632
ERY1CO,Erythrina,costaricensis,Fabaceae:Papil.,U,5,77,1050,0.306006544958129,0.950657524446993,0.500062845,9.4175,NA,5.07338650465973,-0.306006544958129,-0.950657524446993,1,2,2,5,3,11,77,ery1co,0.306006544958129,-0.950657524446993
ERY2MA,Erythroxylum,macrophyllum,Erythroxylaceae,M,4,78,1570,-0.427338125111507,1.40992294781417,0.643069929,12.89,NA,5.63835466933375,0.427338125111507,-1.40992294781417,1,2,1,4,3,14,78,ery2ma,-0.427338125111507,-1.40992294781417
ERY2PA,Erythroxylum,panamense,Erythroxylaceae,U,1,79,646,-1.64879849583797,1.35233944565293,0.703274947,7.554,0.015756,4.68609162834031,1.64879849583797,-1.35233944565293,1,3,1,3,9,18,79,ery2pa,-1.64879849583797,-1.35233944565293
EUGECO,Eugenia,coloradoensis,Myrtaceae,T,30,80,2749,-0.328112741112768,0.51054855194802,0.693421672,21.89605721,0.085296875,6.60025915059744,0.328112741112768,-0.51054855194802,1,2,2,5,3,10,80,eugeco,-0.328112741112768,-0.51054855194802
EUGEGA,Eugenia,galalonensis,Myrtaceae,U,4,81,2578,-1.9739488884417,1.1846980338919,0.6362659,16.09042981,0.08892,7.29660695461609,1.9739488884417,-1.1846980338919,1,3,1,3,9,18,81,eugega,-1.9739488884417,-1.1846980338919
EUGENE,Eugenia,nesiotica,Myrtaceae,M,10,82,2240,-2.52412702275272,0.479675587420342,0.731548716,21.05875274,0.34089,6.25684623260032,2.52412702275272,-0.479675587420342,1,3,2,3,9,15,82,eugene,-2.52412702275272,-0.479675587420342
EUGEOE,Eugenia,oerstediana,Myrtaceae,M,20,83,3249,0.381115732726979,0.680269442506749,0.655528713,16.74474909,NA,7.63143166457691,-0.381115732726979,-0.680269442506749,1,2,2,5,3,11,83,eugeoe,0.381115732726979,-0.680269442506749
FARAOC,Faramea,occidentalis,Rubiaceae,U,5,84,3541,-1.36005532824037,-0.473015035188125,0.609443794,15.69821954,0.193216,10.1569164105009,1.36005532824037,0.473015035188125,1,3,2,3,4,20,84,faraoc,-1.36005532824037,0.473015035188125
FICUIN,Ficus,insipida,Moraceae,T,40,89,65,1.73913886079308,-1.14036308308299,0.33596969,11.65457162,6.95e-4,2.44853900561713,-1.73913886079308,1.14036308308299,1,1,3,1,13,8,85,ficuin,1.73913886079308,1.14036308308299
FICUMA,Ficus,maxima,Moraceae,T,30,90,47,0.81310730421909,-2.29249036014283,0.373133921,17.37938238,NA,2.02438176449681,-0.81310730421909,2.29249036014283,1,2,3,2,12,4,86,ficuma,0.81310730421909,2.29249036014283
FICUTO,Ficus,tonduzii,Moraceae,M,20,93,256,0.68429043189756,-0.731090132488808,0.357471104,11.24397584,NA,3.68530163276605,-0.68429043189756,0.731090132488808,1,2,2,5,5,17,87,ficuto,0.68429043189756,0.731090132488808
FICUYO,Ficus,yoponensis,Moraceae,T,40,95,41,0.27649345223708,-2.98242081467423,0.342293186,26.05778896,NA,1.90423745265474,-0.27649345223708,2.98242081467423,1,2,3,2,12,4,88,ficuyo,0.27649345223708,2.98242081467423
GAR2IN,Garcinia,intermedia,Clusiaceae,M,10,96,3047,-1.69794612588541,0.253780301488439,0.653861658,15.89250961,0.541,8.36497397843873,1.69794612588541,-0.253780301488439,1,3,2,3,9,20,89,gar2in,-1.69794612588541,-0.253780301488439
GAR2MA,Garcinia,madruno,Clusiaceae,M,20,97,1925,-0.0453146652425425,1.66088373197251,0.649363441,16.44212577,3.239700667,6.19207030539683,0.0453146652425425,-1.66088373197251,1,2,1,4,8,14,90,gar2ma,-0.0453146652425425,-1.66088373197251
GENIAM,Genipa,americana,Rubiaceae,T,30,98,468,-1.16365199063479,-1.33244334203181,0.68095339,19.99481902,0.06865,4.33635659784069,1.16365199063479,1.33244334203181,1,3,3,2,11,16,91,geniam,-1.16365199063479,1.33244334203181
GUAPST,Guapira,standleyana,Nyctaginaceae,T,30,99,1144,0.476194225885319,-2.361136421778,0.51103538,32.24702497,0.061173333,5.22343986761529,-0.476194225885319,2.361136421778,1,2,3,2,12,4,92,guapst,0.476194225885319,2.361136421778
GUARGR,Guarea,grandifolia,Meliaceae,T,30,100,351,-0.493690552752317,-1.20025079439761,0.579283823,29.60304801,0.210225833,4.08717607274349,0.493690552752317,1.20025079439761,1,2,3,2,5,13,93,guargr,-0.493690552752317,1.20025079439761
GUARGU,Guarea,guidonia,Meliaceae,M,4,101,3679,-1.11825787403198,-0.339590047252025,0.560028931,20.17139048,0.153,7.5269483217091,1.11825787403198,0.339590047252025,1,3,2,3,4,20,94,guargu,-1.11825787403198,0.339590047252025
GUARSP,Guarea,fuzzy,Meliaceae,M,8,102,3046,-0.9816367677389,1.49120781367488,0.667748457,17.22667499,NA,7.06987412845857,0.9816367677389,-1.49120781367488,1,3,1,4,8,14,95,guarsp,-0.9816367677389,-1.49120781367488
GUATDU,Guatteria,dumetorum,Annonaceae,T,30,103,3502,0.643015055122414,-0.547587378982922,0.446201315,34.64006647,0.04003,7.11859487469733,-0.643015055122414,0.547587378982922,1,2,2,5,2,6,96,guatdu,0.643015055122414,0.547587378982922
GUAZUL,Guazuma,ulmifolia,Sterculiaceae,T,30,104,329,2.12054890126599,-2.05154917943504,0.494623918,23.05458889,0.001296667,4.05797691805123,-2.12054890126599,2.05154917943504,1,1,3,2,13,8,97,guazul,2.12054890126599,2.05154917943504
GUETFO,Guettarda,foliacea,Rubiaceae,U,10,105,1950,-1.04927539764698,-0.564045280342929,0.61838453,10.56,NA,5.79605775076537,1.04927539764698,0.564045280342929,1,3,2,3,4,20,98,guetfo,-1.04927539764698,0.564045280342929
GUSTSU,Gustavia,superba,Lecythidaceae,M,10,106,2959,-1.07628820425345,-2.00045926412648,0.612491625,20.57010375,5.661719114,6.66531968428731,1.07628820425345,2.00045926412648,1,3,3,2,11,16,99,gustsu,-1.07628820425345,2.00045926412648
HAMEAX,Hamelia,axillaris,Rubiaceae,S,1,107,617,1.20125897386555,3.09160090057119,0.45707116800000003,3.562,NA,4.66747406932424,-1.20125897386555,-3.09160090057119,1,2,1,4,7,1,100,hameax,1.20125897386555,-3.09160090057119
HAMEPA,Hamelia,patens,Rubiaceae,S,1,108,7,0.998635651266544,1.49416185888404,0.39643937,NA,5e-5,0,-0.998635651266544,-1.49416185888404,1,2,1,4,7,2,101,hamepa,0.998635651266544,-1.49416185888404
HAMPAP,Hampea,appendiculata,Malvaceae,M,8,109,355,4.71265154868107,0.249616568124329,0.287770868,18.11075048,0.06,4.35670882668959,-4.71265154868107,-0.249616568124329,1,1,2,1,6,5,102,hampap,4.71265154868107,-0.249616568124329
HASSFL,Hasseltia,floribunda,Flacourtiaceae,M,8,110,2625,1.22069112857738,-0.168864431216843,0.565203238,15.0101679,0.01123,6.5988982093939,-1.22069112857738,0.168864431216843,1,2,2,5,2,6,103,hassfl,1.22069112857738,0.168864431216843
HEISAC,Heisteria,acuminata,Olacaceae,U,5,111,651,-1.0920465266476,-0.824077247288906,0.682125856,11.486,0.036929444,4.66747406932424,1.0920465266476,0.824077247288906,1,3,2,3,4,20,104,heisac,-1.0920465266476,0.824077247288906
HEISCO,Heisteria,concinna,Olacaceae,M,15,112,2867,-1.09225393211921,-1.68918255903835,0.718525656,17.8583151,0.179125,6.84435896242334,1.09225393211921,1.68918255903835,1,3,3,2,11,16,105,heisco,-1.09225393211921,1.68918255903835
HERRPU,Herrania,purpurea,Sterculiaceae,U,1,113,1874,-2.44657182411142,0.330138549846859,0.307970769,8.386,0.184663,6.26936680988132,2.44657182411142,-0.330138549846859,1,3,2,3,9,15,106,herrpu,-2.44657182411142,-0.330138549846859
HIRTAM,Hirtella,americana,Chrysobalanaceae,T,30,114,242,-0.505439390102646,-0.109187884876295,0.755267136,10.58198005,0.22638,3.62624388312245,0.505439390102646,0.109187884876295,1,2,2,5,4,13,107,hirtam,-0.505439390102646,0.109187884876295
HIRTTR,Hirtella,triandra,Chrysobalanaceae,M,8,115,3789,-1.32746689908247,-0.474890278542713,0.606175461,22.71919755,0.188107333,8.44643345381781,1.32746689908247,0.474890278542713,1,3,2,3,4,20,108,hirttr,-1.32746689908247,0.474890278542713
HURACR,Hura,crepitans,Euphorbiaceae,T,30,116,684,0.342564003841001,-3.50252689497288,0.368555,35.03105308,0.845,4.71210089681543,-0.342564003841001,3.50252689497288,1,2,3,2,12,4,109,huracr,0.342564003841001,3.50252689497288
HYBAPR,Hybanthus,prunifolius,Violaceae,S,1,117,3000,-1.98694720017343,1.64746188503256,0.580445494,6.466,0.019299167,10.4713711089035,1.98694720017343,-1.64746188503256,1,3,1,3,9,18,110,hybapr,-1.98694720017343,-1.64746188503256
HYERAL,Hieronyma,alchorneoides,Euphorbiaceae,T,30,118,551,1.02177665649706,-1.52672869990672,0.584981498,34.25156435,9.6e-4,4.55987391107292,-1.02177665649706,1.52672869990672,1,2,3,2,12,17,111,hyeral,1.02177665649706,1.52672869990672
INGACO,Inga,cocleensis,Fabaceae:Mimos.,M,16,119,504,1.93697511621647,0.0579177621215813,0.666574415,14.03069976,0.168328125,4.38023932409979,-1.93697511621647,-0.0579177621215813,1,1,2,1,6,12,112,ingaco,1.93697511621647,-0.0579177621215813
INGAFA,Inga,laurina,Fabaceae:Mimos.,T,30,120,463,0.16838849047045,-0.660912312874175,0.675619396,14.73828016,0.230323,4.30791866252016,-0.16838849047045,0.660912312874175,1,2,2,5,5,13,113,ingafa,0.16838849047045,0.660912312874175
INGAGO,Inga,goldmanii,Fabaceae:Mimos.,T,30,121,1936,0.58696860114074,0.0946539017723606,0.557092339,22.77614473,0.499075,5.97888576490112,-0.58696860114074,-0.0946539017723606,1,2,2,5,2,11,114,ingago,0.58696860114074,-0.0946539017723606
INGAM1,Inga,mucuna,Fabaceae:Mimos.,T,30,122,8,0.225237856148282,0.694686935670041,0.582073728,NA,NA,0.13353139262452,-0.225237856148282,-0.694686935670041,1,2,2,5,3,11,115,ingam1,0.225237856148282,-0.694686935670041
INGAMA,Inga,marginata,Fabaceae:Mimos.,T,30,123,2682,2.50279446424061,0.0923861537065668,0.485748274,24.29833523,0.1287,6.46747687363534,-2.50279446424061,-0.0923861537065668,1,1,2,1,6,12,116,ingama,2.50279446424061,-0.0923861537065668
INGAMI,Inga,oerstediana,Fabaceae:Mimos.,T,30,124,43,1.04416453901239,-0.544090379862751,0.457979205,27.41224564,NA,1.90423745265474,-1.04416453901239,0.544090379862751,1,2,2,5,2,6,117,ingami,1.04416453901239,0.544090379862751
INGAPE,Inga,pezizifera,Fabaceae:Mimos.,T,30,125,973,1.3302828099271,0.0011333602537103,0.512244739,15.40397643,NA,5.07338650465973,-1.3302828099271,-0.0011333602537103,1,1,2,1,2,6,118,ingape,1.3302828099271,-0.0011333602537103
INGAPU,Inga,punctata,Fabaceae:Mimos.,T,30,126,133,2.64190924904066,-0.565019596873919,0.500448708,12.83819332,0.274375,3.30111392310517,-2.64190924904066,0.565019596873919,1,1,2,1,13,9,119,ingapu,2.64190924904066,0.565019596873919
INGAQU,Inga,nobilis,Fabaceae:Mimos.,M,8,127,2656,-0.63339014715975706,-0.534774634183437,0.644915862,15.15740883,0.17258,6.55128439585423,0.63339014715975706,0.534774634183437,1,2,2,5,4,13,120,ingaqu,-0.63339014715975706,0.534774634183437
INGARU,Inga,ruiziana,Fabaceae:Mimos.,T,30,128,127,1.71442560782648,-0.196713937539822,0.606474897,7.94,NA,2.95936462938312,-1.71442560782648,0.196713937539822,1,1,2,1,13,12,121,ingaru,1.71442560782648,0.196713937539822
INGAS1,Inga,acuminata,Fabaceae:Mimos.,U,8,129,1636,0.228160280012814,-0.496956619292113,0.321315789,13.29642159,0.38,5.88729379958574,-0.228160280012814,0.496956619292113,1,2,2,5,5,13,122,ingas1,0.228160280012814,0.496956619292113
INGASA,Inga,sapindoides,Fabaceae:Mimos.,M,16,130,1832,0.985757221457384,-0.640059999385109,0.61227693,20.65997991,0.406354,5.66988092298052,-0.985757221457384,0.640059999385109,1,2,2,1,2,6,123,ingasa,0.985757221457384,0.640059999385109
INGASP,Inga,spectabilis,Fabaceae:Mimos.,T,20,131,124,1.45551309560258,-1.46780884955011,0.500803577,18.54056238,NA,3.02390315052069,-1.45551309560258,1.46780884955011,1,1,3,2,12,8,124,ingasp,1.45551309560258,1.46780884955011
INGATH,Inga,thibaudiana,Fabaceae:Mimos.,M,10,132,658,0.748519941903117,-0.989241366477415,0.494264635,17.28189129,0.16863125,4.84531131367087,-0.748519941903117,0.989241366477415,1,2,3,2,5,17,125,ingath,0.748519941903117,0.989241366477415
INGAUM,Inga,umbellifera,Fabaceae:Mimos.,M,8,133,2680,-0.734255935097026,0.383533710675677,0.664721724,12.6675,0.282529167,6.80856615722885,0.734255935097026,-0.383533710675677,1,2,2,5,4,10,126,ingaum,-0.734255935097026,-0.383533710675677
JAC1CO,Jacaranda,copaia,Bignoniaceae,T,30,134,1784,2.82260961676018,-2.53490702477109,0.374366496,31.83784271,0.002070313,5.70900689879301,-2.82260961676018,2.53490702477109,1,1,3,2,13,8,127,jac1co,2.82260961676018,2.53490702477109
KOANWE,Koanophyllon,wetmorei,Asteraceae,S,3,135,51,1.27705757738052,1.34347512985667,NA,NA,NA,1.98591548366901,-1.27705757738052,-1.34347512985667,1,2,1,4,7,2,128,koanwe,1.27705757738052,-1.34347512985667
LACIAG,Lacistema,aggregatum,Flacourtiaceae,U,5,136,2787,-0.521961472778783,1.28028987494144,0.557674722,16.34627265,0.011052,7.31474303679446,0.521961472778783,-1.28028987494144,1,2,1,4,3,14,129,laciag,-0.521961472778783,-1.28028987494144
LACMPA,Lacmellea,panamensis,Apocynaceae,M,16,137,584,-0.435913566460148,-2.38408857495575,0.502221027,21.75402643,0.227050667,4.58496747867057,0.435913566460148,2.38408857495575,1,2,3,2,11,4,130,lacmpa,-0.435913566460148,2.38408857495575
LAETPR,Laetia,procera,Flacourtiaceae,T,20,138,155,1.37147428737747,-1.55591185208469,0.577446594,28.47408711,0.005,3.26357600378611,-1.37147428737747,1.55591185208469,1,1,3,2,12,8,131,laetpr,1.37147428737747,1.55591185208469
LAETTH,Laetia,thamnia,Flacourtiaceae,U,8,139,1972,0.133974991057524,1.19980338639388,0.726633857,14.45884879,0.00370375,6.17467856268496,-0.133974991057524,-1.19980338639388,1,2,1,4,3,14,132,laetth,0.133974991057524,-1.19980338639388
LAFOPU,Lafoensia,punicifolia,Lythraceae,T,30,140,42,0.99707860441232,-2.51230327647777,0.673760774,19.24448821,0.006166667,1.90423745265474,-0.99707860441232,2.51230327647777,1,2,3,2,12,4,133,lafopu,0.99707860441232,2.51230327647777
LEANDI,Leandra,dichotoma,Melastomataceae,S,1,141,3,2.06141245132396,3.41205914224599,NA,2.58,8e-6,-0.336472236621213,-2.06141245132396,-3.41205914224599,1,1,1,4,7,7,134,leandi,2.06141245132396,-3.41205914224599
LICAHY,Licania,hypoleuca,Chrysobalanaceae,M,8,142,768,-2.07785386545217,-0.005818766555489,0.835924446,17.81769376,0.0847,4.86643494512217,2.07785386545217,0.005818766555489,1,3,2,3,10,15,135,licahy,-2.07785386545217,0.005818766555489
LICAPL,Licania,platypus,Chrysobalanaceae,T,30,143,1522,-0.939527439176379,0.116031289887656,0.681527318,19.21150784,4.50296,5.63937092958381,0.939527439176379,-0.116031289887656,1,2,2,5,4,20,136,licapl,-0.939527439176379,-0.116031289887656
LINDLA,Lindackeria,laurina,Flacourtiaceae,M,10,144,508,0.0476778336924565,-1.3302007081672,0.693259135,17.33485373,0.037742191,4.38914410244275,-0.0476778336924565,1.3302007081672,1,2,3,2,5,17,137,lindla,0.0476778336924565,1.3302007081672
LONCLA,Lonchocarpus,heptaphyllus,Fabaceae:Papil.,T,30,145,3010,-0.258336399783752,0.0439029442004202,0.666150017,30.5586663,0.045275,6.66258520076771,0.258336399783752,-0.0439029442004202,1,2,2,5,1,10,138,loncla,-0.258336399783752,-0.0439029442004202
LOZAPI,Lozania,pittieri,Flacourtiaceae,U,10,146,48,1.80329916691667,0.345589795340113,0.420686341,NA,NA,1.94591014905531,-1.80329916691667,-0.345589795340113,1,1,2,1,6,12,139,lozapi,1.80329916691667,-0.345589795340113
LUEHSE,Luehea,seemannii,Tiliaceae,T,30,147,1217,1.57756382063544,-1.32459485506829,0.571630422,32.36566281,7.60556e-4,5.32091719846528,-1.57756382063544,1.32459485506829,1,1,3,2,13,8,140,luehse,1.57756382063544,1.32459485506829
MACLTI,Maclura,tinctoria,Moraceae,T,30,148,8,1.04234643395928,-1.35043658497441,0.689681551,25.12783066,NA,0.251314428280909,-1.04234643395928,1.35043658497441,1,2,3,2,12,17,141,maclti,1.04234643395928,1.35043658497441
MACRGL,Macrocnemum,roseum,Rubiaceae,M,8,149,609,-1.19897951619398,-1.16658730251666,0.514268281,18.93754213,NA,4.59943951127911,1.19897951619398,1.16658730251666,1,3,3,3,10,16,142,macrgl,-1.19897951619398,1.16658730251666
MALMSP,Mosannona,garwoodii,Annonaceae,M,4,150,1760,-3.07455250181199,-0.393403953265374,0.729503564,13.19833333,0.21642,5.98465570517865,3.07455250181199,0.393403953265374,1,3,2,3,10,15,143,malmsp,-3.07455250181199,0.393403953265374
MALPRO,Malpighia,romeroana,Malpighiaceae,S,1,151,297,-2.22976876118273,2.74172976205865,NA,3.816,NA,3.86822038276975,2.22976876118273,-2.74172976205865,1,3,1,4,8,19,144,malpro,-2.22976876118273,-2.74172976205865
MAQUCO,Maquira,guianensis,Moraceae,M,10,152,3077,-1.12563005204499,-0.1770062931406,0.643463725,15.29116474,0.203092,7.26612877955645,1.12563005204499,0.1770062931406,1,3,2,3,4,20,145,maquco,-1.12563005204499,0.1770062931406
MAR1LA,Marila,laxiflora,Clusiaceae,M,10,153,143,-1.30614427768043,-1.08565448751388,0.672906679,3.247142857,0.012173333,3.16003532484527,1.30614427768043,1.08565448751388,1,3,3,3,10,16,146,mar1la,-1.30614427768043,1.08565448751388
MARGNO,Margaritaria,nobilis,Euphorbiaceae,U,-9,154,22,1.09882542083662,-0.609236438173139,0.663259415,16.41536481,0.008,1.23214368129263,-1.09882542083662,0.609236438173139,1,2,2,1,2,6,147,margno,1.09882542083662,0.609236438173139
MAYTSC,Maytenus,schippii,Celastraceae,M,8,155,523,-1.10752827021605,-1.55320659286158,0.743754107,21.17276382,NA,4.44935144906014,1.10752827021605,1.55320659286158,1,3,3,2,11,16,148,maytsc,-1.10752827021605,1.55320659286158
MICOAF,Miconia,affinis,Melastomataceae,U,4,156,1719,1.34952660219332,1.08255391877158,0.570413915,8.6825,2e-4,5.98896141688986,-1.34952660219332,-1.08255391877158,1,1,2,1,6,2,149,micoaf,1.34952660219332,-1.08255391877158
MICOAR,Miconia,argentea,Melastomataceae,M,10,157,2542,3.43876886108734,1.08017437056017,0.696562594,20.22488455,8e-5,6.50940763864284,-3.43876886108734,-1.08017437056017,1,1,2,1,6,5,150,micoar,3.43876886108734,-1.08017437056017
MICODO,Miconia,dorsiloba,Melastomataceae,S,1,158,3,0.262098692158068,2.42441092894124,NA,NA,NA,-0.336472236621213,-0.262098692158068,-2.42441092894124,1,2,1,4,7,1,151,micodo,0.262098692158068,-2.42441092894124
MICOEL,Miconia,elata,Melastomataceae,U,10,159,145,0.709773249986147,0.696130579969544,0.69720642,6.1875,NA,3.10394585819422,-0.709773249986147,-0.696130579969544,1,2,2,5,2,11,152,micoel,0.709773249986147,-0.696130579969544
MICOHO,Miconia,hondurensis,Melastomataceae,U,10,160,256,0.657672109994495,-0.229094209365609,0.589611472,12.08722461,NA,3.84405002184194,-0.657672109994495,0.229094209365609,1,2,2,5,2,6,153,micoho,0.657672109994495,0.229094209365609
MICOIM,Miconia,impetiolaris,Melastomataceae,U,2,161,74,-0.894212311228993,1.49497945367782,0.578462557,5.346666667,NA,2.496741107435,0.894212311228993,-1.49497945367782,1,2,1,4,8,14,154,micoim,-0.894212311228993,-1.49497945367782
MICONE,Miconia,nervosa,Melastomataceae,S,1,162,1574,1.85027336805403,3.48581474714081,0.47632964,4.13,NA,5.73241620745157,-1.85027336805403,-3.48581474714081,1,1,1,4,7,7,155,micone,1.85027336805403,-3.48581474714081
MICOPR,Miconia,prasina,Melastomataceae,U,-9,163,8,0.279209211397043,0.795617918672982,0.504641355,15.25,NA,0.538996500732684,-0.279209211397043,-0.795617918672982,1,2,2,5,3,11,156,micopr,0.279209211397043,-0.795617918672982
MOURMY,Mouriri,myrtilloides,Melastomataceae,S,2,164,3000,-1.5017273604654,1.85046943937795,0.788029779,8.605,0.042875,8.85682370074571,1.5017273604654,-1.85046943937795,1,3,1,4,8,18,157,mourmy,-1.5017273604654,-1.85046943937795
MYRCGA,Myrcia,gatunensis,Myrtaceae,U,5,165,291,0.413057081490562,0.676051004180708,0.658500333,11.43,0.062646667,3.90629233071916,-0.413057081490562,-0.676051004180708,1,2,2,5,3,11,158,myrcga,0.413057081490562,-0.676051004180708
MYROFR,Myrospermum,frutescens,Fabaceae:Papil.,T,30,166,109,-1.72036188461444,-0.143913948357715,0.874846019,26.26804794,NA,2.89037175789616,1.72036188461444,0.143913948357715,1,3,2,3,10,20,159,myrofr,-1.72036188461444,0.143913948357715
NECTCI,Nectandra,cissiflora,Lauraceae,T,30,167,1567,0.579561274167469,-1.45130785364672,0.421057446,19.46407216,NA,5.56013202946281,-0.579561274167469,1.45130785364672,1,2,3,2,12,17,160,nectci,0.579561274167469,1.45130785364672
NECTGL,Nectandra,lineata,Lauraceae,M,16,168,660,1.4685532289138,-0.0878429029299829,0.360426536,13.27985915,NA,4.82717022660022,-1.4685532289138,0.0878429029299829,1,1,2,1,2,6,161,nectgl,1.4685532289138,0.0878429029299829
NECTPU,Nectandra,purpurea,Lauraceae,M,8,169,480,0.498641729924265,-0.78499151323745,0.51347036,11.80349027,0.20493,4.378448813326,-0.498641729924265,0.78499151323745,1,2,2,5,5,17,162,nectpu,0.498641729924265,0.78499151323745
NECTS1,Nectandra,fuzzy,Lauraceae,T,30,170,32,1.06594748179683,-0.255134830142684,NA,15.25574694,NA,1.55059741241117,-1.06594748179683,0.255134830142684,1,2,2,5,2,6,163,nects1,1.06594748179683,0.255134830142684
NEEAAM,Neea,amplifolia,Nyctaginaceae,S,1,171,397,-1.9168805484073,3.20496656219078,NA,3.325,0.0297725,4.18531634042783,1.9168805484073,-3.20496656219078,1,3,1,4,8,19,164,neeaam,-1.9168805484073,-3.20496656219078
OCHRPY,Ochroma,pyramidale,Bombacaceae,M,16,172,43,3.98701922355545,-0.787099838500915,0.191380633,23.91441533,0.01,2.04307389750896,-3.98701922355545,0.787099838500915,1,1,2,1,13,9,165,ochrpy,3.98701922355545,0.787099838500915
OCOTCE,Ocotea,cernua,Lauraceae,M,4,173,1675,-0.44565554492552,-0.473420426595643,0.610495929,14.396,0.04176,5.69900919590355,0.44565554492552,0.473420426595643,1,2,2,5,5,13,166,ocotce,-0.44565554492552,0.473420426595643
OCOTOB,Ocotea,oblonga,Lauraceae,T,30,174,1074,3.16956048491511,-0.552284375711495,0.391162516,21.79333387,NA,5.23492104998924,-3.16956048491511,0.552284375711495,1,1,2,1,13,9,167,ocotob,3.16956048491511,0.552284375711495
OCOTPU,Ocotea,puberula,Lauraceae,T,30,175,1175,1.35938491711928,-0.712976008846425,0.389102896,26.84213171,0.05464,5.25302109163286,-1.35938491711928,0.712976008846425,1,1,2,1,13,6,168,ocotpu,1.35938491711928,0.712976008846425
OCOTWH,Ocotea,whitei,Lauraceae,T,30,176,3216,2.13803093547933,-1.49304238329434,0.426338778,32.26857949,7.3,6.47938702765639,-2.13803093547933,1.49304238329434,1,1,3,1,13,8,169,ocotwh,2.13803093547933,1.49304238329434
OLMEAS,Trophis,caucana,Moraceae,U,4,177,1630,1.16156110309677,-0.37329954025056,0.475464913,12.01,0.02537,5.53056223210859,-1.16156110309677,0.37329954025056,1,2,2,5,2,6,170,olmeas,1.16156110309677,0.37329954025056
ORMOAM,Ormosia,amazonica,Fabaceae:Papil.,T,30,178,9,-1.0238072890739,-0.470514080991746,0.64945081,11.38,0.29088,0.356674943938733,1.0238072890739,0.470514080991746,1,3,2,3,4,20,171,ormoam,-1.0238072890739,0.470514080991746
ORMOCR,Ormosia,coccinea,Fabaceae:Papil.,T,30,179,452,-2.07352331325518,-1.87058202839067,0.622173181,18.02869572,0.433871,4.38559170083838,2.07352331325518,1.87058202839067,1,3,3,3,10,16,172,ormocr,-2.07352331325518,1.87058202839067
ORMOMA,Ormosia,macrocalyx,Fabaceae:Papil.,T,30,180,588,-2.67403846416998,-1.45828135191217,0.649869585,16.9690782,0.261205,4.59656181145149,2.67403846416998,1.45828135191217,1,3,3,3,10,15,173,ormoma,-2.67403846416998,1.45828135191217
OURALU,Ouratea,lucens,Ochnaceae,S,3,181,2404,-3.57277445308223,1.35464965219637,0.802322762,11.572,0.097,7.09636653787362,3.57277445308223,-1.35464965219637,1,3,1,3,9,3,174,ouralu,-3.57277445308223,-1.35464965219637
PALIGU,Palicourea,guianensis,Rubiaceae,S,1,182,2424,4.5851606513449,2.60998329281474,0.319528354,6.175,0.007086667,6.81783057145415,-4.5851606513449,-2.60998329281474,1,1,1,1,6,5,175,paligu,4.5851606513449,-2.60998329281474
PENTMA,Pentagonia,macrophylla,Rubiaceae,U,2,183,1662,-1.81709943938279,1.49202689996289,0.454377134,6.145,0.00447875,5.99751761882106,1.81709943938279,-1.49202689996289,1,3,1,3,9,18,176,pentma,-1.81709943938279,-1.49202689996289
PEREXA,Perebea,xanthochyma,Moraceae,M,8,184,1488,-0.315297797634393,-0.639535491948003,0.622942733,14.10690165,0.091271875,5.52942908751142,0.315297797634393,0.639535491948003,1,2,2,5,5,13,177,perexa,-0.315297797634393,0.639535491948003
PHOECI,Cinnamomum,triplinerve,Lauraceae,T,30,185,453,1.09463180367254,-1.05266762877668,0.523751809,18.83409249,0.0484375,4.32696685749085,-1.09463180367254,1.05266762877668,1,2,3,2,13,17,178,phoeci,1.09463180367254,1.05266762877668
PICRLA,Picramnia,latifolia,Picramniaceae,U,4,186,2879,-0.776088179539722,1.02589467791529,0.698526003,12.475,0.025705,7.02031836517047,0.776088179539722,-1.02589467791529,1,2,2,4,3,14,179,picrla,-0.776088179539722,-1.02589467791529
PIPEA1,Piper,arboreum,Piperaceae,U,3,187,328,0.805569904249527,0.885159599243577,0.358594647,3.316666667,NA,3.92055790787798,-0.805569904249527,-0.885159599243577,1,2,2,4,3,11,180,pipea1,0.805569904249527,-0.885159599243577
PIPEAE,Piper,aequale,Piperaceae,S,1,188,568,0.55532216289098,2.23468054755223,0.436323164,4.04,6e-5,4.44096917030733,-0.55532216289098,-2.23468054755223,1,2,1,4,7,1,181,pipeae,0.55532216289098,-2.23468054755223
PIPECA,Piper,schiedeanum,Piperaceae,S,1,189,36,1.3615041413184,2.11913717319577,0.491548596,2.78,NA,1.71765149707433,-1.3615041413184,-2.11913717319577,1,1,1,4,7,2,182,pipeca,1.3615041413184,-2.11913717319577
PIPECO,Piper,cordulatum,Piperaceae,S,1,190,2136,-1.80044757926328,4.22778174024998,0.373149562,3.4675,0.00185,7.18256919644055,1.80044757926328,-4.22778174024998,1,3,1,4,8,19,183,pipeco,-1.80044757926328,-4.22778174024998
PIPECU,Piper,colonense,Piperaceae,S,2,191,304,1.27387925162398,0.725985147424801,0.342316821,5.17,NA,3.80029304148484,-1.27387925162398,-0.725985147424801,1,2,2,1,2,11,184,pipecu,1.27387925162398,-0.725985147424801
PIPEPE,Piper,perlasense,Piperaceae,S,1,192,377,-2.27053816945501,3.76382156266159,0.487719821,3.0275,4e-5,4.01509519056796,2.27053816945501,-3.76382156266159,1,3,1,4,8,19,185,pipepe,-2.27053816945501,-3.76382156266159
PIPERE,Piper,reticulatum,Piperaceae,U,4,193,887,0.20583738775344,0.201582583229745,0.292785407,10.3616862,NA,4.98458461689631,-0.20583738775344,-0.201582583229745,1,2,2,5,1,11,186,pipere,0.20583738775344,-0.201582583229745
PIT1MA,Abarema,macradenia,Fabaceae:Mimos.,T,30,194,14,0.871602550518938,-1.03797206637124,0.438332,32.15111597,0.09,1.55059741241117,-0.871602550518938,1.03797206637124,1,2,3,2,5,17,187,pit1ma,0.871602550518938,1.03797206637124
PIT1RU,Cojoba,rufescens,Fabaceae:Mimos.,M,8,195,12,0.0855748020969953,-1.19942895981093,0.676833515,13.12,0.221473333,0.693147180559945,-0.0855748020969953,1.19942895981093,1,2,3,2,5,17,188,pit1ru,0.0855748020969953,1.19942895981093
PLA1PI,Platymiscium,pinnatum,Fabaceae:Papil.,T,30,196,988,0.361842133432431,-0.130413084456327,0.760593927,29.73761162,0.143391667,5.10334469220053,-0.361842133432431,0.130413084456327,1,2,2,5,1,11,189,pla1pi,0.361842133432431,0.130413084456327
PLA2EL,Platypodium,elegans,Fabaceae:Papil.,T,30,197,882,1.00182550006677,-0.842434211076721,0.702509127,35.11700795,0.334896,4.95280438527468,-1.00182550006677,0.842434211076721,1,2,2,2,2,6,190,pla2el,1.00182550006677,0.842434211076721
POCHQU,Pachira,quinata,Bombacaceae,T,30,198,7,0.856673669555963,-1.42823900185623,0.388336249,22.82423163,0.04,0.13353139262452,-0.856673669555963,1.42823900185623,1,2,3,2,12,17,191,pochqu,0.856673669555963,1.42823900185623
POCHSE,Pachira,sessilis,Bombacaceae,T,30,199,120,-0.887615239095242,-2.08165671618421,0.475417008,23.53977141,0.22195,2.98134353610189,0.887615239095242,2.08165671618421,1,2,3,2,11,16,192,pochse,-0.887615239095242,2.08165671618421
POSOLA,Posoqueria,latifolia,Rubiaceae,M,8,200,455,-1.99668132642364,-0.802663046476539,0.640987889,12.01248606,0.1693975,4.32318613465095,1.99668132642364,0.802663046476539,1,3,2,3,10,15,193,posola,-1.99668132642364,0.802663046476539
POULAR,Poulsenia,armata,Moraceae,T,30,201,3686,1.75945909064207,-1.08074175733026,0.315328296,36.18446652,0.030283333,7.5684530549607,-1.75945909064207,1.08074175733026,1,1,3,1,13,8,194,poular,1.75945909064207,1.08074175733026
POURBI,Pourouma,bicolor,Cecropiaceae,T,20,202,337,1.51004275867192,-0.806355561216108,0.357420061,21.22725261,0.105018,4.20041910861358,-1.51004275867192,0.806355561216108,1,1,2,1,13,6,195,pourbi,1.51004275867192,0.806355561216108
POUTFO,Pouteria,fossicola,Sapotaceae,T,30,203,18,-0.153221392665392,-2.20985129312435,NA,16.11290839,NA,1.09861228866811,0.153221392665392,2.20985129312435,1,2,3,2,11,4,196,poutfo,-0.153221392665392,2.20985129312435
POUTRE,Pouteria,reticulata,Sapotaceae,T,30,204,3512,-0.931641990431404,-0.377778315054294,0.760806421,31.97719858,0.179133,7.30873414847739,0.931641990431404,0.377778315054294,1,2,2,3,4,20,197,poutre,-0.931641990431404,0.377778315054294
POUTST,Pouteria,stipitata,Sapotaceae,M,16,205,404,-1.15493344547286,-1.55589886345474,NA,22.38877206,0.777520833,4.19397440317094,1.15493344547286,1.55589886345474,1,3,3,2,11,16,198,poutst,-1.15493344547286,1.55589886345474
PRI2CO,Prioria,copaifera,Fabaceae:Caesal.,T,60,206,3652,-1.45650868818593,-2.56225084988645,0.391034007,35.49403005,22.869184,7.2307700214282304,1.45650868818593,2.56225084988645,1,3,3,2,11,16,199,pri2co,-1.45650868818593,2.56225084988645
PROTCO,Protium,costaricense,Burseraceae,M,16,207,2802,0.378687605717585,0.438398214187891,0.452363394,16.37287098,NA,6.68995457207842,-0.378687605717585,-0.438398214187891,1,2,2,5,3,11,200,protco,0.378687605717585,-0.438398214187891
PROTPA,Protium,panamense,Burseraceae,M,8,208,3039,-0.845997298780694,0.547795551911727,0.446987105,19.20479772,0.079495,7.98021913396164,0.845997298780694,-0.547795551911727,1,2,2,3,4,10,201,protpa,-0.845997298780694,-0.547795551911727
PROTSP,Protium,confusum,Burseraceae,M,20,209,22,-0.0789859879395138,0.855788157608196,NA,5.952,NA,1.55059741241117,0.0789859879395138,-0.855788157608196,1,2,2,5,3,10,202,protsp,-0.0789859879395138,-0.855788157608196
PROTTE,Protium,tenuifolium,Burseraceae,M,20,210,3705,-0.898597346853402,-0.655696606949191,0.586264214,20.48232035,0.098637333,7.9563766829043,0.898597346853402,0.655696606949191,1,2,2,3,4,20,203,protte,-0.898597346853402,0.655696606949191
PSE1SE,Pseudobombax,septenatum,Bombacaceae,T,40,211,126,1.87648556424398,-1.35784379756587,0.295551095,34.57298298,0.031995,3.17805383034795,-1.87648556424398,1.35784379756587,1,1,3,1,13,8,204,pse1se,1.87648556424398,1.35784379756587
PSIDFR,Psidium,friedrichsthalianum,Myrtaceae,U,10,212,293,-2.31369613013985,0.201312909595045,0.737368862,8.95,0.005475,3.91772102654278,2.31369613013985,-0.201312909595045,1,3,2,3,9,15,205,psidfr,-2.31369613013985,-0.201312909595045
PSYCAC,Psychotria,acuminata,Rubiaceae,S,1,213,68,2.74334499788835,3.93033181169705,0.491597907,2.073333333,0.010628,2.46080909820894,-2.74334499788835,-3.93033181169705,1,1,1,4,7,7,206,psycac,2.74334499788835,-3.93033181169705
PSYCCH,Psychotria,chagrensis,Rubiaceae,S,1,214,73,0.195243222156672,3.19950602791766,0.595102397,1.988,0.009212571,2.54272622067683,-0.195243222156672,-3.19950602791766,1,2,1,4,7,1,207,psycch,0.195243222156672,-3.19950602791766
PSYCDE,Psychotria,deflexa,Rubiaceae,S,1,215,283,0.865156803400622,3.75515842247469,0.548433732,2.685,0.002618,3.8255309740747,-0.865156803400622,-3.75515842247469,1,2,1,4,7,1,208,psycde,0.865156803400622,-3.75515842247469
PSYCG1,Psychotria,graciliflora,Rubiaceae,S,1,216,229,1.61678494008499,3.44311664647825,NA,3.37,NA,3.74106520728451,-1.61678494008499,-3.44311664647825,1,1,1,4,7,7,209,psycg1,1.61678494008499,-3.44311664647825
PSYCG3,Psychotria,grandis,Rubiaceae,U,3,217,430,1.33457095440794,2.22973774556025,0.502394858,7.644,0.009815,4.24440525679783,-1.33457095440794,-2.22973774556025,1,1,1,4,7,2,210,psycg3,1.33457095440794,-2.22973774556025
PSYCHO,Psychotria,horizontalis,Rubiaceae,S,1,218,2461,-0.663195917611084,3.01973324275397,0.646169179,4.434,0.00422,8.45413167420923,0.663195917611084,-3.01973324275397,1,2,1,4,8,19,211,psycho,-0.663195917611084,-3.01973324275397
PSYCLI,Psychotria,limonensis,Rubiaceae,S,1,219,161,-0.902897725011192,3.79983283179935,0.376676852,2.215,0.006614,3.49650756146648,0.902897725011192,-3.79983283179935,1,2,1,4,8,19,212,psycli,-0.902897725011192,-3.79983283179935
PSYCMA,Psychotria,marginata,Rubiaceae,S,1,220,2103,-0.50631498401962,3.55861646001808,0.58950007,3.62,0.007696,6.46079830918565,0.50631498401962,-3.55861646001808,1,2,1,4,8,19,213,psycma,-0.50631498401962,-3.55861646001808
PSYCPI,Psychotria,pittieri,Rubiaceae,S,1,221,21,0.854129159734736,3.07437758881414,NA,2.3,8.29167e-4,1.27296567581289,-0.854129159734736,-3.07437758881414,1,2,1,4,7,1,214,psycpi,0.854129159734736,-3.07437758881414
PSYCPS,Psychotria,psychotriifolia,Rubiaceae,S,1,222,3,1.13227334611512,2.0496564077905,NA,NA,NA,-0.847297860387203,-1.13227334611512,-2.0496564077905,1,2,1,4,7,2,215,psycps,1.13227334611512,-2.0496564077905
PSYCRA,Psychotria,racemosa,Rubiaceae,S,1,223,7,1.96425354365432,3.98488414006969,0.621581137,1.86,0.002523333,0.693147180559945,-1.96425354365432,-3.98488414006969,1,1,1,4,7,7,216,psycra,1.96425354365432,-3.98488414006969
PTEROF,Pterocarpus,officinalis,Fabaceae:Papil.,T,30,224,25,1.06877075329881,-0.264895291399663,0.525703965,NA,NA,1.31218638896617,-1.06877075329881,0.264895291399663,1,2,2,5,2,6,217,pterof,1.06877075329881,0.264895291399663
PTERRO,Pterocarpus,rohrii,Fabaceae:Papil.,T,30,225,3140,-0.782825585789721,0.520815497581617,0.49569201,20.26087037,0.17262,7.31967569714685,0.782825585789721,-0.520815497581617,1,2,2,5,4,10,218,pterro,-0.782825585789721,-0.520815497581617
QUARAS,Quararibea,asterolepis,Bombacaceae,T,30,226,4000,-0.931342431301245,-1.93914748805814,0.468114661,33.49336967,0.0799725,7.73004925384878,0.931342431301245,1.93914748805814,1,2,3,2,11,16,219,quaras,-0.931342431301245,1.93914748805814
QUASAM,Quassia,amara,Simaroubaceae,U,4,227,857,-2.19777725482782,-0.342179010747488,0.526503508,7.344,0.15068,4.93344565540513,2.19777725482782,0.342179010747488,1,3,2,3,10,15,220,quasam,-2.19777725482782,0.342179010747488
RANDAR,Randia,armata,Rubiaceae,U,5,228,2961,-1.17389875086978,-0.0156496182544443,0.642794245,11.3375,0.085212,6.96764013143837,1.17389875086978,0.0156496182544443,1,3,2,3,4,20,221,randar,-1.17389875086978,0.0156496182544443
RANDFO,Rosenbergiodendron,formosum,Rubiaceae,U,2,229,23,-0.416818432818299,-0.606923213386604,NA,7.9,0.03848125,1.23214368129263,0.416818432818299,0.606923213386604,1,2,2,5,5,13,222,randfo,-0.416818432818299,0.606923213386604
RAUVLI,Rauvolfia,littoralis,Apocynaceae,M,-9,230,3,-0.0595101210356474,1.6290194052921,0.484061113,4.15,NA,-0.559615787935424,0.0595101210356474,-1.6290194052921,1,2,1,4,8,14,223,rauvli,-0.0595101210356474,-1.6290194052921
RINOSY,Rinorea,sylvatica,Violaceae,S,2,231,2734,-2.74583615475695,1.41657148738217,0.673176527,7.031666667,NA,7.79899190436344,2.74583615475695,-1.41657148738217,1,3,1,3,9,18,224,rinosy,-2.74583615475695,-1.41657148738217
SAPIAU,Sapium,glandulosum,Euphorbiaceae,T,30,232,257,2.71718718514769,-0.381376118048393,0.50156732,29.21728083,0.009499444,3.74782198974739,-2.71718718514769,0.381376118048393,1,1,2,1,13,9,225,sapiau,2.71718718514769,0.381376118048393
SAPISP,Sapium,broadleaf,Euphorbiaceae,T,30,233,19,0.933532127326294,-2.05838527052494,0.478756477,27.89936497,NA,1.09861228866811,-0.933532127326294,2.05838527052494,1,2,3,2,12,4,226,sapisp,0.933532127326294,2.05838527052494
SCH2MO,Schefflera,morototoni,Araliaceae,T,30,234,2,0.642714581289386,-1.21080655125894,NA,NA,NA,-1.25276296849537,-0.642714581289386,1.21080655125894,1,2,3,2,5,17,227,sch2mo,0.642714581289386,1.21080655125894
SCHIPA,Schizolobium,parahyba,Fabaceae:Caesal.,T,30,235,91,-0.00274489029437949,-0.991254106808207,0.49026262,16.45697452,NA,2.78147766965702,0.00274489029437949,0.991254106808207,1,2,3,2,5,13,228,schipa,-0.00274489029437949,0.991254106808207
SENNDA,Senna,dariensis,Fabaceae:Caesal.,S,1,236,720,2.66195260092179,2.08186560293315,0.494765154,7.764,NA,4.83628190695148,-2.66195260092179,-2.08186560293315,1,1,1,1,6,2,229,sennda,2.66195260092179,-2.08186560293315
SIMAAM,Simarouba,amara,Simaroubaceae,T,30,237,3460,2.40322447920449,-0.385327667715807,0.389849281,30.052676,0.11114,7.19153689740055,-2.40322447920449,0.385327667715807,1,1,2,1,13,12,230,simaam,2.40322447920449,0.385327667715807
SIPAGU,Siparuna,guianensis,Monimiaceae,M,10,238,192,-0.523585212953691,-1.90103994928578,NA,10.17166667,0.005866667,3.43858491373377,0.523585212953691,1.90103994928578,1,2,3,2,11,16,231,sipagu,-0.523585212953691,1.90103994928578
SIPAPA,Siparuna,pauciflora,Monimiaceae,U,4,239,1719,-0.511782207745361,-0.169021096349853,0.45756465,7.74,NA,5.83731386728072,0.511782207745361,0.169021096349853,1,2,2,5,4,13,232,sipapa,-0.511782207745361,0.169021096349853
SLOATE,Sloanea,terniflora,Elaeocarpaceae,T,40,240,2183,-2.33703860957079,-1.02204438592713,0.814739155,34.12855734,NA,6.27368530512177,2.33703860957079,1.02204438592713,1,3,3,3,10,15,233,sloate,-2.33703860957079,1.02204438592713
SOLAAS,Solanum,asperum,Solanaceae,S,-9,241,24,3.22545082232263,2.19851378618554,NA,7.88,NA,1.51982575374441,-3.22545082232263,-2.19851378618554,1,1,1,1,6,7,234,solaas,3.22545082232263,-2.19851378618554
SOLAHA,Solanum,hayesii,Solanaceae,M,4,242,451,4.2447987794388,1.10381880753167,0.406959919,12.8275,0.002,4.30599373411057,-4.2447987794388,-1.10381880753167,1,1,1,1,6,5,235,solaha,4.2447987794388,-1.10381880753167
SOLAST,Solanum,steyermarkii,Solanaceae,S,2,243,22,1.66917537453134,1.93577752636976,0.362340637,4.25,NA,1.27296567581289,-1.66917537453134,-1.93577752636976,1,1,1,4,7,2,236,solast,1.66917537453134,-1.93577752636976
SOROAF,Sorocea,affinis,Moraceae,S,3,244,3008,-1.59335494194105,0.185643018605646,0.645791121,9.36,0.077688,7.99424678783783,1.59335494194105,-0.185643018605646,1,3,2,3,9,20,237,soroaf,-1.59335494194105,-0.185643018605646
SPACME,Spachea,membranacea,Malpighiaceae,U,10,245,95,-1.73918159588645,-0.732633719781601,NA,10.602,0.003295,2.70805020110221,1.73918159588645,0.732633719781601,1,3,2,3,10,20,238,spacme,-1.73918159588645,0.732633719781601
SPONMO,Spondias,mombin,Anacardiaceae,T,30,246,483,2.10131532214733,-1.06775544895941,0.423442397,27.00102302,0.024264,4.46261864200418,-2.10131532214733,1.06775544895941,1,1,3,1,13,8,239,sponmo,2.10131532214733,1.06775544895941
SPONRA,Spondias,radlkoferi,Anacardiaceae,T,30,247,1326,1.86648394737755,-0.661803614660257,0.362772143,30.84362668,0.01695,5.43059797727091,-1.86648394737755,0.661803614660257,1,1,2,1,13,12,240,sponra,1.86648394737755,0.661803614660257
STERAP,Sterculia,apetala,Sterculiaceae,T,40,248,345,0.469188020035952,-2.14691142169017,0.439252787,38.94969742,0.795122222,4.04054185622913,-0.469188020035952,2.14691142169017,1,2,3,2,12,4,241,sterap,0.469188020035952,2.14691142169017
STYLST,Stylogyne,turbacensis,Myrsinaceae,S,3,249,2311,-1.90328784699367,1.30954464138845,0.569245822,8.22,0.0359,6.57108302235826,1.90328784699367,-1.30954464138845,1,3,1,3,9,18,242,stylst,-1.90328784699367,-1.30954464138845
SWARS1,Swartzia,simplex_var.grandiflora,Fabaceae:Papil.,U,8,250,3228,-4.01552672510941,-0.93958641560285,0.77270353,17.06308943,1.025,8.60460210842398,4.01552672510941,0.93958641560285,1,3,2,3,10,3,243,swars1,-4.01552672510941,0.93958641560285
SYMPGL,Symphonia,globulifera,Clusiaceae,T,30,251,1024,1.0405427727561,-0.222853266032176,0.54475073,28.02907183,1.02895,5.12651175148206,-1.0405427727561,0.222853266032176,1,2,2,5,2,6,244,sympgl,1.0405427727561,0.222853266032176
TAB1GU,Tabebuia,guayacan,Bignoniaceae,T,30,252,445,-1.52079212703164,-2.102780650734,0.789818795,36.80840454,0.02118,4.28653786749521,1.52079212703164,2.102780650734,1,3,3,2,11,16,245,tab1gu,-1.52079212703164,2.102780650734
TAB1RO,Tabebuia,rosea,Bignoniaceae,T,30,253,1655,-0.136355143760351,-0.225381890109909,0.488671865,40.42032808,0.018505,5.60106396846121,0.136355143760351,0.225381890109909,1,2,2,5,1,13,246,tab1ro,-0.136355143760351,0.225381890109909
TAB2AR,Tabernaemontana,arborea,Apocynaceae,T,30,254,4000,-0.673680940761443,-1.37042273739264,0.537870046,28.14681763,0.06803125,7.30422769279494,0.673680940761443,1.37042273739264,1,2,3,2,11,16,247,tab2ar,-0.673680940761443,1.37042273739264
TACHVE,Tachigali,versicolor,Fabaceae:Caesal.,T,70,255,3203,0.841899499262011,0.17649663941168,0.582163046,32.59515066,0.105295,7.89271883113232,-0.841899499262011,-0.17649663941168,1,2,2,5,2,11,248,tachve,0.841899499262011,-0.17649663941168
TALINE,Talisia,nervosa,Sapindaceae,U,3,256,2040,-3.70867890260228,0.513610583119301,0.663137474,7.6275,0.353484,6.64062252043954,3.70867890260228,-0.513610583119301,1,3,2,3,9,3,249,taline,-3.70867890260228,-0.513610583119301
TALIPR,Talisia,princeps,Sapindaceae,M,8,257,2260,-3.62265804683598,0.279740402389559,0.725307436,11.82,0.4635,6.48985604366519,3.62265804683598,-0.279740402389559,1,3,2,3,9,3,250,talipr,-3.62265804683598,-0.279740402389559
TERMAM,Terminalia,amazonia,Combretaceae,T,30,258,321,-0.41831221006817,-2.63738608866609,0.665053959,31.54489354,0.00139,3.96488649498521,0.41831221006817,2.63738608866609,1,2,3,2,11,4,251,termam,-0.41831221006817,2.63738608866609
TERMOB,Terminalia,oblonga,Combretaceae,T,30,259,550,0.199046313988002,-2.48653014135732,0.634250897,35.40795242,0.005577778,4.5155580272984,-0.199046313988002,2.48653014135732,1,2,3,2,12,4,252,termob,0.199046313988002,2.48653014135732
TERNTE,Ternstroemia,tepezapote,Theaceae,U,2,260,5,0.527416564564121,-0.924108051510745,NA,NA,NA,-0.336472236621213,-0.527416564564121,0.924108051510745,1,2,2,2,5,17,253,ternte,0.527416564564121,0.924108051510745
TET2PA,Tetragastris,panamensis,Burseraceae,T,30,261,3936,-1.3748216946027,-0.477493142193027,0.588927298,31.34136028,0.29475,8.31563638919171,1.3748216946027,0.477493142193027,1,3,2,3,4,20,254,tet2pa,-1.3748216946027,0.477493142193027
TET4JO,Tetrathylacium,johansenii,Flacourtiaceae,T,30,262,44,0.474830595777976,-2.72075763043634,0.590028523,22.68851248,0.001,1.94591014905531,-0.474830595777976,2.72075763043634,1,2,3,2,12,4,255,tet4jo,0.474830595777976,2.72075763043634
THEOCA,Theobroma,cacao,Sterculiaceae,U,10,263,119,-1.11875291886737,-1.57339293829575,0.412669457,8,0.981755,2.95936462938312,1.11875291886737,1.57339293829575,1,3,3,2,11,16,256,theoca,-1.11875291886737,1.57339293829575
THEVAH,Thevetia,ahouai,Apocynaceae,U,2,264,545,0.0307213988851588,0.636907362343535,0.45702219,7.838,0.285662,4.49822110764513,-0.0307213988851588,-0.636907362343535,1,2,2,5,3,10,257,thevah,0.0307213988851588,-0.636907362343535
TOCOPI,Tocoyena,pittieri,Rubiaceae,M,16,265,51,0.0930240215424881,-2.57936512513022,0.635174452,15.70070877,0.657232396,2.13162729485041,-0.0930240215424881,2.57936512513022,1,2,3,2,12,4,258,tocopi,0.0930240215424881,2.57936512513022
TRATAS,Trattinnickia,aspera,Burseraceae,T,30,266,493,2.0122290202489,-1.51785675688504,0.438656897,29.0115917,0.00637,4.40322884232448,-2.0122290202489,1.51785675688504,1,1,3,1,13,8,259,tratas,2.0122290202489,1.51785675688504
TREMMI,Trema,micrantha,Ulmaceae,M,20,268,156,6.24434967470323,-0.579345488430843,0.402906778,25.45564882,4.42e-4,3.22457384598284,-6.24434967470323,0.579345488430843,1,1,2,1,13,5,260,tremmi,6.24434967470323,0.579345488430843
TRI1GI,Trichanthera,gigantea,Acanthaceae,U,4,269,52,0.665169616936606,0.483570809750438,0.541938859,8.895,NA,2.07944154167984,-0.665169616936606,-0.483570809750438,1,2,2,5,2,11,261,tri1gi,0.665169616936606,-0.483570809750438
TRI2PA,Trichilia,pallida,Meliaceae,M,8,270,2379,-0.360420932502777,-0.278403442105827,0.57316595,16.73941729,0.054078333,6.28626408732863,0.360420932502777,0.278403442105827,1,2,2,5,1,13,262,tri2pa,-0.360420932502777,0.278403442105827
TRI2TU,Trichilia,tuberculata,Meliaceae,T,30,271,4000,-0.97912011139743,-0.071305342110153,0.691552827,29.34672702,0.1095065,9.42034657643541,0.97912011139743,0.071305342110153,1,3,2,3,4,20,263,tri2tu,-0.97912011139743,0.071305342110153
TRI4GA,Trichospermum,galeottii,Tiliaceae,M,8,272,20,2.69356295465646,-0.519745638370634,0.296052163,NA,0.00107,1.145132304303,-2.69356295465646,0.519745638370634,1,1,2,1,13,9,264,tri4ga,2.69356295465646,0.519745638370634
TRIPCU,Triplaris,cumingiana,Polygonaceae,M,20,273,1842,0.348527418918876,-1.40278377012871,0.528769755,28.11824426,0.0543,5.69084196338047,-0.348527418918876,1.40278377012871,1,2,3,2,5,17,265,tripcu,0.348527418918876,1.40278377012871
TROPRA,Trophis,racemosa,Moraceae,M,8,274,1790,-1.51763200385253,0.882146063119696,0.631037454,18.43526405,NA,5.67773179745626,1.51763200385253,-0.882146063119696,1,3,2,3,9,18,266,tropra,-1.51763200385253,-0.882146063119696
TURPOC,Turpinia,occidentalis,Staphyleaceae,T,30,275,573,3.00696899209127,-0.67960361145537,0.406660348,22.61306891,0.004135,4.55237200042112,-3.00696899209127,0.67960361145537,1,1,2,1,13,9,267,turpoc,3.00696899209127,0.67960361145537
UNONPI,Unonopsis,pittieri,Annonaceae,M,8,276,2818,0.295498065322825,-0.0697637791597378,0.42829045,22.19034776,0.72482,6.56787724922609,-0.295498065322825,0.0697637791597378,1,2,2,5,1,11,268,unonpi,0.295498065322825,0.0697637791597378
URERBA,Urera,baccifera,Urticaceae,S,2,277,64,2.70404393488675,2.98633522656098,0.165,3.984404278,NA,2.42353770341171,-2.70404393488675,-2.98633522656098,1,1,1,4,7,7,269,urerba,2.70404393488675,-2.98633522656098
VIROSE,Virola,sebifera,Myristicaceae,M,20,278,3947,-0.0338727658456397,-0.989535716454436,0.487343249,30.49914993,0.1116605,7.51829694687792,0.0338727658456397,0.989535716454436,1,2,3,2,5,13,270,virose,-0.0338727658456397,0.989535716454436
VIROSP,Virola,multiflora,Myristicaceae,T,30,279,305,1.07973021103798,-2.49504526621556,0.447981976,30.12108245,0.71358,3.90052862600241,-1.07973021103798,2.49504526621556,1,2,3,2,12,4,271,virosp,1.07973021103798,2.49504526621556
VIROSU,Virola,surinamensis,Myristicaceae,T,30,280,1434,1.59051274668019,-3.08162320898785,0.407319298,37.272328,1.580256,5.43932077401126,-1.59051274668019,3.08162320898785,1,1,3,2,12,4,272,virosu,1.59051274668019,3.08162320898785
VISMBA,Vismia,baccifera,Clusiaceae,U,2,281,398,1.37422998199197,0.904831831083099,0.531295827,7.14,NA,4.17218704898604,-1.37422998199197,-0.904831831083099,1,1,2,1,6,2,273,vismba,1.37422998199197,-0.904831831083099
VISMBI,Vismia,billbergiana,Clusiaceae,U,5,282,18,0.568621902074443,0.900122950733593,0.461491043,4.74,NA,1.18958406687384,-0.568621902074443,-0.900122950733593,1,2,2,5,3,11,274,vismbi,0.568621902074443,-0.900122950733593
VOCHFE,Vochysia,ferruginea,Vochysiaceae,T,20,283,163,2.78671215693638,-0.959355520974472,0.388750068,18.33904198,0.0048029,3.3322045101752,-2.78671215693638,0.959355520974472,1,1,2,1,13,9,275,vochfe,2.78671215693638,0.959355520974472
XYL1MA,Xylopia,macrantha,Annonaceae,M,10,284,3098,-1.00694824605217,-1.04900257369954,0.840426465,19.75301199,0.116775,7.06634507094743,1.00694824605217,1.04900257369954,1,3,3,2,5,16,276,xyl1ma,-1.00694824605217,1.04900257369954
XYL2OL,Xylosma,oligandra,Flacourtiaceae,S,3,285,772,-0.0745994483764337,0.421425238246056,NA,8.510186065,NA,4.77068462446567,0.0745994483764337,-0.421425238246056,1,2,2,5,1,10,277,xyl2ol,-0.0745994483764337,-0.421425238246056
ZANTBE,Zanthoxylum,ekmanii,Rutaceae,T,30,286,1330,4.71629061511124,-1.13308331956517,0.435442308,31.06552678,0.014,5.42432049275177,-4.71629061511124,1.13308331956517,1,1,3,1,13,9,278,zantbe,4.71629061511124,1.13308331956517
ZANTP1,Zanthoxylum,panamense,Rutaceae,T,30,287,1290,2.40242232177279,-0.316396364315921,0.55206339,28.22124797,0.0013,5.38776624660237,-2.40242232177279,0.316396364315921,1,1,2,1,13,12,279,zantp1,2.40242232177279,0.316396364315921
ZANTPR,Zanthoxylum,acuminatum,Rutaceae,M,20,288,924,1.95319149364706,-0.419070786830679,0.579137381,23.22318516,0.011,4.97574803509582,-1.95319149364706,0.419070786830679,1,1,2,1,13,12,280,zantpr,1.95319149364706,0.419070786830679
ZANTSE,Zanthoxylum,setulosum,Rutaceae,M,20,289,6,0.266997542555407,-1.67243776687038,0.598394854,22.71624734,0.01,0,-0.266997542555407,1.67243776687038,1,2,3,2,12,17,281,zantse,0.266997542555407,1.67243776687038
ZUELGU,Zuelania,guidonia,Flacourtiaceae,M,20,290,234,0.580025713275203,0.280620640146787,0.618291782,18.17327748,0.009588929,3.62624388312245,-0.580025713275203,-0.280620640146787,1,2,2,5,2,11,282,zuelgu,0.580025713275203,-0.280620640146787
