year,fg,bin,bin_midpoint,bin_min,bin_max,richness,abundance,production,richness_by_bin_width,abundance_by_bin_width,mortality
1990,fg1,1,1.1667354135923118,1,1.3334708271846236,39,1518,23.2392921914111,116.9517595564902,4552.122333506465,0.49682427664079043
1990,fg1,2,1.555807637068534,1.3334708271846236,1.7781444469524443,43,1284,39.87282685138751,96.70013710831726,2887.5110708623106,0.37484276729559746
1990,fg1,3,2.0746240967419327,1.7781444469524443,2.371103746531421,41,1364,82.78281721554524,69.14471200487377,2300.3265164548247,0.33934426229508197
1990,fg1,4,2.766450710379617,2.371103746531421,3.161797674227814,40,1267,152.29589426588294,50.588475007688444,1602.3899458685316,0.3475378787878788
1990,fg1,5,3.6889813171353985,3.161797674227814,4.216164960042983,43,1231,287.5699611243354,40.78275244167422,1167.5248431558364,0.2980392156862745
1990,fg1,6,4.9191489684291625,4.216164960042983,5.622132976815341,43,1027,435.8289597069286,30.583910506523402,730.4575834930124,0.26721763085399447
1990,fg1,7,6.5595416439756224,5.622132976815341,7.496950311135904,40,787,616.5737652734321,21.33541186533571,419.7742284504801,0.2421875
1990,fg1,8,8.74695742194416,7.496950311135904,9.996964532752415,40,799,1198.1094874131475,15.999908982172098,319.59818191888763,0.2095890410958904
1990,fg1,9,11.66381254878856,9.996964532752415,13.330660564824704,36,636,1578.5473271153608,10.798824983938836,190.77924138291942,0.22131147540983606
1990,fg1,10,15.553353767559475,13.330660564824704,17.776046970294246,34,502,2636.2690418150796,7.64837899314374,112.92606631053404,0.1955193482688391
1990,fg1,11,20.73994351392262,17.776046970294246,23.703840057550995,38,392,4180.5073999893375,6.410480163636339,66.12916379330117,0.1934673366834171
1990,fg1,12,27.656109633272763,23.703840057550995,31.60837920899453,32,340,6125.829156573051,4.048306850900488,43.013260290817684,0.1746031746031746
1990,fg1,13,36.87861538938886,31.60837920899453,42.14885156978319,26,239,7426.972549349231,2.4666826219972773,22.67450564066728,0.21739130434782608
1990,fg1,14,49.17655776871196,42.14885156978319,56.20426396764072,22,141,7082.624464462803,1.5652333334135016,10.031722727786534,0.19090909090909092
1990,fg1,15,65.57550516593678,56.20426396764072,74.94674636423284,13,59,4901.901059584502,0.6936114291009683,3.147928793612087,0.2682926829268293
1990,fg1,16,87.44302311667127,74.94674636423284,99.93929986910972,5,16,2563.8351456674654,0.20005958971036447,0.6401906870731663,0.2222222222222222
1990,fg1,17,116.60272036691177,99.93929986910972,133.26614086471383,2,3,849.0294707062424,0.060011688484480255,0.09001753272672039,1
1990,fg1,18,155.48632597964314,133.26614086471383,177.70651109457248,0,0,0,0,0,0
1990,fg1,19,207.33647971997289,177.70651109457248,236.96644834537327,0,0,0,0,0,NA
1990,fg1,20,276.47714711774023,236.96644834537327,315.98784589010717,0,0,0,0,0,NA
1990,fg2,1,1.1667354135923118,1,1.3334708271846236,42,1419,19.98932644426736,125.9480487531433,4255.244790016913,0.1790794979079498
1990,fg2,2,1.555807637068534,1.3334708271846236,1.7781444469524443,41,1315,35.84219193618356,92.20245631258157,2957.225123196214,0.11369509043927649
1990,fg2,3,2.0746240967419327,1.7781444469524443,2.371103746531421,46,1525,77.1766994886154,77.57699395668764,2571.8459953032316,0.08455284552845528
1990,fg2,4,2.766450710379617,2.371103746531421,3.161797674227814,42,1384,141.9633407494808,53.11789875807287,1750.3612352660202,0.09035532994923857
1990,fg2,5,3.6889813171353985,3.161797674227814,4.216164960042983,46,1321,263.8512353873149,43.628060751558465,1252.8840924523638,0.07539118065433854
1990,fg2,6,4.9191489684291625,4.216164960042983,5.622132976815341,46,1044,402.49427019443175,32.71767170465294,742.5488969490798,0.06723891273247497
1990,fg2,7,6.5595416439756224,5.622132976815341,7.496950311135904,45,844,605.6524309833795,24.002338348502676,450.1771903585835,0.07439024390243902
1990,fg2,8,8.74695742194416,7.496950311135904,9.996964532752415,48,848,1170.3109167648788,19.199890778606516,339.1980704220485,0.0731070496083551
1990,fg2,9,11.66381254878856,9.996964532752415,13.330660564824704,45,730,1831.1277971814065,13.498531229923543,218.97617328542637,0.08707482993197278
1990,fg2,10,15.553353767559475,13.330660564824704,17.776046970294246,46,688,3174.5324412013856,10.347806873076824,154.76719844949685,0.06489675516224189
1990,fg2,11,20.73994351392262,17.776046970294246,23.703840057550995,41,633,5293.123244272463,6.916570702870787,106.78510377846848,0.07744107744107744
1990,fg2,12,27.656109633272763,23.703840057550995,31.60837920899453,44,477,6617.282681120028,5.566421919988171,60.3450739962354,0.06471816283924843
1990,fg2,13,36.87861538938886,31.60837920899453,42.14885156978319,43,365,11422.760429019158,4.079513567149343,34.628429116500236,0.0744047619047619
1990,fg2,14,49.17655776871196,42.14885156978319,56.20426396764072,30,318,18798.47056505509,2.1344090910184113,22.624736364795158,0.10080645161290322
1990,fg2,15,65.57550516593678,56.20426396764072,74.94674636423284,30,261,27399.91565909832,1.6006417594637732,13.925583307334826,0.1037037037037037
1990,fg2,16,87.44302311667127,74.94674636423284,99.93929986910972,23,155,27387.906475061765,0.9202741126676766,6.201847281021299,0.09876543209876543
1990,fg2,17,116.60272036691177,99.93929986910972,133.26614086471383,13,41,10374.688582301966,0.3900759751491217,1.2302396139318452,0.10526315789473684
1990,fg2,18,155.48632597964314,133.26614086471383,177.70651109457248,5,14,6790.478639705368,0.11251031380113469,0.31502887864317713,0.0625
1990,fg2,19,207.33647971997289,177.70651109457248,236.96644834537327,4,5,2358.3847530120906,0.06749922773409531,0.08437403466761913,0
1990,fg2,20,276.47714711774023,236.96644834537327,315.98784589010717,0,0,0,0,0,NA
1990,fg3,1,1.1667354135923118,1,1.3334708271846236,59,24017,396.3073620099164,176.92702086751083,72021.2925453391,0.12204381379138661
1990,fg3,2,1.555807637068534,1.3334708271846236,1.7781444469524443,61,21256,625.537265474718,137.17926426993844,47801.351497078875,0.10474045254428177
1990,fg3,3,2.0746240967419327,1.7781444469524443,2.371103746531421,59,22230,1138.0809586474186,99.50092703140372,37489.92555776449,0.10142238713667286
1990,fg3,4,2.766450710379617,2.371103746531421,3.161797674227814,60,18156,1715.896506936158,75.88271251153267,22962.108805989785,0.11686430705168824
1990,fg3,5,3.6889813171353985,3.161797674227814,4.216164960042983,61,14105,2447.485201564781,57.85460230097971,13377.69123697244,0.13924724032451125
1990,fg3,6,4.9191489684291625,4.216164960042983,5.622132976815341,58,8985,3079.6874040900516,41.2527164971711,6390.614788397971,0.15283483976992604
1990,fg3,7,6.5595416439756224,5.622132976815341,7.496950311135904,59,5369,3469.3508603335813,31.469732501370174,2863.745657624686,0.1419148510893464
1990,fg3,8,8.74695742194416,7.496950311135904,9.996964532752415,55,3936,4347.548411463723,21.999874850486634,1574.3910438457344,0.1140228603289657
1990,fg3,9,11.66381254878856,9.996964532752415,13.330660564824704,48,2384,4928.623714750731,14.398433311918447,715.1221878252828,0.11162575266327003
1990,fg3,10,15.553353767559475,13.330660564824704,17.776046970294246,38,1273,5425.792217081742,8.548188286454767,286.3643075962347,0.11553784860557768
1990,fg3,11,20.73994351392262,17.776046970294246,23.703840057550995,35,860,6879.973870006751,5.904389624401891,145.07928791387502,0.11483253588516747
1990,fg3,12,27.656109633272763,23.703840057550995,31.60837920899453,25,660,9374.708795036107,3.1627397272660063,83.49632879982256,0.10344827586206896
1990,fg3,13,36.87861538938886,31.60837920899453,42.14885156978319,20,434,10617.860722618767,1.8974481707671365,41.174625305646856,0.14318706697459585
1990,fg3,14,49.17655776871196,42.14885156978319,56.20426396764072,12,215,12183.784358072837,0.8537636364073645,15.296598485631947,0.1836734693877551
1990,fg3,15,65.57550516593678,56.20426396764072,74.94674636423284,8,62,8264.979700072085,0.4268378025236728,3.3079929695584642,0.16666666666666666
1990,fg3,16,87.44302311667127,74.94674636423284,99.93929986910972,8,12,2516.6779192462354,0.32009534353658314,0.4801430153048747,0.25
1990,fg3,17,116.60272036691177,99.93929986910972,133.26614086471383,3,4,2866.548637614893,0.09001753272672039,0.12002337696896051,NA
1990,fg3,18,155.48632597964314,133.26614086471383,177.70651109457248,0,0,0,0,0,NA
1990,fg3,19,207.33647971997289,177.70651109457248,236.96644834537327,0,0,0,0,0,NA
1990,fg3,20,276.47714711774023,236.96644834537327,315.98784589010717,0,0,0,0,0,NA
1990,fg4,1,1.1667354135923118,1,1.3334708271846236,37,6247,107.40733633220131,110.95423342538814,18733.27287049729,0.34735632183908044
1990,fg4,2,1.555807637068534,1.3334708271846236,1.7781444469524443,36,4523,145.98019595311578,80.95825432324236,10171.505119556256,0.3127114548090865
1990,fg4,3,2.0746240967419327,1.7781444469524443,2.371103746531421,32,3685,211.52930606233215,53.9666044916088,6214.591798486826,0.2784552845528455
1990,fg4,4,2.766450710379617,2.371103746531421,3.161797674227814,27,1983,217.67675640250852,34.1472206301897,2507.9236485061547,0.27901234567901234
1990,fg4,5,3.6889813171353985,3.161797674227814,4.216164960042983,23,1005,201.41980558378998,21.814030375779232,953.1782838112231,0.3007518796992481
1990,fg4,6,4.9191489684291625,4.216164960042983,5.622132976815341,19,488,186.44983932039455,13.513820921487085,347.09182156240513,0.27300613496932513
1990,fg4,7,6.5595416439756224,5.622132976815341,7.496950311135904,14,215,156.6857772650864,7.4673941528675,114.67783877617946,0.22466960352422907
1990,fg4,8,8.74695742194416,7.496950311135904,9.996964532752415,13,155,192.54160528353916,5.199970419205932,61.999647305916874,0.24324324324324326
1990,fg4,9,11.66381254878856,9.996964532752415,13.330660564824704,9,96,190.13843037390555,2.699706245984709,28.796866623836895,0.23148148148148148
1990,fg4,10,15.553353767559475,13.330660564824704,17.776046970294246,7,51,162.07880696468902,1.5746662632942994,11.47256848971561,0.21568627450980393
1990,fg4,11,20.73994351392262,17.776046970294246,23.703840057550995,6,16,74.64348756122733,1.0121810784688956,2.6991495425837213,0.38095238095238093
1990,fg4,12,27.656109633272763,23.703840057550995,31.60837920899453,3,5,66.20297627112824,0.37952876727192075,0.6325479454532013,0.5714285714285714
1990,fg4,13,36.87861538938886,31.60837920899453,42.14885156978319,0,0,0,0,0,NA
1990,fg4,14,49.17655776871196,42.14885156978319,56.20426396764072,0,0,0,0,0,NA
1990,fg4,15,65.57550516593678,56.20426396764072,74.94674636423284,0,0,0,0,0,NA
1990,fg4,16,87.44302311667127,74.94674636423284,99.93929986910972,0,0,0,0,0,NA
1990,fg4,17,116.60272036691177,99.93929986910972,133.26614086471383,0,0,0,0,0,NA
1990,fg4,18,155.48632597964314,133.26614086471383,177.70651109457248,0,0,0,0,0,NA
1990,fg4,19,207.33647971997289,177.70651109457248,236.96644834537327,0,0,0,0,0,NA
1990,fg4,20,276.47714711774023,236.96644834537327,315.98784589010717,0,0,0,0,0,NA
1990,fg5,1,1.1667354135923118,1,1.3334708271846236,43,2536,41.550843207631345,128.94681181869433,7604.863134237415,0.1891891891891892
1990,fg5,2,1.555807637068534,1.3334708271846236,1.7781444469524443,40,2397,72.50994328422229,89.95361591471374,5390.47043368922,0.1424172440338722
1990,fg5,3,2.0746240967419327,1.7781444469524443,2.371103746531421,41,2707,147.88866274982664,69.14471200487377,4565.237448712031,0.1266233766233766
1990,fg5,4,2.766450710379617,2.371103746531421,3.161797674227814,42,2377,255.56862479301634,53.11789875807287,3006.220127331886,0.1220472440944882
1990,fg5,5,3.6889813171353985,3.161797674227814,4.216164960042983,43,2010,401.12734535036344,40.78275244167422,1906.3565676224462,0.1431079894644425
1990,fg5,6,4.9191489684291625,4.216164960042983,5.622132976815341,44,1565,608.2618510714466,31.295164239233248,1113.11209169091,0.14325842696629212
1990,fg5,7,6.5595416439756224,5.622132976815341,7.496950311135904,41,1148,806.3916666153775,21.868797161969106,612.326320535135,0.14018691588785046
1990,fg5,8,8.74695742194416,7.496950311135904,9.996964532752415,41,940,1104.8819551678528,16.399906706726398,375.9978610810443,0.1652078774617068
1990,fg5,9,11.66381254878856,9.996964532752415,13.330660564824704,35,709,1481.0730766210402,10.498857623273867,212.67685871146205,0.2015810276679842
1990,fg5,10,15.553353767559475,13.330660564824704,17.776046970294246,36,488,1903.5277141401561,8.098283639799254,109.77673378394545,0.19207920792079208
1990,fg5,11,20.73994351392262,17.776046970294246,23.703840057550995,28,267,2091.8591433269894,4.723511699521513,45.04205799186585,0.20384615384615384
1990,fg5,12,27.656109633272763,23.703840057550995,31.60837920899453,28,119,1900.7173704217548,3.542268494537927,15.05464110178619,0.24615384615384617
1990,fg5,13,36.87861538938886,31.60837920899453,42.14885156978319,15,67,2268.3012197058847,1.4230861280753522,6.356451372069907,0.2835820895522388
1990,fg5,14,49.17655776871196,42.14885156978319,56.20426396764072,12,58,3933.35509267677,0.8537636364073645,4.126524242635595,0.1702127659574468
1990,fg5,15,65.57550516593678,56.20426396764072,74.94674636423284,7,29,4330.7674520232895,0.3734830772082137,1.547287034148314,0.2857142857142857
1990,fg5,16,87.44302311667127,74.94674636423284,99.93929986910972,5,9,2879.2187913952293,0.20005958971036447,0.360107261478656,0.5
1990,fg5,17,116.60272036691177,99.93929986910972,133.26614086471383,1,2,373.56608998071204,0.030005844242240128,0.060011688484480255,NA
1990,fg5,18,155.48632597964314,133.26614086471383,177.70651109457248,0,0,0,0,0,1
1990,fg5,19,207.33647971997289,177.70651109457248,236.96644834537327,0,0,0,0,0,NA
1990,fg5,20,276.47714711774023,236.96644834537327,315.98784589010717,0,0,0,0,0,NA
1990,unclassified,1,1.1667354135923118,1,1.3334708271846236,3,271,5.39893654039174,8.996289196653093,812.6647907643294,0.10493827160493827
1990,unclassified,2,1.555807637068534,1.3334708271846236,1.7781444469524443,2,238,8.22785166786265,4.497680795735686,535.2240146925467,0.04716981132075472
1990,unclassified,3,2.0746240967419327,1.7781444469524443,2.371103746531421,4,299,18.66471868228825,6.7458255614511,504.2504607184697,0.022988505747126436
1990,unclassified,4,2.766450710379617,2.371103746531421,3.161797674227814,3,347,38.26423057708557,3.7941356255766334,438.8550206916973,0.09223300970873786
1990,unclassified,5,3.6889813171353985,3.161797674227814,4.216164960042983,8,392,72.77846139293396,7.587488826357994,371.78695249154174,0.2556053811659193
1990,unclassified,6,4.9191489684291625,4.216164960042983,5.622132976815341,7,426,168.83022623386879,4.978776128968926,302.99409013439464,0.1918819188191882
1990,unclassified,7,6.5595416439756224,5.622132976815341,7.496950311135904,4,386,329.8693814556777,2.1335411865335714,205.88672450048963,0.13505747126436782
1990,unclassified,8,8.74695742194416,7.496950311135904,9.996964532752415,4,445,580.2429593645838,1.5999908982172097,177.99898742666457,0.1337579617834395
1990,unclassified,9,11.66381254878856,9.996964532752415,13.330660564824704,4,468,621.2693805385165,1.1998694426598706,140.38472479120486,0.1377551020408163
1990,unclassified,10,15.553353767559475,13.330660564824704,17.776046970294246,4,73,152.29835334906866,0.8998092933110282,16.421519602926264,0.27932960893854747
1990,unclassified,11,20.73994351392262,17.776046970294246,23.703840057550995,3,12,63.68906836632268,0.5060905392344478,2.024362156937791,0.25
1990,unclassified,12,27.656109633272763,23.703840057550995,31.60837920899453,2,2,21.898425319124236,0.2530191781812805,0.2530191781812805,0
1990,unclassified,13,36.87861538938886,31.60837920899453,42.14885156978319,4,14,257.9457343942351,0.3794896341534273,1.3282137195369954,0.22727272727272727
1990,unclassified,14,49.17655776871196,42.14885156978319,56.20426396764072,2,3,54.23270741159216,0.14229393940122742,0.21344090910184113,0
1990,unclassified,15,65.57550516593678,56.20426396764072,74.94674636423284,2,2,209.6434552002248,0.1067094506309182,0.1067094506309182,0.5
1990,unclassified,16,87.44302311667127,74.94674636423284,99.93929986910972,0,0,0,0,0,NA
1990,unclassified,17,116.60272036691177,99.93929986910972,133.26614086471383,0,0,0,0,0,NA
1990,unclassified,18,155.48632597964314,133.26614086471383,177.70651109457248,0,0,0,0,0,NA
1990,unclassified,19,207.33647971997289,177.70651109457248,236.96644834537327,1,1,969.7019183496783,0.016874806933523827,0.016874806933523827,NA
1990,unclassified,20,276.47714711774023,236.96644834537327,315.98784589010717,0,0,0,0,0,NA
1995,fg1,1,1.1667354135923118,1,1.3334708271846236,36,972,16.40932602208858,107.95547035983712,2914.797699715602,0.6284584980237155
1995,fg1,2,1.555807637068534,1.3334708271846236,1.7781444469524443,38,762,23.0690485497928,85.45593511897805,1713.6163831752965,0.5708722741433022
1995,fg1,3,2.0746240967419327,1.7781444469524443,2.371103746531421,38,892,49.83038910845531,64.08534283378545,1504.319100203595,0.5227272727272727
1995,fg1,4,2.766450710379617,2.371103746531421,3.161797674227814,41,822,91.76850877743657,51.85318688288066,1039.5931614079975,0.5098658247829518
1995,fg1,5,3.6889813171353985,3.161797674227814,4.216164960042983,43,909,196.67808042647084,40.78275244167422,862.1284178949271,0.45329000812347686
1995,fg1,6,4.9191489684291625,4.216164960042983,5.622132976815341,42,804,339.0049869864419,29.872656773813556,571.8480010987166,0.3729308666017527
1995,fg1,7,6.5595416439756224,5.622132976815341,7.496950311135904,45,652,524.0925285782915,24.002338348502676,347.7672134049721,0.289707750952986
1995,fg1,8,8.74695742194416,7.496950311135904,9.996964532752415,42,701,1009.8691828396304,16.7999044312807,280.398404912566,0.2002503128911139
1995,fg1,9,11.66381254878856,9.996964532752415,13.330660564824704,38,640,1759.8299992559428,11.39875970526877,191.97911082557928,0.22012578616352202
1995,fg1,10,15.553353767559475,13.330660564824704,17.776046970294246,38,482,3034.695367783873,8.548188286454767,108.4270198439789,0.2250996015936255
1995,fg1,11,20.73994351392262,17.776046970294246,23.703840057550995,35,424,5236.817034949447,5.904389624401891,71.52746287846863,0.16581632653061223
1995,fg1,12,27.656109633272763,23.703840057550995,31.60837920899453,32,335,6802.265947573059,4.048306850900488,42.380712345364486,0.14705882352941177
1995,fg1,13,36.87861538938886,31.60837920899453,42.14885156978319,28,270,10427.583880900129,2.656427439073991,25.61555030535634,0.15481171548117154
1995,fg1,14,49.17655776871196,42.14885156978319,56.20426396764072,21,146,7595.002410409879,1.4940863637128878,10.387457576289602,0.19858156028368795
1995,fg1,15,65.57550516593678,56.20426396764072,74.94674636423284,14,66,3846.1723556564007,0.7469661544164274,3.521411870820301,0.23728813559322035
1995,fg1,16,87.44302311667127,74.94674636423284,99.93929986910972,7,15,1269.9486647154472,0.2800834255945102,0.6001787691310934,0.1875
1995,fg1,17,116.60272036691177,99.93929986910972,133.26614086471383,3,5,336.87018894670103,0.09001753272672039,0.15002922121120063,0
1995,fg1,18,155.48632597964314,133.26614086471383,177.70651109457248,1,1,475.54138550891537,0.022502062760226937,0.022502062760226937,NA
1995,fg1,19,207.33647971997289,177.70651109457248,236.96644834537327,0,0,0,0,0,NA
1995,fg1,20,276.47714711774023,236.96644834537327,315.98784589010717,0,0,0,0,0,NA
1995,fg2,1,1.1667354135923118,1,1.3334708271846236,36,861,13.597535156265122,107.95547035983712,2581.934999439438,0.2959830866807611
1995,fg2,2,1.555807637068534,1.3334708271846236,1.7781444469524443,33,854,20.005852814516224,74.21173312963883,1920.5096997791381,0.24334600760456274
1995,fg2,3,2.0746240967419327,1.7781444469524443,2.371103746531421,38,1059,44.64265474613587,64.08534283378545,1785.9573173941785,0.18098360655737705
1995,fg2,4,2.766450710379617,2.371103746531421,3.161797674227814,42,1058,87.19056507308278,53.11789875807287,1338.0651639533594,0.1596820809248555
1995,fg2,5,3.6889813171353985,3.161797674227814,4.216164960042983,42,1061,180.27178454052705,39.83431633837947,1006.290705595729,0.11127933383800151
1995,fg2,6,4.9191489684291625,4.216164960042983,5.622132976815341,42,915,313.35544782573663,29.872656773813556,650.7971654295096,0.10632183908045977
1995,fg2,7,6.5595416439756224,5.622132976815341,7.496950311135904,49,812,563.381189969049,26.135879535036246,433.10886086631496,0.0924170616113744
1995,fg2,8,8.74695742194416,7.496950311135904,9.996964532752415,48,730,872.7977851153776,19.199890778606516,291.9983389246408,0.07783018867924528
1995,fg2,9,11.66381254878856,9.996964532752415,13.330660564824704,46,753,1828.0774679350532,13.798498590588512,225.87542258072062,0.06575342465753424
1995,fg2,10,15.553353767559475,13.330660564824704,17.776046970294246,46,661,2774.53155583552,10.347806873076824,148.6934857196474,0.07848837209302326
1995,fg2,11,20.73994351392262,17.776046970294246,23.703840057550995,41,602,4824.966103732,6.916570702870787,101.55550153971252,0.07266982622432859
1995,fg2,12,27.656109633272763,23.703840057550995,31.60837920899453,44,504,7722.767852367432,5.566421919988171,63.76083290168269,0.0880503144654088
1995,fg2,13,36.87861538938886,31.60837920899453,42.14885156978319,45,361,10333.711344051748,4.269258384226057,34.24893948234681,0.052054794520547946
1995,fg2,14,49.17655776871196,42.14885156978319,56.20426396764072,34,356,15886.903436172692,2.418996969820866,25.32832121341848,0.05660377358490566
1995,fg2,15,65.57550516593678,56.20426396764072,74.94674636423284,33,289,19135.298054218976,1.7607059354101504,15.419515616167681,0.09195402298850575
1995,fg2,16,87.44302311667127,74.94674636423284,99.93929986910972,25,168,16968.710008219885,1.0002979485518222,6.722002214268246,0.12258064516129032
1995,fg2,17,116.60272036691177,99.93929986910972,133.26614086471383,15,60,8552.285879586832,0.4500876636336019,1.8003506545344077,0.04878048780487805
1995,fg2,18,155.48632597964314,133.26614086471383,177.70651109457248,5,19,4787.191628410054,0.11251031380113469,0.4275391924443118,0
1995,fg2,19,207.33647971997289,177.70651109457248,236.96644834537327,4,10,3658.6886914979646,0.06749922773409531,0.16874806933523825,0
1995,fg2,20,276.47714711774023,236.96644834537327,315.98784589010717,2,3,1979.7494117281628,0.025309600464453984,0.03796440069668097,NA
1995,fg3,1,1.1667354135923118,1,1.3334708271846236,58,14419,244.5006720270304,173.9282578019598,43239.164642180316,0.22563184411042178
1995,fg3,2,1.555807637068534,1.3334708271846236,1.7781444469524443,59,13010,276.2388666100693,132.68158347420277,29257.413576260642,0.20304855099736546
1995,fg3,3,2.0746240967419327,1.7781444469524443,2.371103746531421,59,14374,531.2703368665536,99.50092703140372,24241.124155074525,0.18484030589293748
1995,fg3,4,2.766450710379617,2.371103746531421,3.161797674227814,59,12895,910.5872988926305,74.61800063634045,16308.459630603564,0.1877065432914739
1995,fg3,5,3.6889813171353985,3.161797674227814,4.216164960042983,60,10631,1467.8086279765985,56.90616619768496,10082.82421412648,0.1903580290677065
1995,fg3,6,4.9191489684291625,4.216164960042983,5.622132976815341,58,7379,2011.0595050949,41.2527164971711,5248.341293665958,0.181858653311074
1995,fg3,7,6.5595416439756224,5.622132976815341,7.496950311135904,62,4883,2542.1584945300283,33.069888391270354,2604.520403460857,0.1467684857515366
1995,fg3,8,8.74695742194416,7.496950311135904,9.996964532752415,54,3483,3262.9281282254483,21.59987712593233,1393.1920746226353,0.11509146341463415
1995,fg3,9,11.66381254878856,9.996964532752415,13.330660564824704,45,2315,4202.874388440648,13.498531229923543,694.4244399394001,0.11870805369127517
1995,fg3,10,15.553353767559475,13.330660564824704,17.776046970294246,37,1211,4564.204685384149,8.323235963127011,272.4172635499138,0.10997643362136685
1995,fg3,11,20.73994351392262,17.776046970294246,23.703840057550995,32,831,6589.778172503299,5.398299085167443,140.18707936794203,0.07674418604651163
1995,fg3,12,27.656109633272763,23.703840057550995,31.60837920899453,24,651,9594.03471534891,3.036230138175366,82.3577424980068,0.08636363636363636
1995,fg3,13,36.87861538938886,31.60837920899453,42.14885156978319,22,454,11223.00579465495,2.08719298784385,43.072073476414,0.07834101382488479
1995,fg3,14,49.17655776871196,42.14885156978319,56.20426396764072,13,229,8515.882603649361,0.9249106061079783,16.29265606144054,0.14883720930232558
1995,fg3,15,65.57550516593678,56.20426396764072,74.94674636423284,11,77,4429.1002325337595,0.5869019784700501,4.108313849290351,0.12903225806451613
1995,fg3,16,87.44302311667127,74.94674636423284,99.93929986910972,7,18,3507.8329118875795,0.2800834255945102,0.720214522957312,0.08333333333333333
1995,fg3,17,116.60272036691177,99.93929986910972,133.26614086471383,3,3,486.39311119444733,0.09001753272672039,0.09001753272672039,0
1995,fg3,18,155.48632597964314,133.26614086471383,177.70651109457248,1,1,211.72863070694996,0.022502062760226937,0.022502062760226937,NA
1995,fg3,19,207.33647971997289,177.70651109457248,236.96644834537327,0,0,0,0,0,NA
1995,fg3,20,276.47714711774023,236.96644834537327,315.98784589010717,0,0,0,0,0,NA
1995,fg4,1,1.1667354135923118,1,1.3334708271846236,34,3023,60.51720197519783,101.95794422873506,9065.260747160766,0.46518328797822955
1995,fg4,2,1.555807637068534,1.3334708271846236,1.7781444469524443,30,2323,58.73034058807715,67.4652119360353,5224.056244247,0.41322131328764095
1995,fg4,3,2.0746240967419327,1.7781444469524443,2.371103746531421,30,2136,90.04563330897045,50.59369171088325,3602.2708498148872,0.36526458616010854
1995,fg4,4,2.766450710379617,2.371103746531421,3.161797674227814,27,1377,109.76306423331705,34.1472206301897,1741.5082521396748,0.3388804841149773
1995,fg4,5,3.6889813171353985,3.161797674227814,4.216164960042983,23,740,106.84048887050629,21.814030375779232,701.8427164381145,0.2935323383084577
1995,fg4,6,4.9191489684291625,4.216164960042983,5.622132976815341,15,401,119.62353086616235,10.668805990647698,285.21274681664846,0.27459016393442626
1995,fg4,7,6.5595416439756224,5.622132976815341,7.496950311135904,12,173,102.72485875674663,6.400623559600714,92.27565631757696,0.3023255813953488
1995,fg4,8,8.74695742194416,7.496950311135904,9.996964532752415,10,128,130.16158750591256,3.9999772455430245,51.19970874295071,0.2709677419354839
1995,fg4,9,11.66381254878856,9.996964532752415,13.330660564824704,8,90,150.39970207127553,2.3997388853197412,26.997062459847086,0.20833333333333334
1995,fg4,10,15.553353767559475,13.330660564824704,17.776046970294246,7,52,154.5061495756481,1.5746662632942994,11.697520813043367,0.13725490196078433
1995,fg4,11,20.73994351392262,17.776046970294246,23.703840057550995,6,14,55.15837678218906,1.0121810784688956,2.3617558497607565,0.125
1995,fg4,12,27.656109633272763,23.703840057550995,31.60837920899453,1,1,2.0532599466716612,0.12650958909064025,0.12650958909064025,0.8
1995,fg4,13,36.87861538938886,31.60837920899453,42.14885156978319,0,0,0,0,0,NA
1995,fg4,14,49.17655776871196,42.14885156978319,56.20426396764072,0,0,0,0,0,NA
1995,fg4,15,65.57550516593678,56.20426396764072,74.94674636423284,0,0,0,0,0,NA
1995,fg4,16,87.44302311667127,74.94674636423284,99.93929986910972,0,0,0,0,0,NA
1995,fg4,17,116.60272036691177,99.93929986910972,133.26614086471383,0,0,0,0,0,NA
1995,fg4,18,155.48632597964314,133.26614086471383,177.70651109457248,0,0,0,0,0,NA
1995,fg4,19,207.33647971997289,177.70651109457248,236.96644834537327,0,0,0,0,0,NA
1995,fg4,20,276.47714711774023,236.96644834537327,315.98784589010717,0,0,0,0,0,NA
1995,fg5,1,1.1667354135923118,1,1.3334708271846236,39,1577,26.657313151975256,116.9517595564902,4729.049354373976,0.35173501577287064
1995,fg5,2,1.555807637068534,1.3334708271846236,1.7781444469524443,41,1481,37.40210152632108,92.20245631258157,3330.532629242276,0.3045473508552357
1995,fg5,3,2.0746240967419327,1.7781444469524443,2.371103746531421,39,1781,75.55365446755675,65.771799224148225,3003.578831236102,0.28629479128186186
1995,fg5,4,2.766450710379617,2.371103746531421,3.161797674227814,42,1667,133.1290595889709,53.11789875807287,2108.274695945416,0.22297013041649139
1995,fg5,5,3.6889813171353985,3.161797674227814,4.216164960042983,39,1490,250.9678442947889,36.98900802849522,1413.1697939091764,0.22388059701492538
1995,fg5,6,4.9191489684291625,4.216164960042983,5.622132976815341,44,1287,422.2501535127808,31.295164239233248,915.3835539975726,0.20319488817891374
1995,fg5,7,6.5595416439756224,5.622132976815341,7.496950311135904,41,1002,615.4933217119259,21.868797161969106,534.4520672266596,0.18205574912891986
1995,fg5,8,8.74695742194416,7.496950311135904,9.996964532752415,43,865,991.6339185056698,17.199902155835005,345.9980317394716,0.16595744680851063
1995,fg5,9,11.66381254878856,9.996964532752415,13.330660564824704,37,703,1446.179253984937,11.098792344603803,210.87705454747226,0.15091678420310295
1995,fg5,10,15.553353767559475,13.330660564824704,17.776046970294246,38,417,1810.9639705616191,8.548188286454767,93.80511882767469,0.2151639344262295
1995,fg5,11,20.73994351392262,17.776046970294246,23.703840057550995,25,271,2127.4225468037903,4.217421160287065,45.71684537751178,0.2209737827715356
1995,fg5,12,27.656109633272763,23.703840057550995,31.60837920899453,28,118,2010.4315827805574,3.542268494537927,14.92813151269555,0.2184873949579832
1995,fg5,13,36.87861538938886,31.60837920899453,42.14885156978319,13,51,2255.433410682914,1.2333413109986386,4.838492835456198,0.208955223880597
1995,fg5,14,49.17655776871196,42.14885156978319,56.20426396764072,10,56,2790.665658458745,0.711469697006137,3.9842303032343676,0.10344827586206896
1995,fg5,15,65.57550516593678,56.20426396764072,74.94674636423284,7,37,4106.621292715065,0.3734830772082137,1.9741248366719868,0.1724137931034483
1995,fg5,16,87.44302311667127,74.94674636423284,99.93929986910972,5,10,1954.5022896642593,0.20005958971036447,0.40011917942072894,0.3333333333333333
1995,fg5,17,116.60272036691177,99.93929986910972,133.26614086471383,2,4,1593.8709606765358,0.060011688484480255,0.12002337696896051,0.5
1995,fg5,18,155.48632597964314,133.26614086471383,177.70651109457248,0,0,0,0,0,NA
1995,fg5,19,207.33647971997289,177.70651109457248,236.96644834537327,0,0,0,0,0,NA
1995,fg5,20,276.47714711774023,236.96644834537327,315.98784589010717,0,0,0,0,0,NA
1995,unclassified,1,1.1667354135923118,1,1.3334708271846236,2,172,3.422136006490743,5.997526131102062,515.7872472747773,0.12546125461254612
1995,unclassified,2,1.555807637068534,1.3334708271846236,1.7781444469524443,1,170,3.8188966331880274,2.248840397867843,382.3028676375334,0.058823529411764705
1995,unclassified,3,2.0746240967419327,1.7781444469524443,2.371103746531421,3,197,8.352070854042376,5.059369171088324,332.2319089014666,0.05016722408026756
1995,unclassified,4,2.766450710379617,2.371103746531421,3.161797674227814,7,223,18.234358925653822,8.852983126345478,282.03074816786307,0.09221902017291066
1995,unclassified,5,3.6889813171353985,3.161797674227814,4.216164960042983,8,293,48.034973605519085,7.587488826357994,277.89177826536155,0.18877551020408162
1995,unclassified,6,4.9191489684291625,4.216164960042983,5.622132976815341,6,275,101.10876292111847,4.267522396259079,195.5947764952078,0.215962441314554
1995,unclassified,7,6.5595416439756224,5.622132976815341,7.496950311135904,4,369,290.7791736861187,2.1335411865335714,196.81917445772194,0.13730569948186527
1995,unclassified,8,8.74695742194416,7.496950311135904,9.996964532752415,3,462,587.2193589551592,1.1999931736629073,184.7989487440877,0.10112359550561797
1995,unclassified,9,11.66381254878856,9.996964532752415,13.330660564824704,4,526,738.2272482464318,1.1998694426598706,157.78283170977298,0.12606837606837606
1995,unclassified,10,15.553353767559475,13.330660564824704,17.776046970294246,4,84,184.024218635463,0.8998092933110282,18.89599515953159,0.2328767123287671
1995,unclassified,11,20.73994351392262,17.776046970294246,23.703840057550995,3,15,109.46124786186579,0.5060905392344478,2.530452696172239,0.16666666666666666
1995,unclassified,12,27.656109633272763,23.703840057550995,31.60837920899453,0,0,0,0,0,0.5
1995,unclassified,13,36.87861538938886,31.60837920899453,42.14885156978319,2,9,31.09615518137382,0.18974481707671365,0.8538516768452113,0.21428571428571427
1995,unclassified,14,49.17655776871196,42.14885156978319,56.20426396764072,4,7,320.87953354139853,0.28458787880245484,0.49802878790429594,0
1995,unclassified,15,65.57550516593678,56.20426396764072,74.94674636423284,2,3,196.69273936803543,0.1067094506309182,0.1600641759463773,0
1995,unclassified,16,87.44302311667127,74.94674636423284,99.93929986910972,1,1,99.91342661154472,0.04001191794207289,0.04001191794207289,NA
1995,unclassified,17,116.60272036691177,99.93929986910972,133.26614086471383,0,0,0,0,0,NA
1995,unclassified,18,155.48632597964314,133.26614086471383,177.70651109457248,2,2,460.34442415687323,0.04500412552045387,0.04500412552045387,NA
1995,unclassified,19,207.33647971997289,177.70651109457248,236.96644834537327,1,1,98.20137012761168,0.016874806933523827,0.016874806933523827,0
1995,unclassified,20,276.47714711774023,236.96644834537327,315.98784589010717,0,0,0,0,0,NA
2000,fg1,1,1.1667354135923118,1,1.3334708271846236,40,980,15.902903230008317,119.95052262204123,2938.7878042400102,0.6244855967078189
2000,fg1,2,1.555807637068534,1.3334708271846236,1.7781444469524443,41,872,26.264847662955106,92.20245631258157,1960.9888269407593,0.5643044619422573
2000,fg1,3,2.0746240967419327,1.7781444469524443,2.371103746531421,46,760,42.86142768248062,77.57699395668764,1281.7068566757089,0.5213004484304933
2000,fg1,4,2.766450710379617,2.371103746531421,3.161797674227814,43,738,82.40765290521149,54.38261063326508,933.3573638918518,0.5097323600973236
2000,fg1,5,3.6889813171353985,3.161797674227814,4.216164960042983,39,680,149.32898253413458,36.98900802849522,644.9365502404295,0.48624862486248627
2000,fg1,6,4.9191489684291625,4.216164960042983,5.622132976815341,42,646,257.8907998703226,29.872656773813556,459.4699113305609,0.39054726368159204
2000,fg1,7,6.5595416439756224,5.622132976815341,7.496950311135904,43,579,449.43893439955116,22.93556775523589,308.83008675073444,0.3205521472392638
2000,fg1,8,8.74695742194416,7.496950311135904,9.996964532752415,44,591,741.8606842876578,17.599899880389305,236.39865521159274,0.23537803138373753
2000,fg1,9,11.66381254878856,9.996964532752415,13.330660564824704,37,595,1385.0177662446438,11.098792344603803,178.48057959565574,0.2328125
2000,fg1,10,15.553353767559475,13.330660564824704,17.776046970294246,35,422,2184.846682552243,7.873331316471496,94.92988044431347,0.22821576763485477
2000,fg1,11,20.73994351392262,17.776046970294246,23.703840057550995,34,425,4600.786825819392,5.735692777990408,71.6961597248801,0.15566037735849056
2000,fg1,12,27.656109633272763,23.703840057550995,31.60837920899453,34,370,7375.000301887061,4.3013260290817685,46.808547963536896,0.14328358208955225
2000,fg1,13,36.87861538938886,31.60837920899453,42.14885156978319,28,290,10109.938365748238,2.656427439073991,27.512998476123478,0.13333333333333333
2000,fg1,14,49.17655776871196,42.14885156978319,56.20426396764072,24,179,9582.571093704448,1.707527272814729,12.735307576409854,0.10273972602739725
2000,fg1,15,65.57550516593678,56.20426396764072,74.94674636423284,15,73,4778.291237753022,0.8003208797318866,3.8948949480285147,0.21212121212121213
2000,fg1,16,87.44302311667127,74.94674636423284,99.93929986910972,7,17,2209.8903966007183,0.2800834255945102,0.6802026050152392,0.2
2000,fg1,17,116.60272036691177,99.93929986910972,133.26614086471383,2,2,319.55223103103845,0.060011688484480255,0.060011688484480255,0.4
2000,fg1,18,155.48632597964314,133.26614086471383,177.70651109457248,1,1,690.15773456047,0.022502062760226937,0.022502062760226937,1
2000,fg1,19,207.33647971997289,177.70651109457248,236.96644834537327,0,0,0,0,0,NA
2000,fg1,20,276.47714711774023,236.96644834537327,315.98784589010717,0,0,0,0,0,NA
2000,fg2,1,1.1667354135923118,1,1.3334708271846236,35,809,12.126118800810007,104.95670729428609,2425.999320030784,0.21138211382113822
2000,fg2,2,1.555807637068534,1.3334708271846236,1.7781444469524443,37,833,19.375166291393136,83.2070947211102,1873.2840514239135,0.18384074941451992
2000,fg2,3,2.0746240967419327,1.7781444469524443,2.371103746531421,40,1092,43.798672050801564,67.45825561451099,1841.6103782761502,0.153918791312559
2000,fg2,4,2.766450710379617,2.371103746531421,3.161797674227814,41,1185,86.61267235037488,51.85318688288066,1498.6835721027703,0.13043478260869565
2000,fg2,5,3.6889813171353985,3.161797674227814,4.216164960042983,41,1056,154.69157081066618,38.88588023508472,1001.5485250792552,0.1347785108388313
2000,fg2,6,4.9191489684291625,4.216164960042983,5.622132976815341,40,964,288.4845095144616,28.45014930839386,685.6485983322921,0.1092896174863388
2000,fg2,7,6.5595416439756224,5.622132976815341,7.496950311135904,47,822,465.41404957940216,25.06910894176946,438.4427138326489,0.09482758620689655
2000,fg2,8,8.74695742194416,7.496950311135904,9.996964532752415,46,776,858.5855617055375,18.399895329497912,310.3982342541387,0.09041095890410959
2000,fg2,9,11.66381254878856,9.996964532752415,13.330660564824704,45,756,1591.6663562502504,13.498531229923543,226.77532466271555,0.07304116865869854
2000,fg2,10,15.553353767559475,13.330660564824704,17.776046970294246,47,675,2583.8713482510307,10.572759196404581,151.842818246236,0.08623298033282904
2000,fg2,11,20.73994351392262,17.776046970294246,23.703840057550995,44,651,4376.811808685486,7.422661242105234,109.82164701387516,0.04817275747508306
2000,fg2,12,27.656109633272763,23.703840057550995,31.60837920899453,41,530,7646.565974772193,5.186893152716251,67.05008221803934,0.07539682539682539
2000,fg2,13,36.87861538938886,31.60837920899453,42.14885156978319,44,403,11430.631934411947,4.1743859756877,38.2335806409578,0.08587257617728532
2000,fg2,14,49.17655776871196,42.14885156978319,56.20426396764072,33,362,15942.871776398813,2.3478500001202525,25.755203031622163,0.07584269662921349
2000,fg2,15,65.57550516593678,56.20426396764072,74.94674636423284,29,302,19556.649643295048,1.547287034148314,16.113127045268648,0.058823529411764705
2000,fg2,16,87.44302311667127,74.94674636423284,99.93929986910972,25,184,16766.001476186364,1.0002979485518222,7.3621929013414125,0.125
2000,fg2,17,116.60272036691177,99.93929986910972,133.26614086471383,16,73,11639.648353023877,0.48009350787584204,2.1904266296835293,0.1
2000,fg2,18,155.48632597964314,133.26614086471383,177.70651109457248,8,28,7824.473975041195,0.1800165020818155,0.6300577572863543,0.15789473684210525
2000,fg2,19,207.33647971997289,177.70651109457248,236.96644834537327,4,10,3311.958511715643,0.06749922773409531,0.16874806933523825,0.1
2000,fg2,20,276.47714711774023,236.96644834537327,315.98784589010717,2,4,1841.354274258873,0.025309600464453984,0.05061920092890797,0.3333333333333333
2000,fg3,1,1.1667354135923118,1,1.3334708271846236,59,14939,235.7823316399582,176.92702086751083,44798.52143626685,0.16027463763090366
2000,fg3,2,1.555807637068534,1.3334708271846236,1.7781444469524443,58,16068,315.1105518235176,130.4327430763349,36134.36751294051,0.14627209838585703
2000,fg3,3,2.0746240967419327,1.7781444469524443,2.371103746531421,59,17384,579.153481175456,99.50092703140372,29317.35789006648,0.1512453040211493
2000,fg3,4,2.766450710379617,2.371103746531421,3.161797674227814,59,15139,963.5764506800964,74.61800063634045,19146.473078534884,0.15509887553315238
2000,fg3,5,3.6889813171353985,3.161797674227814,4.216164960042983,61,11744,1406.473088111259,57.85460230097971,11138.433597093535,0.1667764086163108
2000,fg3,6,4.9191489684291625,4.216164960042983,5.622132976815341,61,7633,1854.8052475919728,43.38647769530064,5428.999741774259,0.18146090256132266
2000,fg3,7,6.5595416439756224,5.622132976815341,7.496950311135904,57,5230,2357.954145955703,30.40296190810339,2789.6051013926444,0.13618677042801555
2000,fg3,8,8.74695742194416,7.496950311135904,9.996964532752415,52,3909,3222.1909594683616,20.799881676823727,1563.5911052827682,0.11828883146712604
2000,fg3,9,11.66381254878856,9.996964532752415,13.330660564824704,46,2559,4096.188896057661,13.798498590588512,767.6164759416522,0.10323974082073434
2000,fg3,10,15.553353767559475,13.330660564824704,17.776046970294246,38,1337,4452.35701172587,8.548188286454767,300.7612562892112,0.11973575557390587
2000,fg3,11,20.73994351392262,17.776046970294246,23.703840057550995,33,885,6204.832288429731,5.5669959315789255,149.2967090741621,0.09265944645006016
2000,fg3,12,27.656109633272763,23.703840057550995,31.60837920899453,28,657,8762.366211113787,3.542268494537927,83.11680003255064,0.1259600614439324
2000,fg3,13,36.87861538938886,31.60837920899453,42.14885156978319,20,517,12881.933796139612,1.8974481707671365,49.04903521433047,0.1145374449339207
2000,fg3,14,49.17655776871196,42.14885156978319,56.20426396764072,13,239,9243.535819639766,0.9249106061079783,17.004125758446676,0.13973799126637554
2000,fg3,15,65.57550516593678,56.20426396764072,74.94674636423284,10,84,6287.140146858889,0.5335472531545911,4.481796926498565,0.07792207792207792
2000,fg3,16,87.44302311667127,74.94674636423284,99.93929986910972,7,18,3428.5180474911353,0.2800834255945102,0.720214522957312,0.05555555555555555
2000,fg3,17,116.60272036691177,99.93929986910972,133.26614086471383,3,5,1828.7474680746036,0.09001753272672039,0.15002922121120063,0
2000,fg3,18,155.48632597964314,133.26614086471383,177.70651109457248,0,0,0,0,0,1
2000,fg3,19,207.33647971997289,177.70651109457248,236.96644834537327,0,0,0,0,0,NA
2000,fg3,20,276.47714711774023,236.96644834537327,315.98784589010717,0,0,0,0,0,NA
2000,fg4,1,1.1667354135923118,1,1.3334708271846236,36,3101,57.93944544158679,107.95547035983712,9299.164266273747,0.2901091630830301
2000,fg4,2,1.555807637068534,1.3334708271846236,1.7781444469524443,35,2767,65.46677324188005,78.70941392537452,6222.541380900322,0.3056392595781317
2000,fg4,3,2.0746240967419327,1.7781444469524443,2.371103746531421,33,2460,95.45438551142078,55.65306088197157,4148.682720292426,0.31320224719101125
2000,fg4,4,2.766450710379617,2.371103746531421,3.161797674227814,27,1522,107.5532700866299,34.1472206301897,1924.8914740425455,0.28177196804647786
2000,fg4,5,3.6889813171353985,3.161797674227814,4.216164960042983,23,760,102.27520267234306,21.814030375779232,720.8114385040095,0.3081081081081081
2000,fg4,6,4.9191489684291625,4.216164960042983,5.622132976815341,17,368,95.98555126033895,12.091313456067391,261.74137363722355,0.286783042394015
2000,fg4,7,6.5595416439756224,5.622132976815341,7.496950311135904,12,193,90.8463943791504,6.400623559600714,102.94336225024482,0.2832369942196532
2000,fg4,8,8.74695742194416,7.496950311135904,9.996964532752415,13,126,110.96561349270611,5.199970419205932,50.399713293842105,0.21875
2000,fg4,9,11.66381254878856,9.996964532752415,13.330660564824704,8,74,109.9279538096754,2.3997388853197412,22.197584689207606,0.2222222222222222
2000,fg4,10,15.553353767559475,13.330660564824704,17.776046970294246,8,48,118.99486683165365,1.7996185866220564,10.797711519732339,0.21153846153846154
2000,fg4,11,20.73994351392262,17.776046970294246,23.703840057550995,6,17,62.49292057423319,1.0121810784688956,2.867846388995204,0.2857142857142857
2000,fg4,12,27.656109633272763,23.703840057550995,31.60837920899453,1,2,17.244696486612852,0.12650958909064025,0.2530191781812805,0
2000,fg4,13,36.87861538938886,31.60837920899453,42.14885156978319,0,0,0,0,0,NA
2000,fg4,14,49.17655776871196,42.14885156978319,56.20426396764072,0,0,0,0,0,NA
2000,fg4,15,65.57550516593678,56.20426396764072,74.94674636423284,0,0,0,0,0,NA
2000,fg4,16,87.44302311667127,74.94674636423284,99.93929986910972,0,0,0,0,0,NA
2000,fg4,17,116.60272036691177,99.93929986910972,133.26614086471383,0,0,0,0,0,NA
2000,fg4,18,155.48632597964314,133.26614086471383,177.70651109457248,0,0,0,0,0,NA
2000,fg4,19,207.33647971997289,177.70651109457248,236.96644834537327,0,0,0,0,0,NA
2000,fg4,20,276.47714711774023,236.96644834537327,315.98784589010717,0,0,0,0,0,NA
2000,fg5,1,1.1667354135923118,1,1.3334708271846236,37,1538,25.369532451641,110.95423342538814,4612.0975948174855,0.28408370323398857
2000,fg5,2,1.555807637068534,1.3334708271846236,1.7781444469524443,41,1511,33.323695660836385,92.20245631258157,3397.9978411783113,0.26063470627954083
2000,fg5,3,2.0746240967419327,1.7781444469524443,2.371103746531421,43,1809,66.55746559562193,72.51762478559932,3050.7996101662598,0.25603593486805165
2000,fg5,4,2.766450710379617,2.371103746531421,3.161797674227814,40,1673,119.71984125019509,50.588475007688444,2115.862967196569,0.23035392921415718
2000,fg5,5,3.6889813171353985,3.161797674227814,4.216164960042983,38,1383,194.27208276211434,36.040571925200474,1311.6871308566383,0.21409395973154363
2000,fg5,6,4.9191489684291625,4.216164960042983,5.622132976815341,41,1193,358.9932859319571,29.16140304110371,848.525703122847,0.21134421134421136
2000,fg5,7,6.5595416439756224,5.622132976815341,7.496950311135904,41,993,525.5219212307474,21.868797161969106,529.651599556959,0.19860279441117765
2000,fg5,8,8.74695742194416,7.496950311135904,9.996964532752415,39,849,793.8928918094803,15.599911257617794,339.59806814660277,0.1375722543352601
2000,fg5,9,11.66381254878856,9.996964532752415,13.330660564824704,40,715,1291.9440529352812,11.998694426598705,214.47666287545186,0.19630156472261737
2000,fg5,10,15.553353767559475,13.330660564824704,17.776046970294246,32,422,1385.1426469989883,7.198474346488226,94.92988044431347,0.20863309352517986
2000,fg5,11,20.73994351392262,17.776046970294246,23.703840057550995,29,261,1837.7212250291168,4.892208545932995,44.029876913396954,0.2066420664206642
2000,fg5,12,27.656109633272763,23.703840057550995,31.60837920899453,25,129,1894.4358411536512,3.1627397272660063,16.319736992692594,0.15254237288135594
2000,fg5,13,36.87861538938886,31.60837920899453,42.14885156978319,13,58,1940.0146686520866,1.2333413109986386,5.502599695224696,0.0784313725490196
2000,fg5,14,49.17655776871196,42.14885156978319,56.20426396764072,12,60,3723.297281111654,0.8537636364073645,4.2688181820368225,0.08928571428571429
2000,fg5,15,65.57550516593678,56.20426396764072,74.94674636423284,5,43,4516.07413605184,0.26677362657729553,2.2942531885647415,0.10810810810810811
2000,fg5,16,87.44302311667127,74.94674636423284,99.93929986910972,5,8,2122.9368962908516,0.20005958971036447,0.32009534353658314,0.3
2000,fg5,17,116.60272036691177,99.93929986910972,133.26614086471383,2,4,1962.397062051779,0.060011688484480255,0.12002337696896051,0.5
2000,fg5,18,155.48632597964314,133.26614086471383,177.70651109457248,0,0,0,0,0,NA
2000,fg5,19,207.33647971997289,177.70651109457248,236.96644834537327,0,0,0,0,0,NA
2000,fg5,20,276.47714711774023,236.96644834537327,315.98784589010717,0,0,0,0,0,NA
2000,unclassified,1,1.1667354135923118,1,1.3334708271846236,3,245,4.696325874145734,8.996289196653093,734.6969510600026,0.0872093023255814
2000,unclassified,2,1.555807637068534,1.3334708271846236,1.7781444469524443,5,196,4.4947060231692175,11.244201989339217,440.7727179820973,0.10588235294117647
2000,unclassified,3,2.0746240967419327,1.7781444469524443,2.371103746531421,1,215,8.031586528651653,1.686456390362775,362.5881239279966,0.09137055837563451
2000,unclassified,4,2.766450710379617,2.371103746531421,3.161797674227814,4,296,18.97116326912633,5.058847500768845,374.3547150568945,0.08520179372197309
2000,unclassified,5,3.6889813171353985,3.161797674227814,4.216164960042983,5,287,34.49126159254749,4.742180516473747,272.20116164559306,0.14675767918088736
2000,unclassified,6,4.9191489684291625,4.216164960042983,5.622132976815341,5,304,97.12589580841552,3.5562686635492327,216.22113474379336,0.20363636363636364
2000,unclassified,7,6.5595416439756224,5.622132976815341,7.496950311135904,4,354,201.0673013457251,2.1335411865335714,188.81839500822105,0.17886178861788618
2000,unclassified,8,8.74695742194416,7.496950311135904,9.996964532752415,5,438,419.2642368783817,1.9999886227715122,175.19900335478445,0.14285714285714285
2000,unclassified,9,11.66381254878856,9.996964532752415,13.330660564824704,4,569,587.9300758395597,1.1998694426598706,170.6814282183666,0.18250950570342206
2000,unclassified,10,15.553353767559475,13.330660564824704,17.776046970294246,4,110,159.89470816010507,0.8998092933110282,24.744755566053275,0.39285714285714285
2000,unclassified,11,20.73994351392262,17.776046970294246,23.703840057550995,2,13,54.42039963130929,0.33739369282296516,2.1930590033492736,0
2000,unclassified,12,27.656109633272763,23.703840057550995,31.60837920899453,2,5,19.72887012514164,0.2530191781812805,0.6325479454532013,NA
2000,unclassified,13,36.87861538938886,31.60837920899453,42.14885156978319,2,17,312.5232061982459,0.18974481707671365,1.612830945152066,0.2222222222222222
2000,unclassified,14,49.17655776871196,42.14885156978319,56.20426396764072,2,2,113.20185321699034,0.14229393940122742,0.14229393940122742,0.14285714285714285
2000,unclassified,15,65.57550516593678,56.20426396764072,74.94674636423284,2,6,841.813081346912,0.1067094506309182,0.3201283518927546,0.3333333333333333
2000,unclassified,16,87.44302311667127,74.94674636423284,99.93929986910972,1,1,116.68751088137931,0.04001191794207289,0.04001191794207289,0
2000,unclassified,17,116.60272036691177,99.93929986910972,133.26614086471383,0,0,0,0,0,NA
2000,unclassified,18,155.48632597964314,133.26614086471383,177.70651109457248,2,2,377.8900326932077,0.04500412552045387,0.04500412552045387,0
2000,unclassified,19,207.33647971997289,177.70651109457248,236.96644834537327,0,0,0,0,0,0
2000,unclassified,20,276.47714711774023,236.96644834537327,315.98784589010717,0,0,0,0,0,NA
2005,fg1,1,1.1667354135923118,1,1.3334708271846236,43,1483,23.65348673031867,128.94681181869433,4447.165626212179,0.576530612244898
2005,fg1,2,1.555807637068534,1.3334708271846236,1.7781444469524443,42,1051,33.68897819039045,94.45129671044941,2363.5312581591033,0.5321100917431193
2005,fg1,3,2.0746240967419327,1.7781444469524443,2.371103746531421,45,925,57.92341717607313,75.89053756632487,1559.9721610855668,0.5328947368421053
2005,fg1,4,2.766450710379617,2.371103746531421,3.161797674227814,44,821,101.76871683207757,55.64732250845729,1038.3284495328053,0.44850948509485095
2005,fg1,5,3.6889813171353985,3.161797674227814,4.216164960042983,44,711,175.37158544920842,41.731188544968965,674.3380694425667,0.47058823529411764
2005,fg1,6,4.9191489684291625,4.216164960042983,5.622132976815341,44,598,292.5303470024314,31.295164239233248,425.3297321604883,0.39628482972136225
2005,fg1,7,6.5595416439756224,5.622132976815341,7.496950311135904,43,560,503.10346846309807,22.93556775523589,298.69576611469995,0.2970639032815199
2005,fg1,8,8.74695742194416,7.496950311135904,9.996964532752415,44,554,913.6871881883557,17.599899880389305,221.59873940308356,0.25042301184433163
2005,fg1,9,11.66381254878856,9.996964532752415,13.330660564824704,40,578,1426.9972847494125,11.998694426598705,173.3811344643513,0.2134453781512605
2005,fg1,10,15.553353767559475,13.330660564824704,17.776046970294246,33,431,2171.7407125971795,7.423426669815982,96.95445135426328,0.22748815165876776
2005,fg1,11,20.73994351392262,17.776046970294246,23.703840057550995,31,390,4195.940508987431,5.229602238755961,65.79177010047822,0.17176470588235293
2005,fg1,12,27.656109633272763,23.703840057550995,31.60837920899453,29,368,7081.76661134676,3.6687780836285673,46.55552878535561,0.16756756756756758
2005,fg1,13,36.87861538938886,31.60837920899453,42.14885156978319,26,274,8401.39660063579,2.4666826219972773,25.99503993950977,0.19655172413793104
2005,fg1,14,49.17655776871196,42.14885156978319,56.20426396764072,25,199,10549.116653456274,1.7786742425153428,14.158246970422129,0.25139664804469275
2005,fg1,15,65.57550516593678,56.20426396764072,74.94674636423284,17,70,4173.245746246385,0.9070303303628048,3.7348307720821374,0.1780821917808219
2005,fg1,16,87.44302311667127,74.94674636423284,99.93929986910972,9,21,2074.5242664479283,0.360107261478656,0.8402502767835307,0.17647058823529413
2005,fg1,17,116.60272036691177,99.93929986910972,133.26614086471383,2,2,339.8162273351475,0.060011688484480255,0.060011688484480255,0
2005,fg1,18,155.48632597964314,133.26614086471383,177.70651109457248,0,0,0,0,0,1
2005,fg1,19,207.33647971997289,177.70651109457248,236.96644834537327,0,0,0,0,0,NA
2005,fg1,20,276.47714711774023,236.96644834537327,315.98784589010717,0,0,0,0,0,NA
2005,fg2,1,1.1667354135923118,1,1.3334708271846236,41,844,14.9886394994628,122.94928568759227,2530.95602732507,0.2978986402966625
2005,fg2,2,1.555807637068534,1.3334708271846236,1.7781444469524443,37,709,19.30562380941352,83.2070947211102,1594.4278420883008,0.2689075630252101
2005,fg2,3,2.0746240967419327,1.7781444469524443,2.371103746531421,38,957,44.93657633983725,64.08534283378545,1613.9387655771754,0.21336996336996336
2005,fg2,4,2.766450710379617,2.371103746531421,3.161797674227814,40,998,83.43616514166622,50.588475007688444,1262.1824514418267,0.18734177215189873
2005,fg2,5,3.6889813171353985,3.161797674227814,4.216164960042983,42,1018,165.09864231542605,39.83431633837947,965.5079531540548,0.16382575757575757
2005,fg2,6,4.9191489684291625,4.216164960042983,5.622132976815341,45,932,319.53774983990814,32.006417971943094,662.888478885577,0.11929460580912864
2005,fg2,7,6.5595416439756224,5.622132976815341,7.496950311135904,43,784,517.4138369596969,22.93556775523589,418.17407256057993,0.14233576642335766
2005,fg2,8,8.74695742194416,7.496950311135904,9.996964532752415,45,759,901.0986804611465,17.99989760494361,303.59827293671555,0.10051546391752578
2005,fg2,9,11.66381254878856,9.996964532752415,13.330660564824704,45,724,1658.2627223592042,13.498531229923543,217.17636912143658,0.1164021164021164
2005,fg2,10,15.553353767559475,13.330660564824704,17.776046970294246,45,684,2756.6397219239675,10.122854549749068,153.86738915618582,0.09333333333333334
2005,fg2,11,20.73994351392262,17.776046970294246,23.703840057550995,46,653,4816.496025211077,7.760054934928199,110.15904070669814,0.10291858678955453
2005,fg2,12,27.656109633272763,23.703840057550995,31.60837920899453,38,491,6445.71802691163,4.8073643854443295,62.11620824350437,0.12075471698113208
2005,fg2,13,36.87861538938886,31.60837920899453,42.14885156978319,43,383,10471.27010663085,4.079513567149343,36.33613247019066,0.11166253101736973
2005,fg2,14,49.17655776871196,42.14885156978319,56.20426396764072,37,387,17258.06462195758,2.6324378789227074,27.533877274137506,0.07734806629834254
2005,fg2,15,65.57550516593678,56.20426396764072,74.94674636423284,30,312,21044.247081475078,1.6006417594637732,16.64667429842324,0.10264900662251655
2005,fg2,16,87.44302311667127,74.94674636423284,99.93929986910972,22,176,16938.91895894367,0.8802621947256036,7.042097557804829,0.10869565217391304
2005,fg2,17,116.60272036691177,99.93929986910972,133.26614086471383,15,74,13471.535675082276,0.4500876636336019,2.2204324739257695,0.1506849315068493
2005,fg2,18,155.48632597964314,133.26614086471383,177.70651109457248,9,28,4536.164793125192,0.20251856484204245,0.6300577572863543,0.03571428571428571
2005,fg2,19,207.33647971997289,177.70651109457248,236.96644834537327,5,13,6582.975894268745,0.08437403466761913,0.21937249013580973,0.1
2005,fg2,20,276.47714711774023,236.96644834537327,315.98784589010717,3,4,1898.86831346563,0.03796440069668097,0.05061920092890797,0
2005,fg3,1,1.1667354135923118,1,1.3334708271846236,57,12768,222.58808264590135,170.92949473640877,38288.206820955565,0.2449963183613361
2005,fg3,2,1.555807637068534,1.3334708271846236,1.7781444469524443,57,12953,282.07480799862503,128.18390267846706,29129.229673582173,0.23680607418471497
2005,fg3,3,2.0746240967419327,1.7781444469524443,2.371103746531421,59,14695,538.2481712000117,99.50092703140372,24782.476656380975,0.2233087896916705
2005,fg3,4,2.766450710379617,2.371103746531421,3.161797674227814,58,13721,905.9551540361781,73.35328876114825,17353.111639512328,0.21989563379351343
2005,fg3,5,3.6889813171353985,3.161797674227814,4.216164960042983,60,10789,1400.9571961216864,56.90616619768496,10232.67711844705,0.21611035422343325
2005,fg3,6,4.9191489684291625,4.216164960042983,5.622132976815341,61,7486,1943.9206737275458,43.38647769530064,5324.445443065912,0.2026726057906459
2005,fg3,7,6.5595416439756224,5.622132976815341,7.496950311135904,59,5294,2601.2482809418684,31.469732501370174,2823.7417603771814,0.17629063097514341
2005,fg3,8,8.74695742194416,7.496950311135904,9.996964532752415,56,4037,3671.5290306101215,22.399872575040938,1614.7908140257189,0.14377078536710156
2005,fg3,9,11.66381254878856,9.996964532752415,13.330660564824704,46,2569,4219.668698492869,13.798498590588512,770.6161495483019,0.1531848378272763
2005,fg3,10,15.553353767559475,13.330660564824704,17.776046970294246,36,1345,4425.079301902835,8.098283639799254,302.56087487583324,0.14734480179506357
2005,fg3,11,20.73994351392262,17.776046970294246,23.703840057550995,30,843,6130.435884718265,5.060905392344478,142.21144152487983,0.1367231638418079
2005,fg3,12,27.656109633272763,23.703840057550995,31.60837920899453,27,634,7660.469825651746,3.4157589054472868,80.20707948346592,0.1202435312024353
2005,fg3,13,36.87861538938886,31.60837920899453,42.14885156978319,19,510,11244.760039176394,1.8025757622287795,48.38492835456198,0.14313346228239845
2005,fg3,14,49.17655776871196,42.14885156978319,56.20426396764072,13,226,7946.4624436181275,0.9249106061079783,16.079215152338698,0.18410041841004185
2005,fg3,15,65.57550516593678,56.20426396764072,74.94674636423284,12,91,4186.3292051282715,0.6402567037855093,4.8552800037067785,0.15476190476190477
2005,fg3,16,87.44302311667127,74.94674636423284,99.93929986910972,8,23,3204.9070380771404,0.32009534353658314,0.9202741126676766,0.05555555555555555
2005,fg3,17,116.60272036691177,99.93929986910972,133.26614086471383,2,3,1184.0988510563557,0.060011688484480255,0.09001753272672039,0.2
2005,fg3,18,155.48632597964314,133.26614086471383,177.70651109457248,0,0,0,0,0,NA
2005,fg3,19,207.33647971997289,177.70651109457248,236.96644834537327,0,0,0,0,0,NA
2005,fg3,20,276.47714711774023,236.96644834537327,315.98784589010717,0,0,0,0,0,NA
2005,fg4,1,1.1667354135923118,1,1.3334708271846236,39,2617,57.398732127491606,116.9517595564902,7847.762942547048,0.3705256368913254
2005,fg4,2,1.555807637068534,1.3334708271846236,1.7781444469524443,38,2238,59.637756815124405,85.45593511897805,5032.904810428233,0.3671846765449946
2005,fg4,3,2.0746240967419327,1.7781444469524443,2.371103746531421,29,1950,86.72634446217039,48.90723532052047,3288.589961207411,0.38089430894308945
2005,fg4,4,2.766450710379617,2.371103746531421,3.161797674227814,25,1308,97.53427639627205,31.61779687980528,1654.2431327514123,0.3311432325886991
2005,fg4,5,3.6889813171353985,3.161797674227814,4.216164960042983,24,729,105.53266503237836,22.762466479073982,691.4099193018723,0.3105263157894737
2005,fg4,6,4.9191489684291625,4.216164960042983,5.622132976815341,16,327,97.83359330671537,11.380059723357546,232.57997059611984,0.28532608695652173
2005,fg4,7,6.5595416439756224,5.622132976815341,7.496950311135904,12,193,97.29843847063826,6.400623559600714,102.94336225024482,0.22797927461139897
2005,fg4,8,8.74695742194416,7.496950311135904,9.996964532752415,12,116,104.23024223364703,4.799972694651629,46.39973604829908,0.2222222222222222
2005,fg4,9,11.66381254878856,9.996964532752415,13.330660564824704,8,71,104.59896068887966,2.3997388853197412,21.297682607212703,0.21621621621621623
2005,fg4,10,15.553353767559475,13.330660564824704,17.776046970294246,8,43,114.22951882122376,1.7996185866220564,9.672949903093553,0.25
2005,fg4,11,20.73994351392262,17.776046970294246,23.703840057550995,7,18,64.61598040267083,1.1808779248803782,3.0365432354066866,0.29411764705882354
2005,fg4,12,27.656109633272763,23.703840057550995,31.60837920899453,0,0,0,0,0,1
2005,fg4,13,36.87861538938886,31.60837920899453,42.14885156978319,0,0,0,0,0,NA
2005,fg4,14,49.17655776871196,42.14885156978319,56.20426396764072,0,0,0,0,0,NA
2005,fg4,15,65.57550516593678,56.20426396764072,74.94674636423284,0,0,0,0,0,NA
2005,fg4,16,87.44302311667127,74.94674636423284,99.93929986910972,0,0,0,0,0,NA
2005,fg4,17,116.60272036691177,99.93929986910972,133.26614086471383,0,0,0,0,0,NA
2005,fg4,18,155.48632597964314,133.26614086471383,177.70651109457248,0,0,0,0,0,NA
2005,fg4,19,207.33647971997289,177.70651109457248,236.96644834537327,0,0,0,0,0,NA
2005,fg4,20,276.47714711774023,236.96644834537327,315.98784589010717,0,0,0,0,0,NA
2005,fg5,1,1.1667354135923118,1,1.3334708271846236,40,1618,28.079756311028152,119.95052262204123,4851.998640061568,0.28998699609882966
2005,fg5,2,1.555807637068534,1.3334708271846236,1.7781444469524443,39,1452,37.87428198936773,87.70477551684588,3265.3162577041085,0.32362673726009267
2005,fg5,3,2.0746240967419327,1.7781444469524443,2.371103746531421,40,1491,65.70598445256344,67.45825561451099,2514.506478030897,0.3101160862354892
2005,fg5,4,2.766450710379617,2.371103746531421,3.161797674227814,40,1401,114.84929225397289,50.588475007688444,1771.861337144288,0.27256425582785415
2005,fg5,5,3.6889813171353985,3.161797674227814,4.216164960042983,37,1224,193.81994461544608,35.09213582190572,1160.885790432773,0.24367317425885757
2005,fg5,6,4.9191489684291625,4.216164960042983,5.622132976815341,42,1121,333.58421844353495,29.872656773813556,797.315434367738,0.20536462699077954
2005,fg5,7,6.5595416439756224,5.622132976815341,7.496950311135904,42,940,534.7157300581024,22.402182458602496,501.38217883538925,0.21852970795568982
2005,fg5,8,8.74695742194416,7.496950311135904,9.996964532752415,39,810,833.2905093866391,15.599911257617794,323.99815688898497,0.21201413427561838
2005,fg5,9,11.66381254878856,9.996964532752415,13.330660564824704,40,683,1322.0885527711541,11.998694426598705,204.8777073341729,0.2
2005,fg5,10,15.553353767559475,13.330660564824704,17.776046970294246,34,407,1453.9241588321,7.64837899314374,91.55559559439712,0.24644549763033174
2005,fg5,11,20.73994351392262,17.776046970294246,23.703840057550995,28,238,1624.483057875985,4.723511699521513,40.14984944593286,0.22988505747126436
2005,fg5,12,27.656109633272763,23.703840057550995,31.60837920899453,24,116,1672.832125286957,3.036230138175366,14.675112334514269,0.21705426356589147
2005,fg5,13,36.87861538938886,31.60837920899453,42.14885156978319,11,55,2090.4982074873196,1.043596493921925,5.217982469609625,0.3275862068965517
2005,fg5,14,49.17655776871196,42.14885156978319,56.20426396764072,10,39,2777.927911144531,0.711469697006137,2.7747318183239345,0.18333333333333332
2005,fg5,15,65.57550516593678,56.20426396764072,74.94674636423284,8,47,4481.892442582601,0.4268378025236728,2.507672089826578,0.23255813953488372
2005,fg5,16,87.44302311667127,74.94674636423284,99.93929986910972,5,11,2189.137643729198,0.20005958971036447,0.4401310973628018,0.125
2005,fg5,17,116.60272036691177,99.93929986910972,133.26614086471383,1,1,419.09834960977565,0.030005844242240128,0.030005844242240128,0.75
2005,fg5,18,155.48632597964314,133.26614086471383,177.70651109457248,0,0,0,0,0,NA
2005,fg5,19,207.33647971997289,177.70651109457248,236.96644834537327,0,0,0,0,0,NA
2005,fg5,20,276.47714711774023,236.96644834537327,315.98784589010717,0,0,0,0,0,NA
2005,unclassified,1,1.1667354135923118,1,1.3334708271846236,5,206,4.044839775581508,14.993815327755154,617.7451915035124,0.17551020408163265
2005,unclassified,2,1.555807637068534,1.3334708271846236,1.7781444469524443,2,188,4.773289018441581,4.497680795735686,422.7819947991545,0.15306122448979592
2005,unclassified,3,2.0746240967419327,1.7781444469524443,2.371103746531421,2,200,9.100915908285971,3.37291278072555,337.291278072555,0.16279069767441862
2005,unclassified,4,2.766450710379617,2.371103746531421,3.161797674227814,4,264,19.44339069615655,5.058847500768845,333.88393505074373,0.1554054054054054
2005,unclassified,5,3.6889813171353985,3.161797674227814,4.216164960042983,6,269,38.40013888211866,5.6906166197684955,255.12931178628756,0.30662020905923343
2005,unclassified,6,4.9191489684291625,4.216164960042983,5.622132976815341,6,273,102.52051924168094,4.267522396259079,194.1722690297881,0.32894736842105265
2005,unclassified,7,6.5595416439756224,5.622132976815341,7.496950311135904,5,326,200.9377611335026,2.666926483166964,173.88360670248605,0.2344632768361582
2005,unclassified,8,8.74695742194416,7.496950311135904,9.996964532752415,4,466,470.02343952989247,1.5999908982172097,186.39893964230492,0.23972602739726026
2005,unclassified,9,11.66381254878856,9.996964532752415,13.330660564824704,4,547,542.6553611016022,1.1998694426598706,164.0821462837373,0.351493848857645
2005,unclassified,10,15.553353767559475,13.330660564824704,17.776046970294246,5,106,159.26573951836392,1.1247616166387853,23.84494627274225,0.3181818181818182
2005,unclassified,11,20.73994351392262,17.776046970294246,23.703840057550995,5,18,112.92094906496285,0.843484232057413,3.0365432354066866,0.38461538461538464
2005,unclassified,12,27.656109633272763,23.703840057550995,31.60837920899453,3,5,46.86132004803046,0.37952876727192075,0.6325479454532013,0.4
2005,unclassified,13,36.87861538938886,31.60837920899453,42.14885156978319,3,22,461.04239991217605,0.28461722561507047,2.08719298784385,0.23529411764705882
2005,unclassified,14,49.17655776871196,42.14885156978319,56.20426396764072,2,3,160.8409593190136,0.14229393940122742,0.21344090910184113,0
2005,unclassified,15,65.57550516593678,56.20426396764072,74.94674636423284,2,2,124.43408176172984,0.1067094506309182,0.1067094506309182,0.3333333333333333
2005,unclassified,16,87.44302311667127,74.94674636423284,99.93929986910972,1,3,768.0050937563796,0.04001191794207289,0.12003575382621867,0
2005,unclassified,17,116.60272036691177,99.93929986910972,133.26614086471383,0,0,0,0,0,NA
2005,unclassified,18,155.48632597964314,133.26614086471383,177.70651109457248,2,3,1154.5636835590121,0.04500412552045387,0.0675061882806808,0
2005,unclassified,19,207.33647971997289,177.70651109457248,236.96644834537327,0,0,0,0,0,NA
2005,unclassified,20,276.47714711774023,236.96644834537327,315.98784589010717,0,0,0,0,0,NA
2010,fg1,1,1.1667354135923118,1,1.3334708271846236,42,1729,29.93863637487717,125.9480487531433,5184.861340337732,0.5670937289278489
2010,fg1,2,1.555807637068534,1.3334708271846236,1.7781444469524443,43,1464,49.15807752434511,96.70013710831726,3292.3023424785224,0.55375832540437675
2010,fg1,3,2.0746240967419327,1.7781444469524443,2.371103746531421,43,1294,83.9101260880646,72.51762478559932,2182.274569129431,0.49513513513513513
2010,fg1,4,2.766450710379617,2.371103746531421,3.161797674227814,43,1058,141.97425467647577,54.38261063326508,1338.0651639533594,0.4701583434835566
2010,fg1,5,3.6889813171353985,3.161797674227814,4.216164960042983,44,889,234.62093004562794,41.731188544968965,843.1596958290321,0.459915611814346
2010,fg1,6,4.9191489684291625,4.216164960042983,5.622132976815341,47,757,407.40423344550453,33.428925437362786,538.4190756613539,0.41471571906354515
2010,fg1,7,6.5595416439756224,5.622132976815341,7.496950311135904,43,562,549.3784563013564,22.93556775523589,299.7625367079668,0.3125
2010,fg1,8,8.74695742194416,7.496950311135904,9.996964532752415,41,562,1009.1610402681396,16.399906706726398,224.79872119951796,0.3140794223826715
2010,fg1,9,11.66381254878856,9.996964532752415,13.330660564824704,38,510,1408.1778005756996,11.39875970526877,152.9833539391335,0.3044982698961938
2010,fg1,10,15.553353767559475,13.330660564824704,17.776046970294246,36,464,2770.6531429854635,8.098283639799254,104.37787802407927,0.2505800464037123
2010,fg1,11,20.73994351392262,17.776046970294246,23.703840057550995,33,383,4437.224101896821,5.5669959315789255,64.61089217559784,0.26153846153846155
2010,fg1,12,27.656109633272763,23.703840057550995,31.60837920899453,30,358,6758.686305113319,3.7952876727192075,45.29043289444921,0.15489130434782608
2010,fg1,13,36.87861538938886,31.60837920899453,42.14885156978319,24,285,8514.099294822789,2.2769378049205637,27.038636433431694,0.22627737226277372
2010,fg1,14,49.17655776871196,42.14885156978319,56.20426396764072,24,183,8588.276535193145,1.707527272814729,13.019895455212309,0.23115577889447236
2010,fg1,15,65.57550516593678,56.20426396764072,74.94674636423284,15,75,4377.34079287489,0.8003208797318866,4.001604398659433,0.3142857142857143
2010,fg1,16,87.44302311667127,74.94674636423284,99.93929986910972,9,18,1493.8557397898585,0.360107261478656,0.720214522957312,0.3333333333333333
2010,fg1,17,116.60272036691177,99.93929986910972,133.26614086471383,2,3,639.9436176234074,0.060011688484480255,0.09001753272672039,0.5
2010,fg1,18,155.48632597964314,133.26614086471383,177.70651109457248,1,1,127.93416060056687,0.022502062760226937,0.022502062760226937,NA
2010,fg1,19,207.33647971997289,177.70651109457248,236.96644834537327,0,0,0,0,0,NA
2010,fg1,20,276.47714711774023,236.96644834537327,315.98784589010717,0,0,0,0,0,NA
2010,fg2,1,1.1667354135923118,1,1.3334708271846236,41,907,17.132046082277252,122.94928568759227,2719.878100454785,0.31516587677725116
2010,fg2,2,1.555807637068534,1.3334708271846236,1.7781444469524443,43,902,28.183113224111356,96.70013710831726,2028.4540388767946,0.32722143864598024
2010,fg2,3,2.0746240967419327,1.7781444469524443,2.371103746531421,44,1000,50.812985393536465,74.20408117596209,1686.4563903627748,0.27899686520376177
2010,fg2,4,2.766450710379617,2.371103746531421,3.161797674227814,40,1076,96.66240509736716,50.588475007688444,1360.8299777068191,0.2895791583166333
2010,fg2,5,3.6889813171353985,3.161797674227814,4.216164960042983,44,1063,196.05699247633905,41.731188544968965,1008.1875778023185,0.25736738703339884
2010,fg2,6,4.9191489684291625,4.216164960042983,5.622132976815341,43,985,342.06771647554615,30.583910506523402,700.5849267191988,0.2478540772532189
2010,fg2,7,6.5595416439756224,5.622132976815341,7.496950311135904,44,773,522.9322353000447,23.468953051869285,412.3068342976126,0.20790816326530612
2010,fg2,8,8.74695742194416,7.496950311135904,9.996964532752415,45,806,1081.855522661314,17.99989760494361,322.3981659907678,0.20421607378129117
2010,fg2,9,11.66381254878856,9.996964532752415,13.330660564824704,46,710,1845.6561666437321,13.798498590588512,212.97682607212704,0.18646408839779005
2010,fg2,10,15.553353767559475,13.330660564824704,17.776046970294246,43,636,2775.4268156297153,9.672949903093553,143.0696776364535,0.20614035087719298
2010,fg2,11,20.73994351392262,17.776046970294246,23.703840057550995,44,597,4431.188868087317,7.422661242105234,100.7120173076551,0.20520673813169985
2010,fg2,12,27.656109633272763,23.703840057550995,31.60837920899453,42,496,6814.8478159522365,5.3134027418068905,62.748756188957564,0.1934826883910387
2010,fg2,13,36.87861538938886,31.60837920899453,42.14885156978319,40,385,9822.510227169909,3.794896341534273,36.52587728726738,0.15404699738903394
2010,fg2,14,49.17655776871196,42.14885156978319,56.20426396764072,34,364,16780.598619368728,2.418996969820866,25.89749697102339,0.12919896640826872
2010,fg2,15,65.57550516593678,56.20426396764072,74.94674636423284,28,311,20636.652528808725,1.4939323088328549,16.59331957310778,0.16025641025641027
2010,fg2,16,87.44302311667127,74.94674636423284,99.93929986910972,26,193,19295.5277852417,1.0403098664938952,7.722300162820068,0.2215909090909091
2010,fg2,17,116.60272036691177,99.93929986910972,133.26614086471383,17,82,12749.953928846315,0.5100993521180822,2.4604792278636904,0.17567567567567569
2010,fg2,18,155.48632597964314,133.26614086471383,177.70651109457248,8,24,4115.078361282806,0.1800165020818155,0.5400495062454465,0.2857142857142857
2010,fg2,19,207.33647971997289,177.70651109457248,236.96644834537327,6,20,6663.136250777653,0.10124884160114296,0.3374961386704765,0.07692307692307693
2010,fg2,20,276.47714711774023,236.96644834537327,315.98784589010717,3,6,3740.8244371719898,0.03796440069668097,0.07592880139336194,0.25
2010,fg3,1,1.1667354135923118,1,1.3334708271846236,60,13397,235.18377066472786,179.92578393306187,40174.428789187165,0.28148496240601506
2010,fg3,2,1.555807637068534,1.3334708271846236,1.7781444469524443,59,13365,305.9473676265298,132.68158347420277,30055.751917503727,0.32177873851617383
2010,fg3,3,2.0746240967419327,1.7781444469524443,2.371103746531421,60,15593,571.1854990385258,101.1873834217665,26296.914494926747,0.31527730520585234
2010,fg3,4,2.766450710379617,2.371103746531421,3.161797674227814,59,14358,971.5289056033434,74.61800063634045,18158.733104009767,0.3294220537861672
2010,fg3,5,3.6889813171353985,3.161797674227814,4.216164960042983,60,11427,1515.0128501682036,56.90616619768496,10837.7793523491,0.3182871443136528
2010,fg3,6,4.9191489684291625,4.216164960042983,5.622132976815341,60,7927,2113.814545387435,42.67522396259079,5638.108339190954,0.30456852791878175
2010,fg3,7,6.5595416439756224,5.622132976815341,7.496950311135904,60,5078,2569.0376596824462,32.003117798003565,2708.5305363043685,0.2944843218738194
2010,fg3,8,8.74695742194416,7.496950311135904,9.996964532752415,54,3950,3614.13715970853,21.59987712593233,1579.9910119894946,0.24919494674263068
2010,fg3,9,11.66381254878856,9.996964532752415,13.330660564824704,47,2625,4591.379519141016,14.098465951253479,787.4143217455401,0.2537952510704554
2010,fg3,10,15.553353767559475,13.330660564824704,17.776046970294246,38,1261,4351.201214807067,8.548188286454767,283.66487971630164,0.24460966542750928
2010,fg3,11,20.73994351392262,17.776046970294246,23.703840057550995,31,824,6224.958598165997,5.229602238755961,139.00620144306166,0.18149466192170818
2010,fg3,12,27.656109633272763,23.703840057550995,31.60837920899453,25,616,7798.65312809571,3.1627397272660063,77.92990687983439,0.2082018927444795
2010,fg3,13,36.87861538938886,31.60837920899453,42.14885156978319,20,453,10370.587475570086,1.8974481707671365,42.97720106787564,0.26666666666666666
2010,fg3,14,49.17655776871196,42.14885156978319,56.20426396764072,13,228,9127.284930060689,0.9249106061079783,16.221509091739925,0.2610619469026549
2010,fg3,15,65.57550516593678,56.20426396764072,74.94674636423284,11,98,6199.549647547789,0.5869019784700501,5.228763080914992,0.21978021978021978
2010,fg3,16,87.44302311667127,74.94674636423284,99.93929986910972,8,23,3052.807283573885,0.32009534353658314,0.9202741126676766,0.17391304347826086
2010,fg3,17,116.60272036691177,99.93929986910972,133.26614086471383,2,4,1608.8473180026872,0.060011688484480255,0.12002337696896051,0.3333333333333333
2010,fg3,18,155.48632597964314,133.26614086471383,177.70651109457248,0,0,0,0,0,NA
2010,fg3,19,207.33647971997289,177.70651109457248,236.96644834537327,0,0,0,0,0,NA
2010,fg3,20,276.47714711774023,236.96644834537327,315.98784589010717,0,0,0,0,0,NA
2010,fg4,1,1.1667354135923118,1,1.3334708271846236,37,3046,67.64223762889858,110.95423342538814,9134.23229766844,0.3343523118074131
2010,fg4,2,1.555807637068534,1.3334708271846236,1.7781444469524443,34,2503,72.6179143711499,76.46057352750667,5628.847515863212,0.38829311885612156
2010,fg4,3,2.0746240967419327,1.7781444469524443,2.371103746531421,32,2284,107.4127606816585,53.9666044916088,3851.8663955885777,0.3974358974358974
2010,fg4,4,2.766450710379617,2.371103746531421,3.161797674227814,28,1500,126.46239205490772,35.41193250538191,1897.0678127883168,0.404434250764526
2010,fg4,5,3.6889813171353985,3.161797674227814,4.216164960042983,25,808,122.47674102060348,23.710902582368732,766.3363714621574,0.3676268861454047
2010,fg4,6,4.9191489684291625,4.216164960042983,5.622132976815341,19,377,122.30842946303999,13.513820921487085,268.14265723161213,0.40061162079510704
2010,fg4,7,6.5595416439756224,5.622132976815341,7.496950311135904,13,181,101.98756875036207,6.934008856234106,96.5427386906441,0.32124352331606215
2010,fg4,8,8.74695742194416,7.496950311135904,9.996964532752415,11,113,109.00796946787844,4.399974970097326,45.19974287463617,0.31896551724137934
2010,fg4,9,11.66381254878856,9.996964532752415,13.330660564824704,7,67,121.37365461831567,2.0997715246547735,20.097813164552832,0.36619718309859156
2010,fg4,10,15.553353767559475,13.330660564824704,17.776046970294246,7,33,58.2468867425053,1.5746662632942994,7.423426669815982,0.32558139534883723
2010,fg4,11,20.73994351392262,17.776046970294246,23.703840057550995,6,17,49.55952514240736,1.0121810784688956,2.867846388995204,0.3888888888888889
2010,fg4,12,27.656109633272763,23.703840057550995,31.60837920899453,0,0,0,0,0,NA
2010,fg4,13,36.87861538938886,31.60837920899453,42.14885156978319,0,0,0,0,0,NA
2010,fg4,14,49.17655776871196,42.14885156978319,56.20426396764072,0,0,0,0,0,NA
2010,fg4,15,65.57550516593678,56.20426396764072,74.94674636423284,0,0,0,0,0,NA
2010,fg4,16,87.44302311667127,74.94674636423284,99.93929986910972,0,0,0,0,0,NA
2010,fg4,17,116.60272036691177,99.93929986910972,133.26614086471383,0,0,0,0,0,NA
2010,fg4,18,155.48632597964314,133.26614086471383,177.70651109457248,0,0,0,0,0,NA
2010,fg4,19,207.33647971997289,177.70651109457248,236.96644834537327,0,0,0,0,0,NA
2010,fg4,20,276.47714711774023,236.96644834537327,315.98784589010717,0,0,0,0,0,NA
2010,fg5,1,1.1667354135923118,1,1.3334708271846236,40,1890,34.9791917464564,119.95052262204123,5667.662193891449,0.3257107540173053
2010,fg5,2,1.555807637068534,1.3334708271846236,1.7781444469524443,42,1618,45.265194614231426,94.45129671044941,3638.6237637501704,0.3477961432506887
2010,fg5,3,2.0746240967419327,1.7781444469524443,2.371103746531421,41,1727,84.35278801994892,69.14471200487377,2912.510186156512,0.31857813547954394
2010,fg5,4,2.766450710379617,2.371103746531421,3.161797674227814,41,1529,142.36981169635058,51.85318688288066,1933.744457168891,0.32833690221270523
2010,fg5,5,3.6889813171353985,3.161797674227814,4.216164960042983,41,1298,237.6928573876651,38.88588023508472,1231.0700620765847,0.3235294117647059
2010,fg5,6,4.9191489684291625,4.216164960042983,5.622132976815341,43,1166,404.2716973753897,30.583910506523402,829.3218523396811,0.2818911685994648
2010,fg5,7,6.5595416439756224,5.622132976815341,7.496950311135904,38,917,568.2052681865308,20.268641272068926,489.1143170128212,0.25957446808510637
2010,fg5,8,8.74695742194416,7.496950311135904,9.996964532752415,38,785,963.1042855628551,15.199913533063492,313.9982137751274,0.28888888888888886
2010,fg5,9,11.66381254878856,9.996964532752415,13.330660564824704,38,632,1295.9354977096514,11.39875970526877,189.57937194025956,0.3089311859443631
2010,fg5,10,15.553353767559475,13.330660564824704,17.776046970294246,33,401,1611.7995940482394,7.423426669815982,90.20588165443057,0.28501228501228504
2010,fg5,11,20.73994351392262,17.776046970294246,23.703840057550995,29,214,1650.5797289379636,4.892208545932995,36.10112513205728,0.33613445378151263
2010,fg5,12,27.656109633272763,23.703840057550995,31.60837920899453,21,99,1681.847567913649,2.6567013709034453,12.524449319973385,0.3620689655172414
2010,fg5,13,36.87861538938886,31.60837920899453,42.14885156978319,14,47,1618.2943024668907,1.3282137195369954,4.45900320130277,0.2545454545454545
2010,fg5,14,49.17655776871196,42.14885156978319,56.20426396764072,9,39,2619.065410816964,0.6403227273055234,2.7747318183239345,0.2564102564102564
2010,fg5,15,65.57550516593678,56.20426396764072,74.94674636423284,6,39,3769.0361450724517,0.3201283518927546,2.080834287302905,0.23404255319148937
2010,fg5,16,87.44302311667127,74.94674636423284,99.93929986910972,6,17,3847.545557035391,0.24007150765243734,0.6802026050152392,0.36363636363636365
2010,fg5,17,116.60272036691177,99.93929986910972,133.26614086471383,1,1,101.03106160453002,0.030005844242240128,0.030005844242240128,1
2010,fg5,18,155.48632597964314,133.26614086471383,177.70651109457248,0,0,0,0,0,NA
2010,fg5,19,207.33647971997289,177.70651109457248,236.96644834537327,0,0,0,0,0,NA
2010,fg5,20,276.47714711774023,236.96644834537327,315.98784589010717,0,0,0,0,0,NA
2010,unclassified,1,1.1667354135923118,1,1.3334708271846236,4,215,4.278319614582828,11.995052262204124,644.7340590934716,0.23300970873786409
2010,unclassified,2,1.555807637068534,1.3334708271846236,1.7781444469524443,3,208,5.2715441588791885,6.74652119360353,467.7588027565114,0.2978723404255319
2010,unclassified,3,2.0746240967419327,1.7781444469524443,2.371103746531421,4,239,10.39447199074749,6.7458255614511,403.06307729670317,0.27
2010,unclassified,4,2.766450710379617,2.371103746531421,3.161797674227814,7,287,23.159971732372554,8.852983126345478,362.9723081801646,0.3333333333333333
2010,unclassified,5,3.6889813171353985,3.161797674227814,4.216164960042983,8,291,46.84242013686655,7.587488826357994,275.994906058772,0.37174721189591076
2010,unclassified,6,4.9191489684291625,4.216164960042983,5.622132976815341,7,289,85.9854437128658,4.978776128968926,205.55232875314567,0.4358974358974359
2010,unclassified,7,6.5595416439756224,5.622132976815341,7.496950311135904,4,307,220.07034826072154,2.1335411865335714,163.7492860664516,0.3803680981595092
2010,unclassified,8,8.74695742194416,7.496950311135904,9.996964532752415,6,467,558.539942051236,2.3999863473258145,186.79893736685923,0.4291845493562232
2010,unclassified,9,11.66381254878856,9.996964532752415,13.330660564824704,5,538,534.2648221125182,1.4998368033248382,161.3824400377526,0.5630712979890311
2010,unclassified,10,15.553353767559475,13.330660564824704,17.776046970294246,5,90,191.17930035337506,1.1247616166387853,20.245709099498136,0.6132075471698113
2010,unclassified,11,20.73994351392262,17.776046970294246,23.703840057550995,3,11,61.85460454487289,0.5060905392344478,1.8556653105263086,0.3888888888888889
2010,unclassified,12,27.656109633272763,23.703840057550995,31.60837920899453,3,6,82.05295440905144,0.37952876727192075,0.7590575345438415,0
2010,unclassified,13,36.87861538938886,31.60837920899453,42.14885156978319,2,24,367.881380646951,0.18974481707671365,2.2769378049205637,0.4090909090909091
2010,unclassified,14,49.17655776871196,42.14885156978319,56.20426396764072,3,12,719.5567411084751,0.21344090910184113,0.8537636364073645,0.6666666666666666
2010,unclassified,15,65.57550516593678,56.20426396764072,74.94674636423284,2,2,107.18316455278553,0.1067094506309182,0.1067094506309182,0
2010,unclassified,16,87.44302311667127,74.94674636423284,99.93929986910972,1,3,827.46506358427,0.04001191794207289,0.12003575382621867,0
2010,unclassified,17,116.60272036691177,99.93929986910972,133.26614086471383,1,1,451.31965197100516,0.030005844242240128,0.030005844242240128,NA
2010,unclassified,18,155.48632597964314,133.26614086471383,177.70651109457248,2,3,1305.5669706988674,0.04500412552045387,0.0675061882806808,0
2010,unclassified,19,207.33647971997289,177.70651109457248,236.96644834537327,1,1,103.64746731518146,0.016874806933523827,0.016874806933523827,NA
2010,unclassified,20,276.47714711774023,236.96644834537327,315.98784589010717,0,0,0,0,0,NA
