"ratio","dbh","variable","q025","q05","q25","q50","q75","q95","q975"
"fast:slow",1,"density",0.0623835726975299,0.0627852660695199,0.0640935900841088,0.0651051261107446,0.0660884254401085,0.0674580951095815,0.0678765107344163
"fast:slow",1.05921252001675,"density",0.0624433426385704,0.0628329722457442,0.0640623333638239,0.0650191171453411,0.0659513690962347,0.06723349232625,0.0676252873694095
"fast:slow",1.12193116256024,"density",0.062486981448375,0.0628719552603848,0.064027943009284,0.0649299969842524,0.0658084935209598,0.0670312372394176,0.0673905225284817
"fast:slow",1.18836353398076,"density",0.0625350339579556,0.0629136752756802,0.0639961019747368,0.0648482455162485,0.0656579759247524,0.0668339383168525,0.067165162496493
"fast:slow",1.25872953352377,"density",0.0625866098013393,0.0629470497283594,0.0639661624350616,0.0647684817956742,0.0655240026890358,0.0666214744111076,0.0669304970233057
"fast:slow",1.33326208122323,"density",0.06265576324776,0.0630013682842107,0.063928967765637,0.0646948927772805,0.0653888757988703,0.0664277993340889,0.0667440700814749
"fast:slow",1.41220788889523,"density",0.0626993924035813,0.0630212364302929,0.0638903418927157,0.0646072400120948,0.0652573412306439,0.0662195409026362,0.0665065078229494
"fast:slow",1.49582827678426,"density",0.0627239846172747,0.0630523621400268,0.0638584900614366,0.0645272920753401,0.0651255486855073,0.0660267283089997,0.066312587973599
"fast:slow",1.58440003856497,"density",0.0627677162207146,0.0630756542184357,0.0638193894472343,0.0644411962056392,0.0650008356366379,0.065830541437112,0.0661065738145568
"fast:slow",1.67821635756304,"density",0.0628034548124136,0.0630781164422419,0.0637815011575545,0.0643564205460136,0.0648742138689083,0.0656511601263139,0.0659045567603318
"fast:slow",1.77758777722769,"density",0.0628317267078351,0.0630730229906428,0.0637401602652471,0.0642633395190683,0.0647464395251211,0.0654851996773506,0.0657153397246653
"fast:slow",1.88284322906832,"density",0.0628558162344023,0.0630572737769936,0.0636936616189502,0.0641645450862481,0.0646284778162931,0.0653197139055942,0.0655411001618342
"fast:slow",1.99433112145793,"density",0.0628595966981851,0.0630450408248341,0.0636459935008649,0.0640714089239121,0.064519576443187,0.0651822801648226,0.0653996361641616
"fast:slow",2.11242049290729,"density",0.0628313817496982,0.0630181161032276,0.0635889973196115,0.0639921490070061,0.064400076038549,0.0650286941081207,0.0652818922826951
"fast:slow",2.23750223362737,"density",0.0628169915710942,0.0629834811228729,0.0635183106979239,0.0638997132558348,0.0642925327609322,0.0649187849081241,0.0651936823720534
"fast:slow",2.36999037942355,"density",0.0627812117911385,0.0629400074748189,0.0634399793465076,0.0638094150264802,0.0642063858761348,0.0648602689456486,0.065100071164371
"fast:slow",2.51032348220468,"density",0.0627159402406929,0.062880296260393,0.0633562445902923,0.063712335010334,0.0641215288061484,0.0648060386096411,0.0650823856419979
"fast:slow",2.65896606164325,"density",0.0626176502882339,0.0627981118974256,0.0632622459691323,0.0636187145940736,0.0640367966027455,0.0647625619543639,0.0650782587811085
"fast:slow",2.81641014279217,"density",0.0625193929673178,0.0626867244402522,0.0631753574862253,0.0635361802943592,0.0639527228276119,0.0647344137245892,0.0650680031040648
"fast:slow",2.98317688474764,"density",0.0623954604513242,0.0625606088928341,0.0630699478935832,0.0634348702432046,0.0638724859636689,0.0647097331255374,0.0650989516738957
"fast:slow",3.15981830574927,"density",0.0622332829723417,0.0624132691076362,0.0629665537237337,0.0633582807116417,0.0638124308161481,0.0646872689202476,0.0651432746320208
"fast:slow",3.34691911042775,"density",0.0652804635380025,0.0655269750983859,0.0663486911279844,0.0667945600960288,0.0672453651270904,0.0678857504476388,0.0680758434418173
"fast:slow",3.54509862524841,"density",0.069947791194135,0.0703688992695785,0.071308964320625,0.0717919731192876,0.0722908021833197,0.0729883069186755,0.0732169802069393
"fast:slow",3.75501284855729,"density",0.0752174243586335,0.0756448249882058,0.0766314437699693,0.0771618049816849,0.0777118690092332,0.0785073983295214,0.0787830070254211
"fast:slow",3.97735662201565,"density",0.0809604899881983,0.0813144674242594,0.0823454522434616,0.082937415103822,0.0835377147097282,0.0844467766286438,0.0847548326131294
"fast:slow",4.21286593061052,"density",0.0870555156718092,0.0874168973864155,0.0884784768115312,0.0891421925140003,0.0898173070527427,0.0908411114297791,0.0911882842232772
"fast:slow",4.46232033885469,"density",0.0935558787239391,0.0939440921174205,0.0950552284635639,0.0958110272864817,0.0965745982784703,0.0977665051130171,0.0981397335607601
"fast:slow",4.72654557124029,"density",0.1005267583299,0.100903319701693,0.102136735229725,0.102993650824198,0.103840591538913,0.105217297833043,0.105622276964292
"fast:slow",5.00641624548745,"density",0.107927464978768,0.108379669465286,0.109725945593074,0.110686324585142,0.111688519531051,0.113251795055146,0.113703882958
"fast:slow",5.30285876763557,"density",0.115852563271833,0.11638811890432,0.117881160299707,0.118979675975485,0.120112976221404,0.121879227322741,0.122414760285901
"fast:slow",5.6168543985602,"density",0.124429232634376,0.125008186139649,0.126663005930978,0.127880701307194,0.129174379485814,0.131229436833389,0.131805879957591
"fast:slow",5.94944250206614,"density",0.133520927301962,0.134193033547551,0.136067174791903,0.137465457574514,0.138944606791341,0.141328018118514,0.141949001451713
"fast:slow",6.30172398530825,"density",0.143251085212369,0.144019693975809,0.146174763129394,0.147763382761,0.149457534592623,0.152183893011495,0.15291174233593
"fast:slow",6.67486494292836,"density",0.153723914721801,0.154563780579442,0.157038263143471,0.158833753335705,0.16079263883913,0.163836399140652,0.164646037055873
"fast:slow",7.07010051697063,"density",0.164955853618291,0.165895681446542,0.168712495554612,0.170725698219209,0.172965292529343,0.176400790584472,0.177397126247816
"fast:slow",7.48873898535221,"density",0.176972831980912,0.178020238626077,0.18126854811571,0.183501282856009,0.186082163068686,0.18986959228993,0.19106776453826
"fast:slow",7.93216609242261,"density",0.189819124276653,0.191098764623555,0.194730972815569,0.19724218645676,0.200112999143524,0.204363625340257,0.205665515492102
"fast:slow",8.4018496359464,"density",0.203556838046443,0.205085176641649,0.209063473276807,0.211904796664811,0.214964055941119,0.21942309704486,0.220801521158452
"fast:slow",8.89934432569262,"density",0.217924372551479,0.219506729997264,0.224053123643816,0.22722018203971,0.230360516659717,0.235222795376541,0.236509191727253
"fast:slow",9.42629692971367,"density",0.231186636959485,0.233579842256799,0.23905143460069,0.24278310289657,0.246220818495131,0.251312498449157,0.252912955374585
"fast:slow",9.98445172534819,"density",0.242602962099808,0.245511028092472,0.252785139387661,0.257649490263606,0.262273943457164,0.267728186318771,0.269545095021243
"fast:slow",10.5756562729917,"density",0.253758727751834,0.256402486665893,0.264434781746455,0.270922574213745,0.276721904270275,0.283518555037987,0.285381873350013
"fast:slow",11.2018675317465,"density",0.265101363107341,0.267635639054416,0.275650173844791,0.282437428215367,0.288736398143281,0.297485620489434,0.300484320287678
"fast:slow",11.865158337195,"density",0.277026933741167,0.279384085387121,0.287187452730097,0.29369551620663,0.299890234856955,0.309265268575387,0.31310446653181
"fast:slow",12.5677242627381,"density",0.289101095282708,0.291649041946666,0.299240304182623,0.305513277974554,0.311376488490149,0.32059822300316,0.324435343907923
"fast:slow",13.3118908872106,"density",0.301583585874748,0.30412568966602,0.311789267249687,0.317654336545314,0.323368104849663,0.332388784754192,0.335680385546597
"fast:slow",14.1001214928303,"density",0.314661851118988,0.317205816748056,0.324894023066213,0.330407071035046,0.335863037105705,0.344673414301665,0.347509735426826
"fast:slow",14.9350252189632,"density",0.328168912726925,0.330469098450377,0.338240728689376,0.343557566966421,0.34900895746642,0.357087053200298,0.360051225794582
"fast:slow",15.8193656986918,"density",0.341767651706063,0.344070355500586,0.35197784457219,0.357244929112943,0.362661144551955,0.370744690352864,0.374077623028961
"fast:slow",16.7560702067779,"density",0.355451560030255,0.357736422185453,0.366018317462617,0.371535067414604,0.377111911942089,0.385545601899478,0.388407827350313
"fast:slow",17.7482393492988,"density",0.369301922500609,0.371702080779184,0.380526276368304,0.386430514735426,0.39248602969361,0.401076764555616,0.404016669997679
"fast:slow",18.7991573270313,"density",0.383211437960717,0.386122895669671,0.3955449760224,0.401985635470536,0.408489533629754,0.417811747034044,0.420674531126819
"fast:slow",19.9123028065563,"density",0.396937177632276,0.400596264939981,0.411007832879629,0.418089257054908,0.424959476467701,0.4354451130605,0.438548718767049
"fast:slow",21.0913604350691,"density",0.411032843754038,0.415405207763207,0.426859793058765,0.434853163164423,0.442535358201869,0.454045712108177,0.457844461927674
"fast:slow",22.3402330370112,"density",0.426064339624768,0.43034276104074,0.443280976389062,0.452260871851586,0.460792095603349,0.473888223575016,0.477901168515938
"fast:slow",23.6630545328941,"density",0.441450058570515,0.44582163534684,0.460247366905092,0.470444568546009,0.479878214715535,0.494841022294908,0.499395964480455
"fast:slow",25.0642036230806,"density",0.456362429839518,0.461651940552763,0.477839045941064,0.489162861385469,0.500014761141768,0.516982319534106,0.52138918530967
"fast:slow",26.5483182818163,"density",0.472002494459616,0.477440544606641,0.496212580789967,0.508751169955356,0.520868886366366,0.540002959762965,0.544785613079032
"fast:slow",28.1203111094894,"density",0.487956917545571,0.493955045784752,0.515272600916647,0.528974873355622,0.543011910595414,0.564014497608794,0.570013890326508
"fast:slow",29.7853855939374,"density",0.504391085801836,0.511103941885859,0.534903875484352,0.549992589248497,0.565962273582237,0.589267265094668,0.596347278935706
"fast:slow",31.5490533346251,"density",0.52026970809678,0.528929530419915,0.555041911164607,0.572202117660263,0.589888705340985,0.615500079300075,0.6238652590487
"fast:slow",33.4171522867112,"density",0.537049891210546,0.547558487609032,0.575922844091685,0.594986187195814,0.61492189079261,0.643276235480337,0.653205160617959
"fast:slow",35.395866085391,"density",0.555021880612794,0.56643075101266,0.597713628102526,0.618697512771432,0.641110494632897,0.672277990851632,0.682973894515178
"fast:slow",37.4917445144825,"density",0.572526667657229,0.585689938299448,0.620026707699796,0.643599829433426,0.667790493140096,0.702591751560594,0.713604798510549
"fast:slow",39.7117251870093,"density",0.590055938686596,0.603420801559841,0.640181604435824,0.664499737218152,0.690058571190186,0.724230662757989,0.735624455259326
"fast:slow",42.0631565095448,"density",0.568474794708825,0.581415435246407,0.631624073268612,0.66354921576284,0.690572514616045,0.730819936603656,0.744575045096806
"fast:slow",44.5538220063341,"density",0.510618602985487,0.524414165510637,0.574681304329545,0.622781229615615,0.668721043994688,0.723307172868233,0.74631795076178
"fast:slow",47.191966083707,"density",0.458573464269325,0.471496113107623,0.517315334807865,0.562002333421561,0.624413104716147,0.73215230741107,0.777297537356145
"fast:slow",49.9863213200684,"density",0.427433644843624,0.441617520347712,0.495693937919093,0.550385017356797,0.621727190200887,0.758020622950707,0.808271429388033
"fast:slow",52.9461373717968,"density",0.445477790331819,0.464023985036796,0.530542802163117,0.584875988179358,0.650854600679867,0.778425176042976,0.828261450744294
"fast:slow",56.081211590734,"density",0.490074439153743,0.507979563700818,0.572773741308408,0.624605662443199,0.686173343818789,0.794903088185801,0.845424485032243
"fast:slow",59.4019214546141,"density",0.53414397746676,0.551860287796377,0.617382484713846,0.666398187951214,0.724211865886111,0.825745316497573,0.862274486653074
"fast:slow",62.9192589177791,"density",0.570309453886897,0.591461959718721,0.661350454138043,0.711116753520648,0.768229032832082,0.86472566294309,0.89808038784275
"fast:slow",66.6448667958873,"density",0.602915609192736,0.626091065613486,0.700470494474259,0.757534631065105,0.820224876531437,0.920448827624261,0.95518809898471
"fast:slow",70.5910773050526,"density",0.630013700091307,0.653088555742241,0.738062907819165,0.807347971938101,0.87963687487636,0.993219994651117,1.03465110867777
"fast:slow",74.7709528829822,"density",0.646149556023049,0.67325223492242,0.775215006357346,0.86018858181575,0.948997099686453,1.09119347434408,1.13954719221619
"fast:slow",79.1983294272374,"density",0.657728504581526,0.691351075232983,0.812905876809941,0.914675518780103,1.02592698604155,1.20940774041383,1.26167348200501
"fast:slow",83.8878620937411,"density",0.664041056390929,0.706323036252793,0.849400143010085,0.973112313440258,1.11111615916711,1.34352836917269,1.41727560106023
"fast:slow",88.8550738071293,"density",0.670308373222292,0.717022346446412,0.886597784756125,1.03575643108893,1.20544937513328,1.49437411026761,1.60305426146217
"fast:slow",94.116406643524,"density",0.669382022256038,0.728658309295647,0.924891070783856,1.10300894542889,1.31215931170377,1.66024520422171,1.81615530980743
"fast:slow",99.6892762558085,"density",0.669203263114124,0.736569253868048,0.96455565188834,1.17260304343922,1.42430961217483,1.86032942859466,2.05419606866996
"fast:slow",105.592129521561,"density",0.663648582242803,0.746426639583812,1.00670141659519,1.25223806023731,1.54072328620548,2.08199982023607,2.31627892364121
"fast:slow",111.844505604468,"density",0.661361345089759,0.755959219946441,1.04705777989516,1.33239889115326,1.67892191036854,2.32731137242619,2.6273246898857
"fast:slow",118.467100631337,"density",0.665788157483842,0.759228887872326,1.09255081115926,1.41544521165686,1.82914855198665,2.613331984278,2.96129505777566
"fast:slow",125.481836198796,"density",0.661749515780556,0.765795203779313,1.14026158219357,1.50592471570677,1.9869243029199,2.91300098710453,3.34467561795324
"fast:slow",132.911931936456,"density",0.664571274596581,0.772921115099035,1.18733949515197,1.60523604641122,2.16184230210537,3.26349938361547,3.77827671001775
"fast:slow",140.781982366709,"density",0.664783651024952,0.777049539169034,1.23971929971845,1.71016264222569,2.35800057254476,3.66569020775299,4.26785713194563
"fast:slow",149.118038315596,"density",0.66413062612327,0.781068092753146,1.29246715412539,1.82477454976988,2.56653876126943,4.1092184932685,4.85724018388703
"fast:slow",157.947693144217,"density",0.656255804673852,0.792012047679472,1.3455303344674,1.94075558497025,2.80010746778911,4.60220678393866,5.46772482209856
"fast:slow",167.300174086119,"density",0.660279483492901,0.792224206788587,1.39885894179086,2.06544535135756,3.04930256768312,5.1704625505931,6.18655580169676
"fast:slow",177.206438993,"density",0.651616948111634,0.796543188526382,1.45694266883126,2.20321528152129,3.32428184413722,5.79989899708415,6.98219730303313
"fast:slow",187.69927880897,"density",0.647940547399558,0.799780981264169,1.51572964896124,2.34943414027758,3.62486862313224,6.50999997384796,7.87921918999595
"fast:slow",198.813426112576,"density",0.642785894351751,0.803806375045841,1.57946747592449,2.5109834247816,3.94129121517897,7.28899548666529,8.93970023435914
"fast:slow",210.585670085866,"density",0.635314491424273,0.810555386603321,1.64706591105355,2.67193576972541,4.2888076729411,8.18842717434267,10.0923400021053
"fast:slow",223.054978291067,"density",0.632583612605482,0.812273663555183,1.7128618491212,2.85198175507058,4.67261799343582,9.20545872083076,11.380003536144
"fast:slow",236.262625657963,"density",0.632015569959321,0.817628205086002,1.7838107585085,3.03694998951313,5.10104687405616,10.3452459977155,12.8766837134449
"fast:slow",250.252331108946,"density",0.629729600717372,0.823613351298369,1.85039951059009,3.22139742830171,5.56413703355996,11.5913120957162,14.5957208328156
"fast:slow",265.070402273974,"density",0.62380315797179,0.829953858482472,1.93200254802981,3.42741587649667,6.06271494301863,13.0258332364611,16.5245971248836
"fast:slow",280.76588877447,"density",0.617933137276424,0.835687620578401,2.01157929324218,3.65417119002101,6.60197150371445,14.53650252235,18.6793192561562
"fast:slow",297.39074458355,"density",0.61211899949259,0.838827124724201,2.09671328936793,3.89491852748174,7.1964942828097,16.3501577718159,21.0937169183159
"fast:slow",315,"density",0.608240095092,0.840932318082194,2.17999244304219,4.15180780813036,7.84947519896201,18.3555300686494,23.8197439911621
"fast:slow",1,"total production",0.083028529817263,0.083893114949751,0.0870125028938486,0.0892098331133891,0.0913618478811491,0.09451434325718,0.0955724613392655
"fast:slow",1.05921252001675,"total production",0.0834662017228552,0.0843037823820439,0.0872787466736243,0.0894240402565688,0.091503819516311,0.0945336769956112,0.0955479440479954
"fast:slow",1.12193116256024,"total production",0.0838915920152866,0.0846589918931251,0.087548764098804,0.0896226944687251,0.0916417652540854,0.0945457885956661,0.0954997119039516
"fast:slow",1.18836353398076,"total production",0.0842658682592801,0.0850251530602461,0.0878347563968722,0.0898267999981833,0.0917546233125305,0.0945944101533203,0.0955177948294749
"fast:slow",1.25872953352377,"total production",0.0846621874122219,0.0853677387079959,0.0881295868934535,0.0900312024555751,0.0918913534719895,0.0946301871624919,0.0955939699328746
"fast:slow",1.33326208122323,"total production",0.0850658541820965,0.0857906659948869,0.0884217665168564,0.0902491098948061,0.0920308438994088,0.0946814675658867,0.0955895764899655
"fast:slow",1.41220788889523,"total production",0.0854551066187733,0.0861638474166618,0.0886910069762196,0.0904637637087805,0.0921506534330198,0.0947525299210276,0.0956191321769132
"fast:slow",1.49582827678426,"total production",0.0858276505779365,0.0865407107917563,0.0889564249269921,0.0906631771584065,0.0922902961842747,0.0947764572492553,0.0955662432895139
"fast:slow",1.58440003856497,"total production",0.0862415379330689,0.0868936735530774,0.0892350811120588,0.0908692836963171,0.0924758546275311,0.0948118341322223,0.0955679421575611
"fast:slow",1.67821635756304,"total production",0.0866225085839908,0.087235158470571,0.0894860010723101,0.0910860406808965,0.092599985339718,0.0948873676848212,0.0955499137037974
"fast:slow",1.77758777722769,"total production",0.0870027627990081,0.0876148337811416,0.0897641203481094,0.0913017151535729,0.0927600238698048,0.0949565634947994,0.0955856907763914
"fast:slow",1.88284322906832,"total production",0.0873725587798303,0.0879773243235479,0.090047424092295,0.0915137605317288,0.0929369334701131,0.0950194906679514,0.0956292276528267
"fast:slow",1.99433112145793,"total production",0.0877128053186706,0.0882916620282866,0.0903043155655301,0.0917287085330684,0.0930998157048602,0.0950789023545317,0.0957604177055771
"fast:slow",2.11242049290729,"total production",0.0880453681475577,0.0885979759059791,0.0905609860356156,0.0919348388090457,0.0932656839992468,0.0951767415305896,0.0958307585862033
"fast:slow",2.23750223362737,"total production",0.0884154710690325,0.0889373429075203,0.0908069550034757,0.0921437260838568,0.0934393169869324,0.0953011075735115,0.0959598208571165
"fast:slow",2.36999037942355,"total production",0.0886976382427948,0.0892291910644455,0.0910538538347043,0.0923497644179568,0.0936013129230242,0.095473702782662,0.0961055352696556
"fast:slow",2.51032348220468,"total production",0.0890140451753966,0.0895372469095355,0.0912900713426503,0.0925493892890335,0.0938029174257103,0.095578827191267,0.096306385940006
"fast:slow",2.65896606164325,"total production",0.0892782685643781,0.0898565750170773,0.0915184781968231,0.0927609937173683,0.0940220111997794,0.0957682560175349,0.0965079215855156
"fast:slow",2.81641014279217,"total production",0.0895429127182399,0.0900859524469205,0.0917553971478673,0.0929657651613435,0.094202424861726,0.0960042972792897,0.0966983418521996
"fast:slow",2.98317688474764,"total production",0.0897862184864526,0.0903216480282586,0.091985419727513,0.0931668071957186,0.0943997632395266,0.0962417282056778,0.096931076780451
"fast:slow",3.15981830574927,"total production",0.0900683718121139,0.0905718874462453,0.0922145543509361,0.0933924577967953,0.094618009947567,0.0965411865510425,0.097170464488995
"fast:slow",3.34691911042775,"total production",0.0950499284352726,0.0956295400237672,0.0974565443140817,0.0987527203351251,0.0999479882304571,0.101744050908503,0.102386175464265
"fast:slow",3.54509862524841,"total production",0.102391389175232,0.103140194015444,0.105133963553142,0.106493613416471,0.107814504540584,0.109728409348216,0.110294218676709
"fast:slow",3.75501284855729,"total production",0.110488615855745,0.111329503948419,0.113452825492314,0.114861525398937,0.116303195361449,0.118378184219306,0.11896854555029
"fast:slow",3.97735662201565,"total production",0.119347667089481,0.120168139283079,0.122419454005453,0.123951732460983,0.125483576717983,0.127706556536394,0.12828243998878
"fast:slow",4.21286593061052,"total production",0.128755520254393,0.129633266858858,0.132098453416097,0.133733276281962,0.135399226602434,0.137740417124793,0.138463879668676
"fast:slow",4.46232033885469,"total production",0.138903931717982,0.139849670876646,0.142500394860332,0.144265691205551,0.146089908347301,0.14868661701801,0.149469406320915
"fast:slow",4.72654557124029,"total production",0.149871440129853,0.150850695527938,0.153715103968115,0.155634591278608,0.157609672803063,0.160460177137714,0.161324675317472
"fast:slow",5.00641624548745,"total production",0.161726573198143,0.162673438974875,0.165780974685057,0.167888354557953,0.170107237391963,0.173235313254774,0.17427090369211
"fast:slow",5.30285876763557,"total production",0.174479836111426,0.175412208661851,0.178763158481934,0.181115986523176,0.183581060264561,0.187024146960061,0.188115351896146
"fast:slow",5.6168543985602,"total production",0.188164458170753,0.189184451476477,0.192807140869891,0.195392909841851,0.198107537860298,0.201976213664046,0.203176879498484
"fast:slow",5.94944250206614,"total production",0.202791987061338,0.203978678874377,0.207919720163146,0.210790449589558,0.213782457621168,0.218153858354153,0.219450647243574
"fast:slow",6.30172398530825,"total production",0.218488798851603,0.219850152108617,0.224166447376033,0.227441326869875,0.230750126593231,0.235657568362534,0.237118585575615
"fast:slow",6.67486494292836,"total production",0.235488565116515,0.236893124906594,0.241728099183516,0.245366828108181,0.249069676822251,0.254625651227622,0.256229783714097
"fast:slow",7.07010051697063,"total production",0.253648229473869,0.255322122136513,0.260621321800761,0.264727461338289,0.268774762679601,0.275047336048188,0.27704080898929
"fast:slow",7.48873898535221,"total production",0.273161573204333,0.275092910669282,0.28096738484966,0.285641559914389,0.290112228267598,0.297111769139126,0.299431190995186
"fast:slow",7.93216609242261,"total production",0.29427699236827,0.296304884148389,0.302956458268844,0.308157255629845,0.313107329212813,0.320925782084864,0.323238168419052
"fast:slow",8.4018496359464,"total production",0.316762520169979,0.31910692715304,0.326481775194047,0.332226382881176,0.337604606833699,0.345994509747117,0.348516604892343
"fast:slow",8.89934432569262,"total production",0.340254881715812,0.343053973771447,0.351221182269858,0.357447111623582,0.363193470957881,0.372126053563104,0.37466171256229
"fast:slow",9.42629692971367,"total production",0.362151517855327,0.366211894632055,0.376131708234474,0.382988835807027,0.389655600267005,0.399291796199991,0.402450820885078
"fast:slow",9.98445172534819,"total production",0.382297349937578,0.386857722123508,0.399454735031058,0.407958799459959,0.416386896138589,0.42647245510438,0.42968238436578
"fast:slow",10.5756562729917,"total production",0.400383682339071,0.405775770764564,0.419778727409467,0.430484307910451,0.44059014821844,0.453135000518668,0.457268340068749
"fast:slow",11.2018675317465,"total production",0.41983257136792,0.425053868451847,0.439246363091337,0.450287895302701,0.461913413145691,0.476895126811726,0.48211192254271
"fast:slow",11.865158337195,"total production",0.43970986889376,0.444943377955722,0.459293290789862,0.470252452093688,0.481592950493352,0.497933119719627,0.504413599762513
"fast:slow",12.5677242627381,"total production",0.460790718696016,0.465562300133682,0.48013934151743,0.490913640382027,0.501742748424867,0.518509775947392,0.524435334333301
"fast:slow",13.3118908872106,"total production",0.482525326248345,0.486739878198003,0.501805591545911,0.512219619714629,0.523040763361038,0.539597939520677,0.545655963907517
"fast:slow",14.1001214928303,"total production",0.504803979283517,0.509229343822469,0.524161696512473,0.534699754370523,0.545493110280896,0.561959244016255,0.568244481718402
"fast:slow",14.9350252189632,"total production",0.527620618953685,0.532611547908391,0.547237517479558,0.558089524120431,0.569355096011959,0.585638318197559,0.591752299841113
"fast:slow",15.8193656986918,"total production",0.550900608915226,0.556155789478338,0.57158455666918,0.582440508066129,0.594074905300241,0.610897446260008,0.616839640307438
"fast:slow",16.7560702067779,"total production",0.575361937914195,0.580105498953769,0.596422382576215,0.607944440476763,0.619826433134203,0.63786281123265,0.643153786537932
"fast:slow",17.7482393492988,"total production",0.60007339950062,0.6046071901497,0.622443992887179,0.634449322801547,0.64707102597219,0.666588634165802,0.671902692500316
"fast:slow",18.7991573270313,"total production",0.624239732670898,0.62960913750049,0.649358708231476,0.662344625154963,0.675801638477079,0.696809798206146,0.703025024452727
"fast:slow",19.9123028065563,"total production",0.650184282149,0.655381430892508,0.677139877537266,0.691306315366223,0.705566460571778,0.729244747483393,0.735586954695445
"fast:slow",21.0913604350691,"total production",0.67603823292353,0.681882293786699,0.706031731619095,0.721612315538156,0.737327771247204,0.763226303683793,0.770323565501875
"fast:slow",22.3402330370112,"total production",0.703115847331456,0.710042094303963,0.735717432493765,0.753267197730132,0.771046144641719,0.799565292638528,0.807746258600586
"fast:slow",23.6630545328941,"total production",0.729342700481007,0.738415893360634,0.766554100525871,0.785756320007128,0.80610946712214,0.83730103125323,0.84708456507835
"fast:slow",25.0642036230806,"total production",0.757796620339515,0.767909752275178,0.79868784041236,0.820321468890797,0.842811195696277,0.877057241229387,0.888977455938457
"fast:slow",26.5483182818163,"total production",0.785640144173256,0.797354089411829,0.831850780298842,0.856484863120711,0.881570068308035,0.918736544196938,0.931725300308947
"fast:slow",28.1203111094894,"total production",0.815861496891237,0.82856928574581,0.866455436910648,0.89416949421746,0.922112141237302,0.963791507228595,0.977706724269825
"fast:slow",29.7853855939374,"total production",0.846791682425932,0.860637545149534,0.902623464048232,0.933295268040432,0.964115732116267,1.01031006825926,1.02487467110857
"fast:slow",31.5490533346251,"total production",0.878765744136151,0.89349472328931,0.940614082893494,0.974262818462883,1.00859882683724,1.05935822576125,1.07543433616298
"fast:slow",33.4171522867112,"total production",0.911329116284663,0.92827644923826,0.979869834722888,1.0167162151991,1.05473635038478,1.1114169878787,1.1276467283134
"fast:slow",35.395866085391,"total production",0.944400921303771,0.963465003769185,1.02101446987544,1.06133174258077,1.10355832782335,1.16584166541571,1.18286729038835
"fast:slow",37.4917445144825,"total production",0.979085009765739,0.998692380473973,1.06276380326575,1.10762637570605,1.15437680082366,1.22211702833447,1.24176691028603
"fast:slow",39.7117251870093,"total production",1.01015763594896,1.03378749342984,1.10075081494259,1.14951810387659,1.19696049017405,1.26520087341532,1.28977889398008
"fast:slow",42.0631565095448,"total production",0.977844416596532,0.999768002989292,1.09029337963484,1.1497559090254,1.20376955430126,1.27880328504476,1.30588755431572
"fast:slow",44.5538220063341,"total production",0.882502364179353,0.90299305704576,0.99844059076561,1.08542531476605,1.16733374764519,1.27218131581143,1.30505009019716
"fast:slow",47.191966083707,"total production",0.793369893879197,0.816414771191014,0.902051493723373,0.981903851019054,1.09784693818587,1.28296869826217,1.36008728994785
"fast:slow",49.9863213200684,"total production",0.74162727263655,0.770044311073763,0.868822120950187,0.967967584143777,1.09547993267536,1.32551381960378,1.41902047839121
"fast:slow",52.9461373717968,"total production",0.78133906243114,0.809782009029724,0.929550787634928,1.03125233225041,1.15180276078896,1.36490614842265,1.4516376875701
"fast:slow",56.081211590734,"total production",0.8587536329768,0.893165564478889,1.00849243596824,1.10466232183252,1.21684703307645,1.41233812164099,1.48829330419813
"fast:slow",59.4019214546141,"total production",0.936912799857915,0.971587350292565,1.09095531374542,1.1821676627628,1.29165513423431,1.47361770206809,1.53776348693854
"fast:slow",62.9192589177791,"total production",1.00839377923251,1.04666531881012,1.17062907731164,1.26389526105849,1.37197137315686,1.54713969522673,1.6095453756826
"fast:slow",66.6448667958873,"total production",1.06517500176597,1.10858043982142,1.24703651666166,1.35277039368355,1.4716912115852,1.65822609017313,1.72422611927647
"fast:slow",70.5910773050526,"total production",1.11734592790351,1.15877646318177,1.32096767171358,1.44660333768311,1.58580037733338,1.79851753605361,1.86616247633826
"fast:slow",74.7709528829822,"total production",1.15262004822989,1.20520862152229,1.39301238790016,1.54331225815436,1.71551207233756,1.98000499782928,2.07294956016541
"fast:slow",79.1983294272374,"total production",1.17438462835753,1.23920774772491,1.46885921002027,1.6450750705328,1.85673404771906,2.19745016511068,2.30719875149781
"fast:slow",83.8878620937411,"total production",1.20081832382848,1.26433983471159,1.5391187416634,1.75901722454153,2.0203250210327,2.44956181167763,2.58529612179033
"fast:slow",88.8550738071293,"total production",1.21152816402615,1.2906176451392,1.61425525247163,1.88263597637957,2.19919950555481,2.7397661057505,2.93005694457785
"fast:slow",94.116406643524,"total production",1.2294140837522,1.31309709265785,1.68125276382101,2.01146800647698,2.39969167010382,3.05946431543455,3.31946041714963
"fast:slow",99.6892762558085,"total production",1.22977799177158,1.33495596423122,1.7643258196133,2.15707294490989,2.61431991020824,3.42594983027202,3.76001585688438
"fast:slow",105.592129521561,"total production",1.22830879826387,1.35121453208627,1.84173584093814,2.30909529842987,2.84725768083631,3.84385298320854,4.27549277889068
"fast:slow",111.844505604468,"total production",1.2403803543338,1.3737092467054,1.92495285661283,2.47292769757151,3.10421593884173,4.30875132559913,4.87735811421725
"fast:slow",118.467100631337,"total production",1.23187180889807,1.39617020354936,2.01228589444682,2.64352211297808,3.38972024084643,4.84460085850633,5.55008530177431
"fast:slow",125.481836198796,"total production",1.22807513211733,1.40996521265388,2.10718049612543,2.82106049901581,3.69898683167131,5.43662249069473,6.26504589789851
"fast:slow",132.911931936456,"total production",1.22196528356687,1.43131295350369,2.20595328544334,3.01870036370832,4.03733389190286,6.12491689915572,7.13165836042002
"fast:slow",140.781982366709,"total production",1.21577548664155,1.44251486085974,2.31354830732261,3.22045933342909,4.41000293024046,6.8891871636215,8.07956727520903
"fast:slow",149.118038315596,"total production",1.21913072378486,1.45908663906527,2.41509674084622,3.43737970497682,4.8289190485637,7.76171373850704,9.15656170402074
"fast:slow",157.947693144217,"total production",1.22512826795948,1.46306024825942,2.51988349869659,3.67079195765872,5.27719378955477,8.74791770449836,10.3752233402245
"fast:slow",167.300174086119,"total production",1.21879477726693,1.47083393294487,2.63628620995909,3.93127453192969,5.7653636240829,9.83030575191508,11.7560516814259
"fast:slow",177.206438993,"total production",1.21331851688242,1.48985378166177,2.76024271278,4.19251743617091,6.30846860736552,11.0938097703229,13.2991664238752
"fast:slow",187.69927880897,"total production",1.19283959611051,1.50682221535872,2.88596440546748,4.48622192576635,6.90740117129971,12.5114797245508,15.0882154235993
"fast:slow",198.813426112576,"total production",1.18430078072296,1.52431786826132,3.01999570247405,4.79299624321594,7.54565169261147,14.145562168953,17.1235857789747
"fast:slow",210.585670085866,"total production",1.17858789146473,1.54290667902288,3.16262474894528,5.12081305677216,8.22081590306846,15.8792243249683,19.5285550869207
"fast:slow",223.054978291067,"total production",1.16821710679413,1.55395835651385,3.3078784032664,5.47205243619647,8.98645569838775,17.8553663556445,22.2712972290646
"fast:slow",236.262625657963,"total production",1.16298138033988,1.57328508126748,3.45963128185181,5.86010940422635,9.82420265597367,20.145482294538,25.3822080107165
"fast:slow",250.252331108946,"total production",1.16343076306236,1.59553129979764,3.61173482965061,6.26504066899552,10.7580294481682,22.6649759074178,28.7680530128889
"fast:slow",265.070402273974,"total production",1.1622337848966,1.61018178724145,3.78461246921888,6.69816193912221,11.7591583564024,25.5433385587628,32.6441693602368
"fast:slow",280.76588877447,"total production",1.16342649719336,1.62281046063995,3.94655226436369,7.15673660516503,12.8581612115736,28.8471674775316,37.283916547094
"fast:slow",297.39074458355,"total production",1.16366258445466,1.63597743944201,4.1232986833251,7.64184774670907,14.0691195281269,32.4832992289328,42.2998123236879
"fast:slow",315,"total production",1.15814989349509,1.65310670962847,4.30485937085628,8.17159711027492,15.3706567461381,36.4574362527472,48.031483215492
"pioneer:breeder",1,"density",0.297145089074259,0.299052438690848,0.306837710553566,0.312167433195406,0.317810195625776,0.325517986256487,0.327991283039102
"pioneer:breeder",1.05921252001675,"density",0.307711097098391,0.3092587411037,0.316595392850714,0.321391577511714,0.326674106463207,0.333700625552398,0.335885945476592
"pioneer:breeder",1.12193116256024,"density",0.318316269794411,0.319875666371241,0.326629252511037,0.330977320609668,0.335755511542323,0.342050425801962,0.344210266937258
"pioneer:breeder",1.18836353398076,"density",0.329173456167497,0.330796721306108,0.336747646164761,0.340829413671859,0.345131128791717,0.350865913787423,0.352998814597514
"pioneer:breeder",1.25872953352377,"density",0.340332870783587,0.341849491905487,0.347206214086156,0.350928726066681,0.354943558390032,0.360122637645924,0.36203241448218
"pioneer:breeder",1.33326208122323,"density",0.351491584893009,0.352788377205579,0.357861310455806,0.361406945808669,0.365041297019289,0.369921923885537,0.371791226980806
"pioneer:breeder",1.41220788889523,"density",0.362433525696945,0.363816813506387,0.36868209244239,0.372182408462744,0.375730041510835,0.380560569500903,0.382294226004202
"pioneer:breeder",1.49582827678426,"density",0.373082539494244,0.374751581565637,0.379639752352268,0.383213464417649,0.386852326273789,0.391814770218925,0.393324408446976
"pioneer:breeder",1.58440003856497,"density",0.383624799079458,0.385644279643999,0.390793775821903,0.394554778372839,0.398616260302433,0.403988539732159,0.40575578806356
"pioneer:breeder",1.67821635756304,"density",0.394056305879016,0.396275540154401,0.40201190990308,0.406171996889734,0.410774173970761,0.416909504739393,0.419053365598268
"pioneer:breeder",1.77758777722769,"density",0.404514365636474,0.407001182003662,0.413513230531723,0.418207929049028,0.423361093506624,0.430605518845123,0.43331487689344
"pioneer:breeder",1.88284322906832,"density",0.414870229545243,0.417568689389595,0.425197470020707,0.430623196002005,0.436728382675629,0.445120765419522,0.448201994973562
"pioneer:breeder",1.99433112145793,"density",0.425506972866198,0.428334303332473,0.436888606568647,0.443341997406859,0.450524948362588,0.460313837987002,0.463956554921933
"pioneer:breeder",2.11242049290729,"density",0.440913770766741,0.443372137867303,0.452461284107868,0.459153260360066,0.466121124220368,0.47655464657775,0.480765937513859
"pioneer:breeder",2.23750223362737,"density",0.481107993076272,0.48392179794066,0.495732825958475,0.504012174870449,0.511950540006148,0.522816433329497,0.52554246307139
"pioneer:breeder",2.36999037942355,"density",0.537418143836058,0.542247770982678,0.555752869000024,0.564859670530688,0.57325962152278,0.584642697953001,0.587671092304194
"pioneer:breeder",2.51032348220468,"density",0.604088147085202,0.609282016846113,0.623534965438019,0.633016450966239,0.641964720453227,0.654148300568713,0.657971828746274
"pioneer:breeder",2.65896606164325,"density",0.678980433356892,0.684459481489124,0.699664114326988,0.709509204651694,0.719075808732598,0.731890032743615,0.736605316960242
"pioneer:breeder",2.81641014279217,"density",0.763155224919161,0.76878027879753,0.784751412419128,0.795028127121241,0.805430443559161,0.8203574967004,0.824537651507757
"pioneer:breeder",2.98317688474764,"density",0.857584116681619,0.862981792834262,0.880045060186143,0.890866316395195,0.902441076534169,0.919189335202266,0.923750850058364
"pioneer:breeder",3.15981830574927,"density",0.962118608204194,0.968049219861222,0.986605740663186,0.998163984431304,1.01144832967614,1.03014569136905,1.03465616259554
"pioneer:breeder",3.34691911042775,"density",1.07918923391491,1.08568358077912,1.10584147555211,1.11932021655034,1.13384257926136,1.15444306014261,1.16079476750174
"pioneer:breeder",3.54509862524841,"density",1.21025225799121,1.21681772283311,1.23917131761494,1.25430630683245,1.27047530743561,1.29415674970519,1.30334573021145
"pioneer:breeder",3.75501284855729,"density",1.35421588340836,1.3630469100079,1.38837519701147,1.40582915993906,1.4247498874768,1.45205820909505,1.46216009191313
"pioneer:breeder",3.97735662201565,"density",1.51487767836527,1.52590532534445,1.55539975287721,1.57580045396132,1.59818034599837,1.630644840947,1.64188182071873
"pioneer:breeder",4.21286593061052,"density",1.6954872134939,1.70762498767898,1.74252156209851,1.76645088707181,1.79377806797436,1.83097802133111,1.84593050485028
"pioneer:breeder",4.46232033885469,"density",1.89638206880233,1.90956357179901,1.9521372736465,1.98058969055842,2.01242523080668,2.05658981511743,2.07392721198201
"pioneer:breeder",4.72654557124029,"density",2.11884879515403,2.13476299999191,2.18600417829473,2.21960266309682,2.25754768392339,2.30842069788764,2.33096826557078
"pioneer:breeder",5.00641624548745,"density",2.36572784337333,2.38612713801375,2.44693901805274,2.48701183095028,2.53036304585761,2.58872254138128,2.61579692590112
"pioneer:breeder",5.30285876763557,"density",2.63994021779593,2.66427176990458,2.73362633583326,2.78134303434602,2.83063556112042,2.90229633478861,2.92654526400226
"pioneer:breeder",5.6168543985602,"density",2.92791923636637,2.96206438554981,3.0457895226663,3.10230258163699,3.1608975833181,3.24889761100063,3.27316858690523
"pioneer:breeder",5.94944250206614,"density",3.23841284913416,3.26748345008476,3.37508122467759,3.45063109321908,3.52215128408764,3.62537381507875,3.66121796810764
"pioneer:breeder",6.30172398530825,"density",3.54968194540089,3.59142203121434,3.71995063923763,3.81556005055012,3.90581180049612,4.0332737162414,4.07555781964217
"pioneer:breeder",6.67486494292836,"density",3.8868116715152,3.93151855504284,4.08215505352406,4.19857055993134,4.31240532547498,4.47259431353675,4.51539240075404
"pioneer:breeder",7.07010051697063,"density",4.24684511839666,4.29995953991351,4.47235088994661,4.60295644294688,4.73597636649546,4.92979496134225,4.99018285340835
"pioneer:breeder",7.48873898535221,"density",4.64060698997398,4.69756064598298,4.89484296997399,5.04162903115582,5.19226492958019,5.4238921502768,5.48952775394502
"pioneer:breeder",7.93216609242261,"density",5.07260011645489,5.13273907554601,5.35314910090598,5.51837544716483,5.68480219300497,5.94990249724804,6.02622988950667
"pioneer:breeder",8.4018496359464,"density",5.54090583258132,5.60314580307151,5.85426793610687,6.03649432366516,6.22745593323144,6.52099943227272,6.61147970531667
"pioneer:breeder",8.89934432569262,"density",6.05049906902754,6.1176539271617,6.40080809727993,6.61015975741538,6.82156843504528,7.14574594539898,7.24936393135963
"pioneer:breeder",9.42629692971367,"density",6.59887143357681,6.68810919754655,7.00078478754354,7.23246273008366,7.47171434794796,7.83248658685677,7.94953942412128
"pioneer:breeder",9.98445172534819,"density",7.19602825913998,7.30195300625874,7.65818060393022,7.91570922755428,8.18520232282441,8.58818798387787,8.71221487072884
"pioneer:breeder",10.5756562729917,"density",7.84697433076346,7.97041548697132,8.37449662383422,8.66053421664951,8.97032582796077,9.42188667267321,9.55715866234817
"pioneer:breeder",11.2018675317465,"density",8.5614574597943,8.70038558650523,9.1523483918683,9.47345424389274,9.83033586881701,10.3293329523858,10.499475195626
"pioneer:breeder",11.865158337195,"density",9.33683797473913,9.50432428528799,10.0030048295813,10.3673021871925,10.7776055009989,11.3289936757879,11.5222490430504
"pioneer:breeder",12.5677242627381,"density",10.1782215742635,10.3756327439143,10.9280311524894,11.3397835014783,11.8086076862075,12.4365235260148,12.6467116890792
"pioneer:breeder",13.3118908872106,"density",11.0982192506549,11.3237554965812,11.9440601409699,12.4114625652126,12.9419453996362,13.6556382693153,13.8904328767369
"pioneer:breeder",14.1001214928303,"density",12.0997740729626,12.3607126637529,13.0454782153751,13.5782229519594,14.1849022358647,14.9899115146721,15.2736806810656
"pioneer:breeder",14.9350252189632,"density",13.192712321163,13.4896614224095,14.2600438271147,14.8712707943571,15.554054810921,16.4784330415282,16.8126121107317
"pioneer:breeder",15.8193656986918,"density",14.4134885387509,14.758355925277,15.6282972080753,16.3162942275253,17.1191091488761,18.2222229203081,18.7137799942315
"pioneer:breeder",16.7560702067779,"density",15.8203710351117,16.1906406821577,17.1988865661417,18.0075533099033,18.9672149551176,21.0060230034598,22.1693077191602
"pioneer:breeder",17.7482393492988,"density",17.4875040045249,17.8331274006996,19.0852189695544,20.168109192711,21.5367215957832,26.972513433846,29.2266796564314
"pioneer:breeder",18.7991573270313,"density",19.3790646141676,19.8023547345797,21.4425349371068,23.2318420337342,27.8039890354471,36.1617960651573,39.0223742729374
"pioneer:breeder",19.9123028065563,"density",21.6889066850231,22.3539561113435,25.0286687064982,30.5839667271238,38.3678166679479,50.1364463767734,54.57575571955
"pioneer:breeder",21.0913604350691,"density",25.3866135422568,26.3330348935674,34.5158759382716,43.961229045485,53.862505488277,71.8802093052948,78.2014805702935
"pioneer:breeder",22.3402330370112,"density",31.6775387922404,36.3089164276012,50.5779776312788,62.6674689558919,77.352962655956,104.898421147285,116.268941615594
"pioneer:breeder",23.6630545328941,"density",47.0804749188963,53.6926951932401,73.0832951580062,90.6552471171277,113.688936559542,159.374503549507,177.487069387583
"pioneer:breeder",25.0642036230806,"density",67.624658137826,74.9760028088424,103.81431306858,131.106763473622,170.256442913299,246.393926960406,275.165491518724
"pioneer:breeder",26.5483182818163,"density",90.9861987231354,102.360632381661,145.280227740404,192.126116293601,257.873980050946,388.957017051689,443.305892262647
"pioneer:breeder",28.1203111094894,"density",121.777756197975,134.432740271566,203.081981132468,281.794765297689,392.50872247182,619.040074086105,718.019981857308
"pioneer:breeder",29.7853855939374,"density",155.628305690026,177.271847042575,284.789460181782,411.889162419388,607.464224208862,1003.09145580665,1185.78749493516
"pioneer:breeder",31.5490533346251,"density",198.849074140807,230.818244647647,394.047100008313,604.754788332956,942.261821941147,1635.11751698506,1955.04858128105
"pioneer:breeder",33.4171522867112,"density",253.890555272373,299.921898089374,546.831102033558,883.644132551593,1454.58458051671,2690.5413467256,3272.26681748767
"pioneer:breeder",35.395866085391,"density",322.059585433827,382.710418928596,753.625285098335,1298.69279211469,2261.18129193596,4341.09982548564,5339.80668169074
"pioneer:breeder",37.4917445144825,"density",405.318954616235,489.804400141478,1033.88895798673,1884.6558614434,3514.96340504161,7137.99536689079,8959.10014113218
"pioneer:breeder",39.7117251870093,"density",515.482034754221,622.691562450795,1416.79358916911,2747.13377989523,5506.43769442529,11858.1536349504,14967.7815348018
"pioneer:breeder",42.0631565095448,"density",649.329577792187,799.5017536828,1950.24862504529,4023.25314814735,8584.045560936,19704.8954618397,24852.272720558
"pioneer:breeder",44.5538220063341,"density",821.593474782107,1022.44059439753,2681.89953093845,5893.31295981567,13419.8487654738,33017.7986362278,41889.7288286862
"pioneer:breeder",47.191966083707,"density",1038.92784776424,1302.4132447418,3669.84780560031,8649.28222723588,21012.6047715321,55241.2654516247,69605.3833424418
"pioneer:breeder",49.9863213200684,"density",1313.4609257238,1654.61424107061,4993.49446949242,12589.1337787095,32762.744353318,92177.6137323641,116100.419689505
"pioneer:breeder",52.9461373717968,"density",1664.4159874434,2118.45315665043,6873.89704142757,18513.6128929038,51488.9169922009,155781.820332171,194145.641384831
"pioneer:breeder",56.081211590734,"density",2060.6929609282,2710.36753001402,9358.23391757681,27113.2250014706,80893.150201768,260547.197602973,323296.390332371
"pioneer:breeder",59.4019214546141,"density",2573.47336871391,3446.37026296124,12810.0118677595,39670.9899828618,127129.258301938,432023.662709139,548558.20002085
"pioneer:breeder",62.9192589177791,"density",3251.46337444353,4438.66199028966,17455.9262752219,57890.2195195797,199021.141960205,727376.509235453,922253.139158524
"pioneer:breeder",66.6448667958873,"density",4050.28135495456,5630.26953763634,23500.0801162299,83835.4051655414,313347.858472709,1222795.68711064,1554903.64391291
"pioneer:breeder",70.5910773050526,"density",4792.16114597875,6929.39319793487,31022.3116899076,117424.96418176,475226.992389879,2004684.7338224,2632520.68012847
"pioneer:breeder",74.7709528829822,"density",5608.46704043045,7784.9163798378,37816.9681244918,154114.804227132,649104.687770657,2960984.48947191,3907997.22197786
"pioneer:breeder",79.1983294272374,"density",5959.84021422647,8324.16940040745,43360.3618391696,190398.92432334,860213.677553712,4192984.5632709,5617602.39209242
"pioneer:breeder",83.8878620937411,"density",6233.91391394498,8992.02905595357,49997.6387980469,234711.769280917,1137259.4779068,5968141.5677206,7972327.31591359
"pioneer:breeder",88.8550738071293,"density",6603.09333810629,9714.11921964629,57913.0960045823,286035.323524468,1506274.59174231,8313397.46930195,11453575.909597
"pioneer:breeder",94.116406643524,"density",6811.78312017319,10484.0606892538,67031.146530678,349248.117970728,2010220.32926573,11789393.7327824,16228675.1704321
"pioneer:breeder",99.6892762558085,"density",7323.22424795921,11356.9342113576,76546.4333318266,425795.823955955,2657114.59232202,16445064.7055391,23377611.6139617
"pioneer:breeder",105.592129521561,"density",7824.55298365451,12389.4754700309,87501.2613324915,526936.755553222,3499890.06882373,23285255.1993599,33868259.3551447
"pioneer:breeder",111.844505604468,"density",8325.7595768473,13235.2760514127,99942.2515823028,643440.559756921,4573355.28416911,32883554.3361481,48698495.6676931
"pioneer:breeder",118.467100631337,"density",8765.42693143598,14136.0542620349,114776.238399038,795648.557480741,6040511.54945484,46405865.9685197,69873978.1166321
"pioneer:breeder",125.481836198796,"density",9212.58476093148,15173.5522253932,131415.352201088,971775.768254689,7908669.40285134,65440680.1122154,100114172.609492
"pioneer:breeder",132.911931936456,"density",9682.55548562235,16160.5756488293,150658.621390428,1191111.90095697,10318665.0101441,91664558.2883894,141719733.379794
"pioneer:breeder",140.781982366709,"density",10268.3793363205,17320.7060873745,170472.325176331,1453365.16588093,13471962.5105667,129716088.974711,204454166.437442
"pioneer:breeder",149.118038315596,"density",10790.3617539325,18528.7216786394,197871.222241221,1787475.49354622,17713098.1363848,185576374.344986,296370824.793678
"pioneer:breeder",157.947693144217,"density",11339.9212139517,19672.027664739,227809.033936594,2178158.63785069,23567483.7357785,260931999.031333,429623070.158764
"pioneer:breeder",167.300174086119,"density",11924.2433673914,20929.6427505987,261885.889688564,2680758.38069134,31072495.3468143,369758806.33582,618502063.227952
"pioneer:breeder",177.206438993,"density",12543.1657675343,22442.8684174545,302242.258609392,3305121.59727536,40839605.8682583,521665591.787819,888721074.662212
"pioneer:breeder",187.69927880897,"density",13216.4433169777,23929.9398152338,347800.604550701,4094747.5263008,53398306.4981234,740432206.253048,1269565845.40866
"pioneer:breeder",198.813426112576,"density",14064.5594069458,25618.4426191075,402120.121854976,5019818.03822954,70386581.243321,1054080364.29019,1830982814.75622
"pioneer:breeder",210.585670085866,"density",15052.6478085284,27370.2972895602,464448.659298078,6162511.84470123,92605349.2983375,1492756080.07064,2658386040.68317
"pioneer:breeder",223.054978291067,"density",15837.2090401009,29339.8389436272,535232.800751406,7518186.76622514,122106694.98499,2116664192.70496,3814019445.47734
"pioneer:breeder",236.262625657963,"density",16708.2029545187,31630.7233029736,611706.965130639,9096066.5390878,161890961.101504,3015718362.93631,5519289568.79472
"pioneer:breeder",250.252331108946,"density",17476.0172612709,34060.6108370854,701636.703618759,11103784.420034,215018679.065496,4303720246.55862,7933220429.90425
"pioneer:breeder",265.070402273974,"density",18246.1290191867,36655.0555567738,809573.940046982,13675104.1060359,282610300.026467,6135492594.63943,11460969794.9964
"pioneer:breeder",280.76588877447,"density",19360.633141233,39172.9677744281,924140.59467294,16911753.7285988,369342231.376486,8671973497.48773,16397709284.0133
"pioneer:breeder",297.39074458355,"density",20369.8660273082,42329.4551485054,1068348.30035848,20850520.9710603,487956790.518943,12316979541.0392,23603090353.2285
"pioneer:breeder",315,"density",21507.3906239268,45155.1076773292,1234920.65024194,25647954.2476525,646665499.670814,17581862959.0666,33826451375.3046
"pioneer:breeder",1,"total production",0.378429338237206,0.383386371542302,0.396219163023069,0.404907834486486,0.414782931828096,0.428341685974773,0.432355046261033
"pioneer:breeder",1.05921252001675,"total production",0.390430473253742,0.395215424057592,0.407299363125522,0.415591892621467,0.424973513764182,0.437877785407831,0.441842483711287
"pioneer:breeder",1.12193116256024,"total production",0.402841124777602,0.407123590281521,0.418705339205076,0.426471098010178,0.435428259201609,0.447573208822145,0.451526069909437
"pioneer:breeder",1.18836353398076,"total production",0.415444951219756,0.418955721785574,0.430289921388953,0.437875849501789,0.446305733374585,0.45798882725416,0.461743119247797
"pioneer:breeder",1.25872953352377,"total production",0.428298755690283,0.43146089526272,0.442246038823113,0.449556085746093,0.457524107798631,0.469073635235521,0.472493088267091
"pioneer:breeder",1.33326208122323,"total production",0.440794126216877,0.443829164218129,0.454265360181012,0.461520372286423,0.46903565347372,0.480112183942148,0.483802691110804
"pioneer:breeder",1.41220788889523,"total production",0.453047734687795,0.456623508248426,0.46663267669267,0.473939078465036,0.481100951504217,0.491943526855698,0.495500304869808
"pioneer:breeder",1.49582827678426,"total production",0.465909072461753,0.469018648768843,0.479097360892246,0.486488290096932,0.493726980442601,0.504465536672038,0.50777882566965
"pioneer:breeder",1.58440003856497,"total production",0.478126296790598,0.481711241533009,0.491810818447021,0.499385783089894,0.506782101549429,0.517597571580612,0.5212602535122
"pioneer:breeder",1.67821635756304,"total production",0.491185123715129,0.493985570663541,0.504624567483881,0.512485999093339,0.520579384740559,0.531625451175412,0.536033031067517
"pioneer:breeder",1.77758777722769,"total production",0.503693298803643,0.506385139892838,0.517473180237123,0.526186129877963,0.534679740346188,0.54667538058646,0.551322047197992
"pioneer:breeder",1.88284322906832,"total production",0.515712720083104,0.518924937647786,0.530703049695704,0.539999549003405,0.549294708410539,0.562605036627277,0.567376378773575
"pioneer:breeder",1.99433112145793,"total production",0.527581257981459,0.531428355912663,0.544228009653883,0.554337442805629,0.564362980705174,0.579969395386156,0.584705111951792
"pioneer:breeder",2.11242049290729,"total production",0.544741255318902,0.548789963699967,0.561932309757755,0.571863975275396,0.582077512793597,0.598258107766468,0.604407743803687
"pioneer:breeder",2.23750223362737,"total production",0.59117218083264,0.596484158463043,0.61421299003726,0.625740952218407,0.637346194588732,0.65337312502203,0.659401105392867
"pioneer:breeder",2.36999037942355,"total production",0.660085540155384,0.666552201266319,0.686255609739109,0.698886394759763,0.711200742096776,0.72846504209005,0.734659669882616
"pioneer:breeder",2.51032348220468,"total production",0.739782144076375,0.746659678699905,0.767821499679693,0.780641171901921,0.793756086177046,0.812972135124691,0.819863800562309
"pioneer:breeder",2.65896606164325,"total production",0.828716509210009,0.836229989547312,0.858531795048051,0.87245968856094,0.886176389394223,0.907468728845452,0.91464951139341
"pioneer:breeder",2.81641014279217,"total production",0.928670970926965,0.936611331036262,0.959799193032149,0.974641472862305,0.989661317515342,1.01322477371839,1.0209421960329
"pioneer:breeder",2.98317688474764,"total production",1.03933419883451,1.04758370082128,1.07236799093747,1.08867970493956,1.1058050472002,1.13156737949,1.13865767500168
"pioneer:breeder",3.15981830574927,"total production",1.16208280258806,1.17241892071245,1.19847925885695,1.21625705374783,1.23565436741019,1.26431174574588,1.27273667896829
"pioneer:breeder",3.34691911042775,"total production",1.29935156928445,1.31055285810551,1.33872388678998,1.35917217079529,1.38125739814674,1.41288747778855,1.42184458994315
"pioneer:breeder",3.54509862524841,"total production",1.45230551835567,1.46382005247987,1.49587062168736,1.51900887151836,1.54389121642779,1.57913427838813,1.59099859392071
"pioneer:breeder",3.75501284855729,"total production",1.62123961692682,1.63406611544002,1.67093597230488,1.69713491658181,1.72562991528055,1.76684731712957,1.78327561096162
"pioneer:breeder",3.97735662201565,"total production",1.80936935245088,1.82289718502753,1.86604969017915,1.89707612459737,1.92939580054626,1.97624690017604,1.9958286425593
"pioneer:breeder",4.21286593061052,"total production",2.01653241373092,2.03310339495215,2.08441936613259,2.11973288072873,2.1569692081397,2.2133111860054,2.23488873992966
"pioneer:breeder",4.46232033885469,"total production",2.24607410315441,2.26687088062775,2.32729555814233,2.36880269488557,2.41211907556577,2.47825481992726,2.5046175107411
"pioneer:breeder",4.72654557124029,"total production",2.50374532752341,2.52645474433287,2.59784806121812,2.64616667206672,2.69825266484078,2.77291433543883,2.80512397019424
"pioneer:breeder",5.00641624548745,"total production",2.78712296076249,2.81405801490073,2.89843711470396,2.9557093998277,3.01468409344368,3.10162055057262,3.13653987785282
"pioneer:breeder",5.30285876763557,"total production",3.09927743469034,3.13049441502281,3.22869413443471,3.29537518760605,3.36425265147786,3.46624113388731,3.50138222239895
"pioneer:breeder",5.6168543985602,"total production",3.42684289075884,3.46561358779774,3.58706701950049,3.66240014636493,3.74872572469455,3.86375005076529,3.90831745390519
"pioneer:breeder",5.94944250206614,"total production",3.77327994162586,3.81467280155746,3.96074862372086,4.06317041770573,4.16290615619413,4.29584701065647,4.35126511459171
"pioneer:breeder",6.30172398530825,"total production",4.1212205112036,4.18535890822593,4.35316969996753,4.47693959076017,4.60308228037655,4.76942221287725,4.82326329025293
"pioneer:breeder",6.67486494292836,"total production",4.49805778292765,4.56895116996864,4.76103723628508,4.91075214101096,5.05802509503057,5.2720573618155,5.33254550580337
"pioneer:breeder",7.07010051697063,"total production",4.89590494120736,4.97895410848255,5.19755729792493,5.37126644501492,5.53865173615613,5.79853970596502,5.86700313419036
"pioneer:breeder",7.48873898535221,"total production",5.33311173297204,5.41780690514312,5.6672130202232,5.86327585261977,6.05849216349032,6.35455668490462,6.42995714376348
"pioneer:breeder",7.93216609242261,"total production",5.80367583107098,5.90305759891101,6.18128001334991,6.39827883158593,6.61702380834734,6.94523415880191,7.04533074613779
"pioneer:breeder",8.4018496359464,"total production",6.31789991587689,6.42151882351646,6.73631480386376,6.9815504225134,7.22599617209606,7.59169097873265,7.70408199100722
"pioneer:breeder",8.89934432569262,"total production",6.87437213432967,6.99177207326454,7.34281580369239,7.61838922821074,7.89361907005914,8.29552773017257,8.41849659909218
"pioneer:breeder",9.42629692971367,"total production",7.47908031849736,7.61401825119437,7.99996190725919,8.31139802246318,8.62341609966637,9.0671109333763,9.21142824813371
"pioneer:breeder",9.98445172534819,"total production",8.11952721697781,8.29000736607298,8.71875035277412,9.06810294328287,9.42482936864896,9.92156234455352,10.0811849611657
"pioneer:breeder",10.5756562729917,"total production",8.834500404079,9.01623153398146,9.50127860479707,9.88797121347312,10.29678985182,10.8418300479826,11.0388228307605
"pioneer:breeder",11.2018675317465,"total production",9.60555239932729,9.80099394501486,10.3497753604363,10.7785058234941,11.2447321984712,11.8674162432642,12.0776234919119
"pioneer:breeder",11.865158337195,"total production",10.450981709437,10.664379640278,11.2810811413579,11.7577427760605,12.284723437882,12.9810579383675,13.199562018248
"pioneer:breeder",12.5677242627381,"total production",11.3637577857933,11.5941364663457,12.2902991396825,12.8256831138217,13.4173430581987,14.2124147294575,14.4501347807189
"pioneer:breeder",13.3118908872106,"total production",12.3522742707006,12.6036597683334,13.3943710830387,13.9984864211209,14.6640614764041,15.5674150377396,15.8364723310577
"pioneer:breeder",14.1001214928303,"total production",13.4280816087222,13.7141481334912,14.591608157263,15.270635032098,16.0183581362922,17.0439392041465,17.3287585387612
"pioneer:breeder",14.9350252189632,"total production",14.5954259596864,14.9130894690153,15.8956942448088,16.6659996794459,17.4971991176972,18.6762075036551,19.0458460061439
"pioneer:breeder",15.8193656986918,"total production",15.9238714198607,16.2429987821204,17.3458271049138,18.2339369702858,19.1759987419901,20.5655532505354,21.1479327834195
"pioneer:breeder",16.7560702067779,"total production",17.3395775553016,17.7377282094955,19.0294129276486,20.0909450226612,21.246307811444,23.4815438919226,24.771660729189
"pioneer:breeder",17.7482393492988,"total production",19.1338347520856,19.4969061595984,21.0526057690091,22.4301216714189,24.0476264858412,30.052751942972,32.3839597921795
"pioneer:breeder",18.7991573270313,"total production",21.1371850730461,21.710297876674,23.6778719109263,25.7804577247319,30.8461915241758,40.0361721776176,43.7737795192584
"pioneer:breeder",19.9123028065563,"total production",23.8290411489975,24.5578178164736,27.573421908162,33.6157309343569,42.5160317870882,55.6036808230006,60.1495789715504
"pioneer:breeder",21.0913604350691,"total production",27.6627949899926,28.8660198102195,38.0748232174238,48.228831788842,59.1482791614838,79.3675848674188,86.7890715268405
"pioneer:breeder",22.3402330370112,"total production",34.9708231391833,39.8351658729334,55.4293676415002,68.624490138946,84.9887383978266,115.462686972977,129.024627203503
"pioneer:breeder",23.6630545328941,"total production",51.9830861000846,58.5763341229604,79.6618660190825,98.8687714531368,123.857960416258,174.118352283427,195.172114332734
"pioneer:breeder",25.0642036230806,"total production",73.9084780511665,82.368397514346,112.741446543054,143.192785743613,184.412119244025,267.14412460526,306.619425334767
"pioneer:breeder",26.5483182818163,"total production",99.1364124797501,110.473648294422,157.229793953971,208.610678216269,280.081279921377,419.227393481341,483.08024572232
"pioneer:breeder",28.1203111094894,"total production",129.870733002792,145.607272314086,221.275546511711,304.341503585496,424.649194236846,673.641945689339,786.325547031279
"pioneer:breeder",29.7853855939374,"total production",167.274178271399,189.771986502296,308.49167741271,442.96981977422,653.88733697164,1085.88688580647,1276.46909359364
"pioneer:breeder",31.5490533346251,"total production",212.285842411925,247.568840692019,427.840683683638,643.196335671896,1014.8418564011,1771.35754955369,2104.71246019364
"pioneer:breeder",33.4171522867112,"total production",268.483258492342,320.514408776758,584.733187444757,941.756639789726,1554.37724474653,2857.37096832733,3453.48551990944
"pioneer:breeder",35.395866085391,"total production",341.373744526305,408.403367504607,805.377573318894,1370.55352225555,2421.19738772947,4689.3747533548,5703.54295705199
"pioneer:breeder",37.4917445144825,"total production",432.116492023244,522.669795066324,1109.12496593639,1994.24769979722,3744.16573488764,7717.57963050738,9465.14778310906
"pioneer:breeder",39.7117251870093,"total production",547.609665094617,665.832054894807,1521.00083285223,2913.04080533385,5850.78482635486,12625.7782262737,15984.306544532
"pioneer:breeder",42.0631565095448,"total production",684.941135453257,853.901319064516,2073.21749527557,4272.01872721966,9121.64874600686,20921.1673820032,26544.5328909229
"pioneer:breeder",44.5538220063341,"total production",862.945579642331,1079.59167607939,2822.67077543578,6231.12420987184,14173.3389917631,34782.1776986783,44264.0483789758
"pioneer:breeder",47.191966083707,"total production",1089.06944734758,1367.96198994825,3836.7862476812,9119.94419481418,22093.9993833235,57741.2051326086,73787.9893632213
"pioneer:breeder",49.9863213200684,"total production",1364.51205248502,1738.81834049746,5300.24445496757,13301.903952616,34569.5072967881,96730.6353512187,122784.646701419
"pioneer:breeder",52.9461373717968,"total production",1710.55090430009,2210.33271522817,7244.5751957568,19320.0906440676,54108.3883441209,161977.087973241,207024.253150643
"pioneer:breeder",56.081211590734,"total production",2138.18171483781,2835.64086554451,9877.22048958385,28230.5864363793,84290.0629572774,271136.465128667,344549.169708628
"pioneer:breeder",59.4019214546141,"total production",2665.88128392014,3601.95268081367,13356.3778337072,40965.7904286143,131817.01977941,452703.119807517,576797.815422977
"pioneer:breeder",62.9192589177791,"total production",3330.81314015421,4569.70721551319,18168.9620634686,59389.5015005391,206058.938207512,749395.150703244,958108.161678346
"pioneer:breeder",66.6448667958873,"total production",4148.13063031345,5783.2310574321,24584.016900772,86267.3706632054,321554.596700124,1247432.54598531,1616031.4931925
"pioneer:breeder",70.5910773050526,"total production",4971.71983143262,7246.70163735819,32274.3787513566,121413.095118672,491262.151915552,2041813.07762395,2666331.78889745
"pioneer:breeder",74.7709528829822,"total production",5674.84479833539,8178.70861764314,38766.2913695463,157890.760939944,668757.204788455,3039998.55569942,3996858.33483413
"pioneer:breeder",79.1983294272374,"total production",5992.18614832269,8792.97123898868,44797.2034809836,193473.961510794,879990.059448322,4252129.00708913,5711734.59117009
"pioneer:breeder",83.8878620937411,"total production",6285.7385560493,9397.16656070018,51861.8377785055,236031.829305107,1163951.15614831,5949160.78041291,8084492.09126115
"pioneer:breeder",88.8550738071293,"total production",6621.70102808338,9967.2839535303,59621.4962866118,288830.825249244,1529271.06166055,8445420.23451875,11565377.7909964
"pioneer:breeder",94.116406643524,"total production",6976.89896929466,10732.8071313015,68264.3142673673,353540.489008094,2003048.8997495,11861586.2875247,16498932.4123283
"pioneer:breeder",99.6892762558085,"total production",7339.90459882276,11702.9825167532,77932.5780774886,430650.810345304,2661029.8459876,16359280.6156525,23495984.6958814
"pioneer:breeder",105.592129521561,"total production",7782.94994677194,12507.4830503988,87920.74535664,528031.129051999,3554398.43092431,23164671.2745207,33293040.1972161
"pioneer:breeder",111.844505604468,"total production",8185.8994153265,13373.7099838731,100586.53029872,640834.220630119,4611278.83165777,32353039.0917954,47587105.1409534
"pioneer:breeder",118.467100631337,"total production",8611.01808315183,14052.4136437238,115377.53341752,773522.095565792,6023480.16578436,45906308.4767542,68373102.2304268
"pioneer:breeder",125.481836198796,"total production",9112.11265524058,15068.3073815951,131886.988277391,948758.498115176,7918798.80016404,64545244.8454422,99478608.1228707
"pioneer:breeder",132.911931936456,"total production",9611.86289316355,16139.0873252663,151579.900599046,1161546.40431949,10365590.3806087,91568098.9948834,143575624.39995
"pioneer:breeder",140.781982366709,"total production",10173.6464836969,17204.2677620715,174580.931916555,1417846.30563848,13517289.9238233,129163742.942353,203820439.480636
"pioneer:breeder",149.118038315596,"total production",10692.0082233656,18240.8729777958,198629.107919234,1739851.12234693,17730515.8225966,182524457.496331,292978325.731087
"pioneer:breeder",157.947693144217,"total production",11236.7812548815,19245.681591207,227700.988499293,2128678.9704433,23202019.6396646,256073487.281943,415438173.2667
"pioneer:breeder",167.300174086119,"total production",11809.6837560051,20747.1913246192,258713.521632137,2608060.59666823,30771405.690752,361187568.303423,598615540.664416
"pioneer:breeder",177.206438993,"total production",12521.0629105555,22507.9550626742,296697.889085118,3196041.01660883,40196950.3135876,512903657.714881,863135369.632258
"pioneer:breeder",187.69927880897,"total production",13230.7254118167,23840.5532960885,342777.305485127,3909901.29395246,52728362.7869605,719266882.923624,1244272083.05271
"pioneer:breeder",198.813426112576,"total production",13721.9540382311,25628.323090185,391586.992011458,4792061.05969075,69170420.8053406,1016376104.6962,1794183720.12988
"pioneer:breeder",210.585670085866,"total production",14407.9671088443,27289.6936044475,449241.810037462,5889865.02100133,91278896.7411462,1426085980.53793,2593341927.45628
"pioneer:breeder",223.054978291067,"total production",15142.2069009994,28875.9442431686,513194.123455753,7196166.06971372,119014658.029222,2050537583.50859,3728418702.33823
"pioneer:breeder",236.262625657963,"total production",15911.9051368933,30624.232450044,586609.051494057,8791015.47757713,156808007.011579,2924174734.70851,5375931436.73821
"pioneer:breeder",250.252331108946,"total production",16723.0338813246,32915.1259810599,673913.357926876,10728528.5167455,207265860.344681,4155184520.92228,7749653784.32176
"pioneer:breeder",265.070402273974,"total production",17575.5110805453,35160.6990044257,769232.393432431,13143897.9549775,271738158.496759,5904743431.12176,11149232362.722
"pioneer:breeder",280.76588877447,"total production",18452.8421714045,37329.6872058268,884950.22474829,16103159.2806924,358385212.737631,8363436798.42787,15923151622.3295
"pioneer:breeder",297.39074458355,"total production",19273.4734794035,39604.197207967,1016734.58974943,19758688.3386891,467596143.43413,11843607595.0788,23100487431.1802
"pioneer:breeder",315,"total production",20402.6541936371,42402.4268960051,1168056.81444137,24231356.2561324,614857273.359126,16772800404.0378,33257447975.9327
