fg,light_per_area,q025,q05,q25,q50,q75,q95,q975
fg1,1,0.7370173261021439,0.7408665817405586,0.753114944414254,0.7616196903535255,0.7698306122082917,0.7818927212618754,0.7848778340794393
fg1,1.0620598036192959,0.7312810133691297,0.735187276689894,0.7473221171090331,0.7558115533805426,0.7640221121235519,0.7760986032935749,0.7791611928534741
fg1,1.1279710264638572,0.72541489039636875,0.7293209092551942,0.7414585926308874,0.7498914846119524,0.7581038649752487,0.7702756165290319,0.7732429299318075
fg1,1.1979726868544596,0.7194453531076225,0.7233454492748557,0.7355043736367102,0.7439221334346884,0.752117957185964,0.7642396049118637,0.7672051468382765
fg1,1.2723186365419275,0.7134157704330022,0.7173570200941474,0.7294532820336808,0.7378338044758603,0.7460274225042518,0.7581364516807628,0.7610928935066059
fg1,1.3512784812668899,0.7073943108228125,0.7112673985786961,0.7233526105285667,0.7316682311327194,0.7398367680159615,0.7519021368033916,0.754889066928074
fg1,1.4351385584492933,0.7012074406145524,0.7050925309649729,0.7171737538445055,0.7254067775253731,0.7335852534980781,0.7456181108476182,0.748577307836832
fg1,1.5242029755531357,0.6949483116431746,0.6988741750999488,0.7108716597174527,0.7190673523190692,0.7272273502250912,0.7392198599005613,0.7421468228906651
fg1,1.6187947128919096,0.688627012916114,0.6925323815218811,0.7044856559049912,0.7126464154705744,0.7207464178340514,0.7327252061607765,0.7356266614651322
fg1,1.719256794873936,0.6822099193074669,0.6861775255156639,0.697994251952362,0.7061198639126067,0.7141694336569833,0.7261189256928134,0.7290018324234864
fg1,1.8259535339349522,0.6757984790958458,0.6797994071124049,0.6914045700607558,0.6995378894090003,0.7075125812530946,0.7193184650772295,0.7222732623410207
fg1,1.9392718516689147,0.6693001198062933,0.6733007627930158,0.6848135872565128,0.6928214262506314,0.7007599862865346,0.712443680650419,0.7154433645374294
fg1,2.0596226819479155,0.6626158316275442,0.6667037053029686,0.6780991937213319,0.6860383822483624,0.6939157261837084,0.7055169406547402,0.7085132279369336
fg1,2.1874424611194505,0.6559957969391765,0.6600832288908487,0.6712913188333562,0.6791693825112912,0.6870298814252259,0.698485246591761,0.7014428053996205
fg1,2.3231947106850326,0.6493199043675622,0.6534578500709964,0.6644321879965716,0.6722973772330716,0.6800319089528032,0.6913386895343613,0.6943600303609545
fg1,2.4673717181995323,0.6425341305845739,0.6465633784098068,0.6575224155675213,0.665300065075668,0.6728991528298685,0.6841621687040563,0.6871756429658149
fg1,2.6204963224868,0.6356456302502715,0.6396786362149073,0.6505366483681696,0.6582649388905452,0.665707432335748,0.6768867972925453,0.679866747194316
fg1,2.7831238096454176,0.6288821093872461,0.6328299560968437,0.6434519646523422,0.65114525533273,0.6584644138467027,0.6695314629892296,0.6724679880834747
fg1,2.9558439267201986,0.6219727368808815,0.6257670100476103,0.6363383947749357,0.6439258670281278,0.651107948293441,0.6621307775106386,0.665073897960217
fg1,3.1392830203417423,0.6150561307285882,0.6187209195153354,0.6291605557099537,0.6367056390037628,0.6437073088429033,0.6546236753048811,0.6574735130446836
fg1,3.334106308089541,0.608054173045042,0.6116622738661062,0.6219381984102528,0.6294055037648678,0.6362932338082776,0.64695475208766,0.6499447259085178
fg1,3.5410202908154327,0.6009505270120167,0.6044914704723012,0.6146598523627836,0.6219949641681358,0.6287559779248796,0.6393130239311376,0.642340476412176
fg1,3.7607753146753806,0.5937867544834201,0.5973145464122648,0.6073048463343143,0.6145501924257484,0.621183531466746,0.6316022105425154,0.6346574651236795
fg1,3.99416829216043,0.586599820417625,0.5899972356114295,0.5998697444368326,0.6070333727953594,0.6135341019249935,0.6237017422957649,0.6268352406732154
fg1,4.242045591994324,0.5793978329887937,0.5827904484317723,0.5924496248590843,0.5994646066824558,0.6058678715989185,0.6157402674938934,0.6187631885599143
fg1,4.505306108377591,0.5722252920119134,0.5755115808794227,0.584908175774333,0.5918655875434657,0.5981178594383004,0.6078471397038419,0.6106535206778105
fg1,4.784904520708318,0.5649465694721008,0.5682249805537302,0.5773943761840395,0.584260578763004,0.5902746544137429,0.5998268464677605,0.602658007923622
fg1,5.081854755600558,0.5576757943962317,0.5607660368512354,0.569802648146718,0.5765369547382119,0.5824654884059082,0.5918411753574581,0.5946008940569525
fg1,5.397233663754912,0.5502637999020598,0.553330913399228,0.56214639618861,0.5688170475249712,0.5746042652653588,0.5837408776073745,0.5864498997023403
fg1,5.732184925014995,0.5428274123554376,0.545875451739106,0.5545437387271496,0.5609944909789819,0.5667341135039252,0.5757007617163918,0.5782205124091213
fg1,6.087923195770913,0.5354875969851627,0.5384541372288199,0.546784725868168,0.5531779712305114,0.5587785047434072,0.5675459775141951,0.5698767350260635
fg1,6.4657385137498125,0.5280552147872599,0.5309781665866123,0.5391230902327031,0.5453314818858257,0.5508182756492078,0.5593632851829057,0.5615651264499711
fg1,6.8670009761668425,0.5206220674566286,0.5234869167996358,0.5313828687820831,0.537478266453408,0.5428484317315054,0.551135919991421,0.5533171254802123
fg1,7.293165708201268,0.5132149061787332,0.5160434030790249,0.523695252243406,0.5295880559758154,0.5348723848002802,0.5428457012948946,0.5450595039123186
fg1,7.745778139815223,0.5058328342630302,0.5084702103838692,0.5159391470758206,0.5216632088401765,0.5268290402838993,0.5346559685939474,0.5366394620908619
fg1,8.22647961005079,0.49843186370492154,0.5009347500502662,0.508219804523521,0.5137293238556431,0.5188057445908855,0.5265002362471655,0.5283165648764148
fg1,8.737013319128684,0.49087593959617265,0.49341361301031683,0.5004851329461137,0.5058501061291373,0.5106886296165555,0.5182558771338336,0.5199083983661835
fg1,9.27923064993298,0.48338023300519256,0.48576453549527876,0.4927898655332529,0.4979296156591144,0.5026654211919699,0.509916387653447,0.5116359349209054
fg1,9.855097881805973,0.4760146344611265,0.47828974293866994,0.48504787945103967,0.4900620896315441,0.49461464279169565,0.5016198187620395,0.5034528733394039
fg1,10.466703320999788,0.46850093439733775,0.47078993529535645,0.4773202934251567,0.4821411933139409,0.48659558896986177,0.49330255090087965,0.4950603584394495
fg1,11.116264873642468,0.46097147708053504,0.4632362512777942,0.46962923331465933,0.47424194881071785,0.4786262171792508,0.48499876155253074,0.48680948661672363
fg1,11.806138088680791,0.45357426718688687,0.45572831038366063,0.4619561296879203,0.46632453066418533,0.47063567670173034,0.476671407660221,0.4784524622298908
fg1,12.53882469996661,0.44604128236124085,0.44814417671739376,0.4542502215767877,0.45845164071803324,0.4626493994806724,0.4683747302137987,0.4703065242130913
fg1,13.316981698463316,0.43871315581064835,0.44055511016854015,0.4465845268454572,0.45058339535763225,0.45467438184389314,0.4601877191649791,0.4620570272033217
fg1,14.143430967471708,0.4312081731001625,0.43302800740782926,0.43886050878752814,0.44273974576810693,0.4467563091428412,0.4520309827529465,0.4538035774219138
fg1,15.021169515816064,0.4238644897468216,0.4254816056052419,0.431161913688734,0.43494150582841185,0.43884589749882963,0.44393787577725724,0.44566834002304684
fg1,15.953380346099763,0.41647961476912604,0.41801620983763765,0.4234979901719922,0.42719986403567056,0.43100924277658026,0.4358986900683535,0.43767676288646223
fg1,16.94344399744265,0.4090073458907496,0.41052891756664084,0.4159532399555754,0.4194890101011661,0.42313158498835496,0.4278901573299021,0.429600691517217
fg1,17.99495080455847,0.4016262159939109,0.40298850823901877,0.408342943896423,0.4118183885254919,0.41527960099461614,0.4198966993355956,0.4216691874747267
fg1,19.11171391762826,0.3942446585335243,0.3955851085217683,0.4008377832942749,0.4041911174265166,0.4075426790087965,0.41219257805774506,0.4138707958640949
fg1,20.29778313018444,0.38689513523223135,0.3882518255909639,0.39324183638902016,0.39657689763266357,0.3998620684284778,0.4043452778969006,0.40592298363051654
fg1,21.55745956515074,0.3795262456246291,0.38094437525986646,0.3857341765818229,0.3890357518379923,0.3921950998365491,0.3965934463870012,0.39804451621482984
fg1,22.895311272294897,0.3722525097569142,0.37364288922725647,0.3782849664173905,0.38159174335853524,0.3846068777357146,0.3890211542159019,0.39040268893359237
fg1,24.31618979365617,0.3650025686272375,0.3663173137493225,0.37091721864664173,0.374140810871868,0.37715612351312117,0.38160064260204224,0.38280570715800416
fg1,25.825247757020005,0.35783909672081843,0.35911179993674425,0.3635706636099796,0.36673537002125733,0.3697108120480803,0.3741859903071697,0.3753573895888759
fg1,27.427957561240326,0.350614156331062,0.35189513420445606,0.35630293132165913,0.3594277084888695,0.3623261108111952,0.36684814990301673,0.3680294022865883
fg1,29.130131221169272,0.3434944338090144,0.3446979053625835,0.34907316738787914,0.35213840787315853,0.3551138779143468,0.35955569821638306,0.3607942968340372
fg1,30.937941444159357,0.3363795159261087,0.33761936558258143,0.3419561521432635,0.3449213989166836,0.3479053214345763,0.35230992769463915,0.3535266849728946
fg1,32.85794401456916,0.3293078648290048,0.33054860713549755,0.33482516215358554,0.3378155371085392,0.34083181513950184,0.3451863274336708,0.3464917581674257
fg1,34.89710156744713,0.32223481975139073,0.32356733974349927,0.3277717807714444,0.33078862302222534,0.3338665378839486,0.33817405458846833,0.3395750893049931
fg1,37.06280883760552,0.3152805555593718,0.3166208395534802,0.32077280779703415,0.32380726447013064,0.3269551324052379,0.3312974468498664,0.3327955915606839
fg1,39.362919475646834,0.30844290018361237,0.3097859022136645,0.31386536195960074,0.3168939238885169,0.3200983713700491,0.32446819254048165,0.325916802817251
fg1,41.805774528187634,0.3016454678730618,0.3029183010275343,0.3070626697515147,0.3100480365627449,0.3133200652831477,0.31780151824599545,0.31933272445741295
fg1,44.4002326855595,0.29487923287362733,0.29613082663263784,0.30032814151903325,0.30331782115847994,0.3066379879288777,0.31114473031083,0.3127405392973363
fg1,47.15570240667637,0.2880977139548013,0.2894546948949699,0.29365562101568643,0.2966719721612474,0.30002440868504,0.3045929320225643,0.30614362328914413
fg1,50.082176037564665,0.2815167507955448,0.28291128488562267,0.28703209011617914,0.2901262092007032,0.2934725888608797,0.29811449815214075,0.29978148112176817
fg1,53.19026604728291,0.2750358880925562,0.27631600484790086,0.2804972753883567,0.2836429837688332,0.2869971686348941,0.2917723588191506,0.29349373994928096
fg1,56.49124351263539,0.26862589539970594,0.26986597036789295,0.27407827194369894,0.27727266117500915,0.28059693268296054,0.28548242128133655,0.28725155739655606
fg1,59.99707899123937,0.2621390224226937,0.263528759119459,0.26776330400954573,0.2709330029905712,0.27431697364089974,0.27937527193464334,0.2812010713346465
fg1,63.720485931167076,0.25579957626280037,0.2571707327762486,0.26152388259061965,0.2647213140301665,0.2681714967166264,0.27331743576313605,0.27497826007845605
fg1,67.67496677458138,0.24953242571652015,0.2508487544494465,0.25531970768007894,0.25862395474571037,0.2621162077908326,0.26725663146841333,0.26892548133191985
fg1,71.87486192255427,0.2433911533502132,0.24465679927658618,0.24926973887182008,0.2526261921439775,0.2561355471030909,0.2613640397049124,0.26315457597435216
fg1,76.33540173863202,0.23727298878343017,0.23864035562914995,0.2432916848580578,0.2467149915629919,0.25027742355084714,0.2555612741341267,0.2574715495690797
fg1,81.07276177973154,0.23129129220077457,0.23270095536663685,0.23743598565898072,0.24084768843134524,0.24449324442363318,0.24989358918863394,0.25184660808904563
fg1,86.10412145465564,0.22541830875178231,0.22687861970291176,0.2316072029300579,0.23508805828368762,0.23877852247598141,0.24423744229407954,0.24615454528998013
fg1,91.44772632294357,0.21973512091949013,0.22116463204711417,0.2258703002738233,0.2294586540284534,0.23315062122756516,0.23870738209216252,0.2405477757287599
fg1,97.12295425997657,0.2139927829313873,0.2155250398464758,0.2202706379870974,0.22391472309018487,0.22766193231079246,0.2332819784361732,0.23525953616363923
fg1,103.15038572827653,0.2084518969395919,0.2099644566370694,0.21480299755545265,0.21846095970899324,0.22221335489636862,0.22799629057298668,0.2299250150706838
fg1,109.55187840982799,0.2029778765335557,0.20451935822968023,0.2094183784270837,0.21311201273033048,0.21691249157947864,0.22274948662055416,0.22461459289037813
fg1,116.3506464700669,0.19751422790464912,0.19917821916490883,0.20415741818503402,0.20783995002584627,0.21169625712813306,0.2176227040774874,0.21948897045133306
fg1,123.5713447409774,0.192162231688465,0.19393702438538377,0.19897024655457357,0.20267758886388948,0.20660468155948264,0.2125292520495574,0.21463504854715967
fg1,131.24015812857476,0.1869258383390613,0.18871547598487873,0.19386165512721087,0.1976182744309773,0.2015175895987799,0.2075949900205246,0.20968387355138873
fg1,139.38489656899932,0.1818159068741041,0.18371157889292555,0.18885046885028156,0.1926561937004377,0.19654467859283792,0.2026969050249326,0.20475796156376308
fg1,148.0350958775673,0.1767988984332998,0.17876363407382298,0.18395022755926543,0.1877533771806404,0.19170987876907883,0.19792994180194878,0.1998742529104092
fg1,157.22212485649277,0.17194575481169885,0.17394774034979746,0.1791463014489142,0.18297013949454177,0.18698159574201667,0.1932221184887889,0.19524612571489108
fg1,166.97929904969516,0.16721549040906367,0.16917475033060428,0.1744187406831471,0.17828460777338107,0.18235361260259347,0.18861526465757272,0.19069791412443424
fg1,177.3420015572069,0.16259002847300913,0.16455957923580133,0.169823654119022,0.173656404918674,0.17777482274337159,0.18401315638516783,0.18618511994126472
fg1,188.34781134730005,0.15806779278092092,0.1600136564119608,0.1653359176851532,0.16914805034983,0.1733143879880955,0.1795953526773179,0.1817071863944345
fg1,200.03663953163772,0.15364847235521228,0.15565802970565856,0.16090095091659654,0.16473933550735953,0.1689382754745697,0.17524861493988034,0.17734327846565945
fg1,212.45087409763482,0.14931001615457054,0.15134099789667685,0.15661733239337872,0.16041397086455206,0.16464801287865624,0.17098305877998252,0.17309134749916402
fg1,225.6355336228818,0.14507947204369034,0.14707121135463083,0.15237569943040835,0.15621042750424274,0.16045387675961087,0.1667983920117232,0.16890744486764842
fg1,239.6384305290529,0.1409814274648583,0.142923220231278,0.14825104365943742,0.1520963451121949,0.1563535900212113,0.1626848544090136,0.1648039210731195
fg1,254.51034446732223,0.13695782185856478,0.13884536821697713,0.14421946699268828,0.14808092410248125,0.1523135879248655,0.15869156134262202,0.1607805795031233
fg1,270.3052064640436,0.13305335432611795,0.13487605764901187,0.14028126475124925,0.14413622346493873,0.1483609528235099,0.15475377561190154,0.15683117725390922
fg1,287.08029449447537,0.12918615541577058,0.1310552216062478,0.13644990428863626,0.14028031187112378,0.144506686723663,0.1508932597716758,0.15296479900927132
fg1,304.8964411937722,0.12542963726581308,0.1272791894804075,0.13267327202209545,0.136532712357328,0.14077529222897403,0.14711414301403122,0.14917454922591583
fg1,323.8182544584796,0.12181079427453635,0.12360512443100018,0.1290090897041612,0.13285812313844442,0.13708443377256355,0.14342391756104564,0.14547850403121584
fg1,343.914351738516,0.11826121892177772,0.1200553001632453,0.12544276617718522,0.12926322048857997,0.13351150051465896,0.13985241179924887,0.1418474284960606
fg1,365.2576088692658,0.11479703185580971,0.11650057593429966,0.12194034820643614,0.1257197665461958,0.12998439683768118,0.13630773777129943,0.13829175990702594
fg1,387.92542434614603,0.11143750782433683,0.11313290201206319,0.11852770552237793,0.12228961592028242,0.1265454269085058,0.13282731776384102,0.13479092778447282
fg1,411.99999999999994,0.10816549506622067,0.10984673484779753,0.11519319789599429,0.11892312339751493,0.12317099242429058,0.12945118350285176,0.13140493273692203
fg2,1,0.2653256307339421,0.2713354592891405,0.28730872472405355,0.29945519883824356,0.31161169073998884,0.32945879802577666,0.3359373981532049
fg2,1.0620598036192959,0.2606261031047227,0.2664318705026518,0.28202215694499333,0.293848513637088,0.3056310945576306,0.32303115991680603,0.32931380758997253
fg2,1.1279710264638572,0.2560691637712704,0.2616533642945756,0.27676074695867253,0.28824219830078424,0.2997310376738789,0.31673055618814333,0.3227254576930669
fg2,1.1979726868544596,0.25152593505528764,0.2569833797736144,0.2715584773399391,0.2826992012699397,0.29389851507370424,0.31044654492092694,0.31613833025956845
fg2,1.2723186365419275,0.2469823492428363,0.25227818913471417,0.26643788412673863,0.2772822237427387,0.28813361131188925,0.30433510808167713,0.3097677462869639
fg2,1.3512784812668899,0.2424857646779609,0.2477561011199628,0.2613624271213837,0.2719598804439678,0.2824286349310018,0.2981033065774136,0.30344843789444526
fg2,1.4351385584492933,0.23814904362882103,0.24298178742695795,0.2564055800464886,0.26661333328238696,0.2767863644633657,0.2919717294423194,0.297132119213895
fg2,1.5242029755531357,0.2338466351880994,0.2384911037509505,0.25139832793915873,0.2613783989584091,0.27119159341700094,0.2859783345572216,0.2908875831011989
fg2,1.6187947128919096,0.22948486753337166,0.23407287717451197,0.24650518662216567,0.25617390479997393,0.2656975289250849,0.2800746709320903,0.2848604783767305
fg2,1.719256794873936,0.22523684795516272,0.22961066529182902,0.24165579148606334,0.2511054789462848,0.2603021510293657,0.2742384340338649,0.278834141800235
fg2,1.8259535339349522,0.2209477146486184,0.2252706108424572,0.23683200902215612,0.2460524954195012,0.2549080599626914,0.2683414045762166,0.27292905728367545
fg2,1.9392718516689147,0.21673240768802618,0.22098961246402926,0.2321421139514617,0.2410754810016496,0.24964218616916017,0.2625286246518573,0.2670362036603267
fg2,2.0596226819479155,0.21277180425594772,0.21672404484710303,0.22754927593064117,0.23612640528612266,0.24440571851029608,0.25682136113898046,0.26124245397401624
fg2,2.1874424611194505,0.20886361717046262,0.212587653449323,0.2230006960639538,0.23124288803839355,0.23925509969306513,0.2514020171885268,0.2555539930216468
fg2,2.3231947106850326,0.2048517136946506,0.20845304446482063,0.21848644337127013,0.22649633459503613,0.23428899197486414,0.24589199146007953,0.24991961301793614
fg2,2.4673717181995323,0.20090822565097707,0.20438587526150137,0.21406716410673643,0.2218167028855192,0.22924263701407663,0.24038715846148978,0.24436562517779375
fg2,2.6204963224868,0.19700337321761996,0.20035573591480899,0.20971979113331213,0.21723583363785595,0.22432334977785146,0.23525711786065512,0.23890624981994818
fg2,2.7831238096454176,0.19322482900812166,0.1964360538494285,0.20536262211134365,0.21267519564780454,0.21942933359881983,0.22995761046536922,0.2335277447885437
fg2,2.9558439267201986,0.18947288281147834,0.19252406540738162,0.20113286838387134,0.20818578133159596,0.2146435002739799,0.22488256143371216,0.22831106588876302
fg2,3.1392830203417423,0.1857345054334441,0.18871146558960755,0.1970023983654713,0.2037180765745214,0.20997475987261524,0.21993316253774767,0.22327340111000774
fg2,3.334106308089541,0.1820533205238312,0.1849192460613792,0.19286922436823412,0.19939071357970212,0.20540542943943763,0.21502371035794307,0.2180956257525825
fg2,3.5410202908154327,0.17836917273682767,0.18120370182014608,0.18880733654659007,0.19505851060828255,0.20084672649796237,0.21016320017977957,0.21306273667599848
fg2,3.7607753146753806,0.17477623843332563,0.17757368859495587,0.18481760519905008,0.19077782524291534,0.19643215548792997,0.20539972606226647,0.20811412977890634
fg2,3.99416829216043,0.17124157586946248,0.1739368009112191,0.18090571015075055,0.18663287109733795,0.19202103144378152,0.2007005739719737,0.2032677809473097
fg2,4.242045591994324,0.1676542912604085,0.17034969210860823,0.17707680223687078,0.18260602588777602,0.1877486183134791,0.19610172171281276,0.19856193191869145
fg2,4.505306108377591,0.16424369258411736,0.16684481467224016,0.17329623757618684,0.17861002973945453,0.18349467383710244,0.19162933843880922,0.19396193253751173
fg2,4.784904520708318,0.16091349836527494,0.16341451714952246,0.16958023682628276,0.1746639005733353,0.17936379134541736,0.18714288448372637,0.18928358206131196
fg2,5.081854755600558,0.15766875846391143,0.15996993107352778,0.1659376433336167,0.17080939928515923,0.17530186947839027,0.18269691436088345,0.1847626950966729
fg2,5.397233663754912,0.15438982990095404,0.15657753016294254,0.16238634729612472,0.16700572689363705,0.17132095407959588,0.17837750155823237,0.1804383395922298
fg2,5.732184925014995,0.15130467836870543,0.1533227863992661,0.15885540008148175,0.16325772464771637,0.16740781571346347,0.17422151667135397,0.17610872216123946
fg2,6.087923195770913,0.14823371194106202,0.1501080909439087,0.1553877278737964,0.15959402177107976,0.1635620359441268,0.1701723435600194,0.1718416640245281
fg2,6.4657385137498125,0.14504119729180706,0.1469358321005997,0.15198072799253515,0.15599605539909295,0.15977704269314258,0.1661571800174666,0.16778283230162597
fg2,6.8670009761668425,0.14201676365615987,0.14373761665798487,0.14866076460526073,0.1524673247502436,0.15608738618588294,0.1621858935656348,0.16378742967846496
fg2,7.293165708201268,0.13909317403691854,0.14063754825427804,0.145376824811559,0.14896913345810608,0.1524791947824323,0.1581883108631063,0.15978293151751774
fg2,7.745778139815223,0.13608304903660648,0.13760947156523917,0.1421546020698651,0.14557928477747611,0.14894800817317744,0.1544253390616331,0.15589602713367523
fg2,8.22647961005079,0.1331843904253306,0.13460985514485924,0.138916329811442,0.14224300090809427,0.14545363041712606,0.15068322504349677,0.15205124980906498
fg2,8.737013319128684,0.13023774943355151,0.13170922309039254,0.13585063004821357,0.1389574707259923,0.14202130909361577,0.1469403508204298,0.1483964831475152
fg2,9.27923064993298,0.12740965305353352,0.12877616970204564,0.132798587366051,0.1357707417728095,0.13867286676280866,0.14337326207528794,0.1448463847598849
fg2,9.855097881805973,0.12461702690202334,0.12590932270097277,0.1298013493987576,0.13261306791132565,0.13541513428789595,0.1399375790397744,0.141346709636947
fg2,10.466703320999788,0.1218523835111393,0.1230954951432262,0.1268168904123617,0.1295308615334299,0.13223012959794106,0.13647900129227922,0.1378356388873827
fg2,11.116264873642468,0.11920667326553971,0.12032798264840475,0.1239086642404358,0.1264910126123392,0.12909216358908673,0.13303940727018698,0.1343925787303077
fg2,11.806138088680791,0.11651461248745484,0.11757854010716916,0.12103132368013159,0.12350658185207639,0.12602871512778302,0.1298168866463179,0.1310220983534018
fg2,12.53882469996661,0.11395424587158484,0.1149122494856078,0.11824396572954683,0.12060476365341817,0.12306240716810292,0.1266401200103309,0.12790962274825285
fg2,13.316981698463316,0.11133515416088655,0.11230110162434913,0.11552487688299608,0.11774294991994518,0.12014484742899638,0.1235927915759139,0.12469196866829858
fg2,14.143430967471708,0.1088427161417719,0.10970612231510542,0.11280751190039774,0.11494634077466157,0.11728869819728772,0.12059267455962185,0.12160738747890573
fg2,15.021169515816064,0.10633961280584309,0.10711585267948512,0.11016561522537835,0.11222944028657926,0.11449152883779538,0.11765214512751405,0.11863560046340858
fg2,15.953380346099763,0.10382771349008132,0.10465191593401452,0.10754756687636265,0.10955166139321089,0.11173103607315413,0.11476566458757242,0.11574154807500793
fg2,16.94344399744265,0.10136790013115786,0.10218878708334028,0.10498215678770614,0.10695027555513961,0.10904853887781588,0.11203244302270131,0.11291095769817816
fg2,17.99495080455847,0.09898219856362338,0.09979471825214799,0.10248766101797056,0.10440364713858832,0.10640273362214396,0.10928986251310085,0.11022644107967494
fg2,19.11171391762826,0.09664053085759639,0.09747778718770658,0.10003729260510488,0.10193907989359938,0.10387745421958737,0.10662368492405401,0.10757910107209259
fg2,20.29778313018444,0.09429455788579774,0.09510956417445962,0.09764573121507009,0.09948049707603226,0.10136208987437731,0.10405590442783624,0.10502080495091991
fg2,21.55745956515074,0.09199577754066243,0.09285761671105473,0.09528919324296674,0.0970963011408168,0.09892163304483549,0.10155872278914703,0.10245772167489885
fg2,22.895311272294897,0.0897258912652942,0.09061874075068237,0.09295642486539252,0.09474213207441004,0.09653841977872431,0.09911990018424045,0.09999092684362886
fg2,24.31618979365617,0.0875110231061041,0.08839736616489867,0.09068244247296128,0.09244054809973976,0.0942004725963849,0.0967351281105713,0.09760030146927275
fg2,25.825247757020005,0.08539332490299602,0.0862033375572854,0.08847077021613563,0.0902036907947789,0.09193669625557128,0.09439385521356407,0.09534232196442834
fg2,27.427957561240326,0.0832478184097177,0.08407371286299765,0.0862836100979481,0.08799828355874018,0.08974514186637339,0.0921258704453212,0.09302829715095871
fg2,29.130131221169272,0.08117034330003911,0.08198136962184271,0.08417090643546782,0.08584357144486365,0.08757924812024648,0.08994240666883338,0.09077476674762212
fg2,30.937941444159357,0.07906050567132097,0.07987826181676451,0.08207657530744111,0.08377286765884784,0.08545565163567652,0.08780882628234676,0.08862082671850387
fg2,32.85794401456916,0.07707135824925246,0.07788325995301074,0.08001476389738552,0.08170622593557368,0.08337842392486922,0.08572055736047306,0.08650593910726015
fg2,34.89710156744713,0.07509862361138366,0.07593001086879497,0.07802546460334732,0.07971024108524562,0.0813460380559213,0.0837212269200776,0.08447657170429049
fg2,37.06280883760552,0.07312353047080253,0.07396821367410633,0.07608046521361518,0.07773389545487673,0.07937726796535889,0.08177288975071068,0.08249971915911075
fg2,39.362919475646834,0.071174033385129,0.0720966910230448,0.07418688874606029,0.07580668157892095,0.0774492308613077,0.07986667798475816,0.0806500102004709
fg2,41.805774528187634,0.06933850144264145,0.07023487624651258,0.07231923927020434,0.07394224228369953,0.07554625081231865,0.0779810820927623,0.07866992917996235
fg2,44.4002326855595,0.06751384960563914,0.06839226407464348,0.07048471812006263,0.07209177788886624,0.07371616150820096,0.07614892431316722,0.07685072827472826
fg2,47.15570240667637,0.06575168885113891,0.06656838896786886,0.06871706931607555,0.07030676310511333,0.07192016750794476,0.07429826688571817,0.07506238702272648
fg2,50.082176037564665,0.06397530760070058,0.06484924882500874,0.06697045027097914,0.06855415871869527,0.0701855049790753,0.07255420426479499,0.07333956103451196
fg2,53.19026604728291,0.0622541736943196,0.06311914034671635,0.0652523052498224,0.0668282905168168,0.0684687554427692,0.07086875124368576,0.07167002698830326
fg2,56.49124351263539,0.060620288927565394,0.06146660552435961,0.06359652447960212,0.06515318055100064,0.06680837039419786,0.06919598448287756,0.07000004471552801
fg2,59.99707899123937,0.05901429478677655,0.05985833388888903,0.06194766995033563,0.06352930385029792,0.0651664564318325,0.06757891449065452,0.06834864590182117
fg2,63.720485931167076,0.05738975818657362,0.05822320433051532,0.060370574721727854,0.06195493069734294,0.06358822880790915,0.06598212622222083,0.06676984418033949
fg2,67.67496677458138,0.05585462827570195,0.05666823396671693,0.05881051048137602,0.06040037960981636,0.06204576447354221,0.06443651084311218,0.06522338909657487
fg2,71.87486192255427,0.05432128118381876,0.05516478830038939,0.05728318136229513,0.058887517742606546,0.06052564137798703,0.0629131318334382,0.06368797904950979
fg2,76.33540173863202,0.05285463941831268,0.05367772794539808,0.05580217299444435,0.05741726849402973,0.059047277178316745,0.06143532998879433,0.06224625164488611
fg2,81.07276177973154,0.05143034479976643,0.05220015793411427,0.05435578107482684,0.055965759760811515,0.05761480703418727,0.0600064577806287,0.06085093561440288
fg2,86.10412145465564,0.0500179144619121,0.05078593770162066,0.052944118402658356,0.05455008639166765,0.05619415246503697,0.058580232011681034,0.0594617800585282
fg2,91.44772632294357,0.048685768769900856,0.04939849465471665,0.051560412291225516,0.05317204004350082,0.05481909175228982,0.05722771499667857,0.05809277286589041
fg2,97.12295425997657,0.04732833122066572,0.04802299067719086,0.05021089510274102,0.05183414645454517,0.05348738909052508,0.05588611788316045,0.056757864233984566
fg2,103.15038572827653,0.046002355478486155,0.04672221248442282,0.04887806423710622,0.050535521081480725,0.0521706740221765,0.05453220909241292,0.05543737429525379
fg2,109.55187840982799,0.044707194794328754,0.0454367432501153,0.04760898980664505,0.04926042090406836,0.05088736242760552,0.05324257967146606,0.05413571929757404
fg2,116.3506464700669,0.04343716429151729,0.044175991390762684,0.046373811177032764,0.048018422136332145,0.049638508832196934,0.05196506438468261,0.05288025931842722
fg2,123.5713447409774,0.042229698359768565,0.04296362224249886,0.045156414042557824,0.046794494737329204,0.048427411015148455,0.05074726281439424,0.051681799991308806
fg2,131.24015812857476,0.04105495424167336,0.04177194216702018,0.04396623976805153,0.04560409910364911,0.04723949094998088,0.04957389869383156,0.05050188854305563
fg2,139.38489656899932,0.0398932571532183,0.04060717930445567,0.04281000389268429,0.044452889386809,0.04607593562118257,0.04841669751341317,0.04938064765284902
fg2,148.0350958775673,0.03875331193338963,0.039469637455751834,0.04168719260651916,0.04331271610474848,0.04494116430448801,0.0472722195701219,0.048249883184780865
fg2,157.22212485649277,0.03766649672465926,0.03840461810563277,0.040600280368768484,0.04220203724932156,0.04382170844142276,0.04614074618442619,0.047091151228359024
fg2,166.97929904969516,0.036626929331127364,0.03730769647016213,0.03951848598250325,0.04112299019377741,0.04274228245291565,0.04505067521648869,0.04598241584782315
fg2,177.3420015572069,0.03558969301575788,0.03627271351934008,0.038462086080823604,0.04007862766504711,0.04168622977741951,0.0439980174124721,0.0449167122490335
fg2,188.34781134730005,0.0346063458211936,0.0352629708742458,0.03744275612645435,0.0390537023385401,0.04067044480888457,0.04295780564988527,0.0438908151123768
fg2,200.03663953163772,0.03362058370783429,0.034258950727203905,0.03644318649532231,0.03805698330377846,0.03966325060060033,0.04196186886047233,0.04289681179570844
fg2,212.45087409763482,0.03267597321085151,0.03328448572939239,0.03546879314727911,0.037082231931106664,0.038676904181467166,0.04098104475143616,0.04190804521570178
fg2,225.6355336228818,0.031767039623004575,0.032348485909876365,0.034516001019949415,0.03612820398534887,0.03772273730961418,0.04003631513784651,0.04095313504179565
fg2,239.6384305290529,0.030836678497257422,0.03143415707110026,0.033597404768221775,0.03519368206352067,0.036779455626744714,0.03909974231797257,0.04001852155936843
fg2,254.51034446732223,0.029953742163564164,0.030558958243088446,0.03270183323336535,0.034282774651793274,0.03585488876301936,0.03818117673419179,0.039106022290815626
fg2,270.3052064640436,0.029098326660280373,0.02969851198497681,0.03182572193152206,0.03339577018955932,0.03495968414934115,0.03727820604312484,0.038212378191650444
fg2,287.08029449447537,0.028282615676929742,0.028856065775308096,0.030965477942723002,0.03253179673969238,0.03408511644041825,0.03639076289039299,0.03733918728141027
fg2,304.8964411937722,0.027459017340745368,0.02805204082897632,0.030130144915128523,0.03169324373147131,0.0332333503597497,0.0355308756116827,0.036484612299221876
fg2,323.8182544584796,0.02664377178465824,0.027255332539552687,0.02932573723516359,0.03087519855894847,0.03240656381426993,0.034702744041784195,0.03563616135877997
fg2,343.914351738516,0.025877193873397552,0.026491164756371397,0.028545124724406276,0.030073531069863463,0.03159292991962956,0.033889850061962074,0.03482487252034162
fg2,365.2576088692658,0.025140931633939358,0.025749248060017473,0.02778213845276512,0.029294119859825773,0.030805644810400958,0.03309472947161514,0.03403140163677758
fg2,387.92542434614603,0.024409567738111464,0.02500967280703038,0.027040728489394778,0.02852935686221372,0.030035611644923292,0.03232772666077646,0.03325090156430399
fg2,411.99999999999994,0.023713523874333346,0.02430604259412009,0.026310966901947664,0.02778815733450136,0.02927760549326679,0.03158025856648166,0.032493744644496135
fg3,1,0.1401692435990462,0.1413184229526173,0.14485906343894736,0.14733221527113935,0.14974053833524645,0.153479228593453,0.15473721842107735
fg3,1.0620598036192959,0.13925153165926346,0.1403526052446468,0.14381062089515378,0.1462154901388028,0.14856309720248756,0.15219976053892378,0.1534228700227182
fg3,1.1279710264638572,0.13833140776805025,0.13940219874484222,0.1427643863042165,0.14510972482465237,0.14741329965535993,0.1509523321755927,0.15212979597343998
fg3,1.1979726868544596,0.13740738662118446,0.1384359674700491,0.14172097900748604,0.14401155616133027,0.14625981234800287,0.14971321649064379,0.15082154815578458
fg3,1.2723186365419275,0.13648858548483864,0.13748708648509714,0.14069629027749642,0.14291817797168502,0.14510539824653632,0.14848966061614516,0.1495283278090876
fg3,1.3512784812668899,0.13557517782926798,0.13656990491629933,0.13967338894781411,0.14184047569536845,0.14395502869836363,0.147264197954537,0.1482584469584886
fg3,1.4351385584492933,0.13465498979854162,0.13566053440442227,0.13864787377550403,0.14077296166007036,0.142818474004618,0.14605246358275192,0.14699099108137562
fg3,1.5242029755531357,0.13374467106360766,0.13474420542557172,0.13764099660612392,0.13970412721853184,0.14169186855097857,0.14483750224840086,0.14573377257532727
fg3,1.6187947128919096,0.1328314824561965,0.13379458907762878,0.1366329547150349,0.13864020018707562,0.14056695042736486,0.1435981525325046,0.14450799184050292
fg3,1.719256794873936,0.1319403871972135,0.13288829570621288,0.13564067159900559,0.13759443436783536,0.1394608552249407,0.142402109776435,0.14329547838205042
fg3,1.8259535339349522,0.13105137163483768,0.13198720593309207,0.13464992459985115,0.13655686910258305,0.13835289563537273,0.14119975621225186,0.1420589396964086
fg3,1.9392718516689147,0.1301731589695829,0.1310772670180747,0.1336564949176887,0.13552022817067522,0.13726418636560012,0.14001888059841291,0.1408450264999084
fg3,2.0596226819479155,0.1292973358894435,0.13018326551603776,0.13267510144436287,0.13447537908208945,0.1361837852287235,0.13884467899541375,0.1396466106416901
fg3,2.1874424611194505,0.12843192414376955,0.129276280774692,0.131698014807029,0.13344459613142604,0.13509497147635396,0.1376856980236026,0.1384416430773783
fg3,2.3231947106850326,0.1275687771265241,0.12836615700601028,0.1307234921611447,0.13243329835513926,0.1340186206570915,0.1365283293111167,0.13727412034317202
fg3,2.4673717181995323,0.12671058767456572,0.12748705112036252,0.1297533432051822,0.1314207573652983,0.13294719307316905,0.1353720599540045,0.13608451726824733
fg3,2.6204963224868,0.12585949323331153,0.12661388812045596,0.12879801262984084,0.13040851126723288,0.13189381931217647,0.13423069835678827,0.13491338048473045
fg3,2.7831238096454176,0.125009417283337,0.12573107602185182,0.12785358101452082,0.12940927108254563,0.13084732641746305,0.13310366721982012,0.13375795712114058
fg3,2.9558439267201986,0.1241647397881005,0.12484648960628998,0.12691708610537591,0.12841354216542017,0.12981194014072026,0.13199278936076878,0.13261110973704185
fg3,3.1392830203417423,0.12331845243640727,0.12397487375212313,0.1259636829861423,0.12742487890005683,0.128774969141748,0.13087718038624302,0.1314585718685519
fg3,3.334106308089541,0.12246886325035632,0.12309535926577236,0.12502949559143917,0.12644290299688088,0.1277363375090202,0.12978757230491192,0.13035112069827345
fg3,3.5410202908154327,0.12164768389330667,0.1222254166070313,0.12410727679829754,0.12544865273071704,0.12671485081052733,0.128667040487674,0.1292521625979022
fg3,3.7607753146753806,0.12081084976316275,0.12137321311575783,0.12318413387713095,0.1244730774449891,0.12569981642776207,0.12760150792017647,0.12814936788779746
fg3,3.99416829216043,0.11997110516525353,0.12053140442673763,0.12228000394274449,0.12349793901264347,0.12469387260187795,0.12652222223120102,0.1270404198171801
fg3,4.242045591994324,0.11914248056508374,0.11969366551135104,0.12136159402956534,0.12254653487708134,0.12369975621781126,0.1254610362921198,0.1259592102493792
fg3,4.505306108377591,0.11832893793134575,0.1188273698669383,0.12045345780657221,0.12158394280344333,0.12271208023410861,0.12438792085062311,0.12489003811050951
fg3,4.784904520708318,0.11750433269343354,0.11800700474468723,0.11955714165933717,0.12063821990823814,0.12173360424770961,0.12334428770591771,0.12384266306655614
fg3,5.081854755600558,0.11668693225121332,0.11716912406800938,0.1186525677576319,0.11969601968349533,0.12075583188988992,0.12229100600729337,0.12277915804428204
fg3,5.397233663754912,0.11587135993302126,0.11634849727167786,0.11775331395022873,0.11876346942929658,0.1197886899116697,0.1212755056341164,0.12172911953798647
fg3,5.732184925014995,0.11507017702329926,0.11551509183645328,0.11686586199323049,0.11783832315158208,0.1188250704398102,0.12025022605224098,0.12067606724659445
fg3,6.087923195770913,0.11426674591040942,0.11468827451518543,0.11599117151039648,0.11691958242172687,0.11786737780321879,0.11924288993818934,0.11964849667150691
fg3,6.4657385137498125,0.1134259887098358,0.11388368340684879,0.11510762128564406,0.1160019813785772,0.11690612302735882,0.11824643386481955,0.11862226091741823
fg3,6.8670009761668425,0.11260141494558398,0.11308213944882642,0.11423717146688206,0.11509066096954854,0.11597234198153207,0.11724559616109528,0.11762142071481561
fg3,7.293165708201268,0.1118003280203351,0.11226648357455561,0.11337725656002581,0.11419477635932028,0.11503093478615602,0.11625157512158268,0.11662337839504397
fg3,7.745778139815223,0.11103602993640291,0.11145928895374156,0.1125160053569725,0.11329755668586844,0.11410997620639635,0.11528362992927235,0.11565514785276763
fg3,8.22647961005079,0.11022307104721887,0.11064333636306653,0.11166214572781968,0.11240827471428125,0.11320224649910499,0.11433658579262161,0.11466546432594349
fg3,8.737013319128684,0.10940158321200168,0.1098218354080493,0.1107989330884625,0.11152328759001034,0.11230480585510443,0.1133843100161734,0.11372077513380335
fg3,9.27923064993298,0.10858963191605937,0.10900439241097,0.1099506218428043,0.11065758393181874,0.11140723027007257,0.11244412042305917,0.11278292284691957
fg3,9.855097881805973,0.10778970153218377,0.10819481706611178,0.10910284918090866,0.10979088326855269,0.11050852977216526,0.11151500569211084,0.11185635368759822
fg3,10.466703320999788,0.10700509279236492,0.10737809011756103,0.10825238109153791,0.10891616859294814,0.10962128561178432,0.11058433958532403,0.11094336156564336
fg3,11.116264873642468,0.10618713583529972,0.10657060546054337,0.1074263892460973,0.10805928777149516,0.1087381430777824,0.10965615704952504,0.11000259036255856
fg3,11.806138088680791,0.10542749178418116,0.10577488020841098,0.10659586404359758,0.10720452781448768,0.10786110719829727,0.10876653859686981,0.10907060065727799
fg3,12.53882469996661,0.10463620809516982,0.1049563145686267,0.10576958841092102,0.10635929295630309,0.10698804834421245,0.10788261206262921,0.10818278359807297
fg3,13.316981698463316,0.10382159496471277,0.1041435799017934,0.1049421690266151,0.10552570798799404,0.10613021927893937,0.10700173894636321,0.10731191849177044
fg3,14.143430967471708,0.10301006832411402,0.1033486248554491,0.10412578353502071,0.10469307408604159,0.10528817624911499,0.10614226307427348,0.1064308023916415
fg3,15.021169515816064,0.10221193129706785,0.10253946652643318,0.10331724427267902,0.10386050586369723,0.10444008440417626,0.1052928916252625,0.10556092326293791
fg3,15.953380346099763,0.10143759007461328,0.10170857108407547,0.10250177470181698,0.10303391181925789,0.10361063181526309,0.10446478521450096,0.1047331287351303
fg3,16.94344399744265,0.10064255995207953,0.10088474382516759,0.10167876389138801,0.10220992169574472,0.10278597585690763,0.1036487342283404,0.10390415756125351
fg3,17.99495080455847,0.09981193664417627,0.10006320915043071,0.10087266124491326,0.10139819636167864,0.10196147272446514,0.10284120702078212,0.10309246599201673
fg3,19.11171391762826,0.09902204970152705,0.09926748783384809,0.10007082187118076,0.10059202105708837,0.10115922036398739,0.10202285390389843,0.10228057213003992
fg3,20.29778313018444,0.09820004578160013,0.09846423259687642,0.09926100971149818,0.09979909998056302,0.10035086343609842,0.10120312751511729,0.10148497874874467
fg3,21.55745956515074,0.09738821393574375,0.09767917636692675,0.09845315374626096,0.09901020618183559,0.09956064541002216,0.10044733064938326,0.10069434672573016
fg3,22.895311272294897,0.09657260331645556,0.09686319851416475,0.09766232968075676,0.09822261081327673,0.0987882060320942,0.09967999441099072,0.099917014623762
fg3,24.31618979365617,0.0957347763087964,0.09605385829990734,0.09686351344695951,0.09744789789768765,0.09802370167355898,0.09890699045431237,0.09915318254613395
fg3,25.825247757020005,0.09491824931568704,0.09524034133299926,0.09606929050133245,0.09667799539095868,0.09727211135985628,0.09813586382646092,0.09838290422000742
fg3,27.427957561240326,0.094141810872295,0.09443470153306402,0.09527930244639732,0.0959107198154956,0.09650944765430086,0.09738255745004556,0.09764085421641375
fg3,29.130131221169272,0.09334832384859373,0.09363172588069132,0.09449495159931247,0.09515308559235994,0.09575743253378755,0.09663126750987654,0.09690853305299468
fg3,30.937941444159357,0.09254914316167534,0.09284114913321466,0.09371532120754475,0.09439559319270929,0.09501419336910763,0.09592007968782229,0.09618686885632347
fg3,32.85794401456916,0.0917396011247013,0.09204643639657217,0.09294620433333492,0.09363409882204703,0.0942830270494073,0.09519474133266818,0.09546383534251225
fg3,34.89710156744713,0.09095299619855486,0.0912560609259169,0.09218039893469032,0.09288973783086985,0.09355089301703397,0.09447373296928173,0.0947593267485044
fg3,37.06280883760552,0.09015734537754587,0.09047380785130764,0.09141040355167038,0.092139998189664285,0.09282220264945504,0.09376341664210193,0.09407456633256323
fg3,39.362919475646834,0.08935814910592238,0.08967227685940789,0.09065891917729582,0.09139840959027301,0.09210382381165316,0.09305220805932618,0.09338526536053586
fg3,41.805774528187634,0.08858481608446901,0.08889703852403252,0.08991043006309676,0.09066979733012723,0.09138366396929115,0.09236912965399133,0.09271106892152715
fg3,44.4002326855595,0.08781272300132688,0.08812338095800751,0.08916806766473655,0.08993784414624212,0.0906669222491876,0.09169657953082118,0.09203771704539901
fg3,47.15570240667637,0.08703949390826635,0.08735388373075938,0.08843168319814541,0.08922646175166402,0.08996629802735588,0.09101495635266642,0.09134337342353076
fg3,50.082176037564665,0.08626940264839761,0.08657606903993756,0.08768317720557377,0.08851212118793259,0.08926767275242568,0.09033215933149502,0.09067935616616757
fg3,53.19026604728291,0.08549830175391696,0.08580862412371323,0.08694578920372815,0.08780320637609673,0.08857969989193522,0.08966728148400963,0.0900247760295586
fg3,56.49124351263539,0.08473295314364784,0.08505768582503588,0.08621438180912447,0.08709954733962,0.08788888168017715,0.08900036862432546,0.0893688316480037
fg3,59.99707899123937,0.08397085028237067,0.0843040310423901,0.08549271777808223,0.08640316338858309,0.08720960085825699,0.08832504521989969,0.0887382907113676
fg3,63.720485931167076,0.08320425489670841,0.08356145568639926,0.0847810037938122,0.0857143059631334,0.08651978882190246,0.0876942556067328,0.08807767434322285
fg3,67.67496677458138,0.08244682361588543,0.0828247646074735,0.08406740934332166,0.08502218283334681,0.0858524884734819,0.08705825270382285,0.08744678898870847
fg3,71.87486192255427,0.08170007545123241,0.08208490920527967,0.08337240901515966,0.08433332288806125,0.08516916854365401,0.08640600400355748,0.08680084352637665
fg3,76.33540173863202,0.08096043922041928,0.08134818321856188,0.08267238921803843,0.08364681726577325,0.0845088782502825,0.08575911395758448,0.08618886295671402
fg3,81.07276177973154,0.08022645539221257,0.08062313725179063,0.08197212932495578,0.08297638079667632,0.08384882291317856,0.08513930166883739,0.08557235603199702
fg3,86.10412145465564,0.07948857357447003,0.07991411799735097,0.08128152828065044,0.0823013940113643,0.0832004343933668,0.08451843746278068,0.08494375353152188
fg3,91.44772632294357,0.07877088322667035,0.0791994003041102,0.08058816430091567,0.08163105854815447,0.08255833184839488,0.08391125987507783,0.08433218625508275
fg3,97.12295425997657,0.078061277109146,0.07848744275138327,0.07990382946927556,0.0809689221721393,0.08191487083336264,0.08329927616448912,0.08373764199144877
fg3,103.15038572827653,0.07735047578556849,0.07776553025684951,0.0792316220750065,0.08030801385759428,0.08127923428434175,0.08269587923605011,0.08311814810469492
fg3,109.55187840982799,0.07664546592082856,0.07707316546382342,0.07856630987540503,0.07965348066771968,0.08065087724623542,0.08209543094091186,0.08252635990284525
fg3,116.3506464700669,0.07593864740815193,0.07637401748942907,0.07790750059075749,0.07900562259174007,0.08002677164251032,0.08149424900336108,0.08194152418245125
fg3,123.5713447409774,0.07524841556056673,0.07568783126640154,0.0772509824198393,0.07835653712544699,0.07940899748555266,0.08090765393040845,0.08136899356765703
fg3,131.24015812857476,0.07456054579839988,0.0749956027811035,0.07659496765569276,0.07772197352815557,0.07879284509638756,0.0803231482126318,0.08077165675310626
fg3,139.38489656899932,0.07388399860991078,0.07432251751929349,0.0759447315664438,0.07709193793981996,0.07817865816429588,0.07972754355042726,0.08019382908679755
fg3,148.0350958775673,0.0732065383255664,0.07364587179818388,0.07529374515469804,0.07646683193573904,0.077568604273412875,0.07915240437600123,0.07962991993274107
fg3,157.22212485649277,0.07253259295034722,0.07298341326646707,0.07465716424466283,0.07584268783032493,0.07696875643224699,0.07858048510049216,0.07905153086125576
fg3,166.97929904969516,0.07186376503423088,0.07231988506264932,0.07401830781882518,0.07521899040879045,0.07637297951746153,0.07800153602715301,0.078470526059201115
fg3,177.3420015572069,0.0711993706551795,0.07166504827032028,0.07338480188711743,0.07460271460840348,0.0757779881362099,0.07744002119738676,0.07790157145612253
fg3,188.34781134730005,0.07055123859397802,0.0710157291053226,0.07275340916227846,0.0739970921989625,0.07518157068423315,0.07687256823348479,0.07734607390129045
fg3,200.03663953163772,0.06990128853624215,0.07037946907859291,0.072131435932435,0.07338308966304913,0.074591725825828,0.07629219329062659,0.0767911030305183
fg3,212.45087409763482,0.06925226552452043,0.06974022283136219,0.07152465297002703,0.0727806158231358,0.07400817740736026,0.07572346581007773,0.07622258394663516
fg3,225.6355336228818,0.06860335512597517,0.06910854569293139,0.07091474966945721,0.07218303305542689,0.07343029870447998,0.07517293843374052,0.07567278924474892
fg3,239.6384305290529,0.06797923225846508,0.06847453617814206,0.07030799980962814,0.07159217490203447,0.07286187783283611,0.07462266253080435,0.07515329192184836
fg3,254.51034446732223,0.06735685532086173,0.06785286807041427,0.0697079310818317,0.07100529328437172,0.07229633499410579,0.07408509976947761,0.07460877518046402
fg3,270.3052064640436,0.06673447320880634,0.06723743376649066,0.06911694903939268,0.07042020459312917,0.07172821505579409,0.07354775343342049,0.07407672144971934
fg3,287.08029449447537,0.06611741117670418,0.06663018713443702,0.06852950626090742,0.06984203693952581,0.07116025680573723,0.07301365076670929,0.07354815094659523
fg3,304.8964411937722,0.06551500976004737,0.06602679072612944,0.06794207445790934,0.06926878420131147,0.07060838981505459,0.0724916937043749,0.07303267230240684
fg3,323.8182544584796,0.06490662053741934,0.06541717206324062,0.0673507189617662,0.06870122100921047,0.07005991166362247,0.07195539605002807,0.07250052975368952
fg3,343.914351738516,0.06429942605027111,0.06482703348777535,0.0667719574556934,0.06814080176975414,0.0695124430977656,0.07141359396885631,0.07198529369543205
fg3,365.2576088692658,0.06369532881874324,0.06424428174576541,0.06619731594189876,0.06757690748296366,0.06896453714510262,0.07088602097409415,0.07147321367208383
fg3,387.92542434614603,0.06310104625095121,0.06365354843104207,0.06562302622772626,0.06702484049806272,0.0684279659231723,0.07035733608669233,0.07096067562349076
fg3,411.99999999999994,0.06250410480378099,0.0630678808916795,0.06505559868049982,0.06647255001902566,0.06788906787892357,0.06983924928334671,0.0704515342505999
fg4,1,0.3207885858943876,0.32386702509714255,0.33594533938588433,0.3448657423052779,0.3535374154695507,0.3658139372522583,0.3696155930981335
fg4,1.0620598036192959,0.31879213342556795,0.3218527748956432,0.33359934515851786,0.3423000569395741,0.3506964650599075,0.36276575093188207,0.36640588423141796
fg4,1.1279710264638572,0.31682497957221706,0.3197813619929199,0.3312075885283987,0.3396963848064982,0.347910549366025,0.35963110272878535,0.3632076810641694
fg4,1.1979726868544596,0.3147536679247426,0.3177333742554406,0.32880330020841453,0.33708454354289485,0.3450834045342952,0.35648392433218823,0.3600268412593819
fg4,1.2723186365419275,0.3128265477694596,0.31568031146246534,0.32647460464585587,0.3344955705510066,0.3422751476458641,0.35336478715240577,0.35685512942667225
fg4,1.3512784812668899,0.3108062461849277,0.31355700629267186,0.3241090659175684,0.33191010425963463,0.3394623737975373,0.3502584671081584,0.3536544371568134
fg4,1.4351385584492933,0.30873048529089064,0.311602777006618,0.32169336428579276,0.3293582762498836,0.3366719427294008,0.3472029020331679,0.35052588345313784
fg4,1.5242029755531357,0.3067673469679112,0.3095489983666615,0.31941159818045567,0.32677998287646237,0.3339116251165275,0.3440666798223906,0.3473873457788711
fg4,1.6187947128919096,0.3047061557067986,0.30748858492621045,0.3170547524414117,0.3242333556447759,0.3311506953805362,0.34099758003906766,0.3442572650122492
fg4,1.719256794873936,0.30271188434487567,0.3053257827181283,0.3147192906423436,0.3216739929364395,0.3283907317204655,0.3379450449159644,0.34109571025817403
fg4,1.8259535339349522,0.3007632466974942,0.30328877324047526,0.31239200900526887,0.31915978952223356,0.32562069862130805,0.3349241823663869,0.3378492864226889
fg4,1.9392718516689147,0.2987916060288621,0.30127381453201263,0.3100795789530251,0.3166400420437139,0.32285494155294137,0.33185872793172994,0.3346805156940422
fg4,2.0596226819479155,0.2968233876158491,0.2993019202454546,0.3077729332432199,0.3141230760752558,0.3200771235480232,0.3288493566984836,0.3316410241452668
fg4,2.1874424611194505,0.2948375330193364,0.2973519862550259,0.3054987559603329,0.3116701333037134,0.31739429492963633,0.3258370399013937,0.32866000656528294
fg4,2.3231947106850326,0.29290396371527844,0.29535547382600386,0.30321605018713504,0.3092544868426259,0.3147153504685649,0.32291872279105865,0.3256351376374798
fg4,2.4673717181995323,0.2910271489482309,0.29328063248851516,0.3009575824964962,0.3067438022320482,0.3120214342189577,0.31996362796842015,0.3225320002627135
fg4,2.6204963224868,0.2892924660834887,0.2912782780632783,0.29870912706709635,0.30429524583487094,0.3093508477134528,0.3170096585380968,0.31950044276312667
fg4,2.7831238096454176,0.2873469591449133,0.2892836211900624,0.29644812397052595,0.30186526527945884,0.30672649958555165,0.31410921245082396,0.3166581046262167
fg4,2.9558439267201986,0.28548601255643036,0.287299998949344,0.2942109730944376,0.29945610222437113,0.30411154045298877,0.311204801819069,0.31368391844002796
fg4,3.1392830203417423,0.28355297610265306,0.28532976175531943,0.29198423397164164,0.29704808883040756,0.30151350941811406,0.3083691416443517,0.31081075151673687
fg4,3.334106308089541,0.2816317375710473,0.28333356631062673,0.2897719913885133,0.29463668819150657,0.2989573760527815,0.3055362948495776,0.3079036316921123
fg4,3.5410202908154327,0.27967987989546683,0.2813116779854327,0.28750924432550806,0.29222184489472025,0.29639279326435986,0.30274555525275526,0.3050869403287013
fg4,3.7607753146753806,0.2777332263162608,0.2793041546594335,0.2853552456658641,0.28978385734665546,0.29379233156564327,0.2999254655659984,0.3022545875451666
fg4,3.99416829216043,0.27586813982554204,0.2773847856183261,0.28313674952832374,0.2873765974908095,0.291211503848973,0.2971418483696037,0.29930464287965997
fg4,4.242045591994324,0.27410864995927225,0.2754238847225488,0.28089152079232205,0.28498244915756477,0.28870469197377596,0.29438034330676544,0.29646162702406664
fg4,4.505306108377591,0.2721157416626173,0.2734602162246192,0.27869235745546583,0.2825945503897084,0.28618394569199385,0.2916137547780432,0.2935995792455249
fg4,4.784904520708318,0.27015017075389397,0.27151972208359254,0.2764835562100329,0.2802256846674944,0.28366014280149776,0.288877479437073,0.2907016209803579
fg4,5.081854755600558,0.26823856976408783,0.26952145354297957,0.2742866743985527,0.2778845899688144,0.28116391663920715,0.28620845102158565,0.28794537370403595
fg4,5.397233663754912,0.2662368683140762,0.26757121908570947,0.2721349356569364,0.2755649447343408,0.27868744637231924,0.2834908576184307,0.2851461611122385
fg4,5.732184925014995,0.2642837356291784,0.26563862992608617,0.26998292597783413,0.2732294786587474,0.27625718582931375,0.2808510864978777,0.28243836837164377
fg4,6.087923195770913,0.2623693458060448,0.26375129443282036,0.2678066458869745,0.27090044750622316,0.27379505510847324,0.27830460634164106,0.27978032093786476
fg4,6.4657385137498125,0.26049543152993365,0.2617676196959727,0.2656984573151868,0.2686390777708081,0.27139351845370707,0.2756944534667994,0.27701083115165415
fg4,6.8670009761668425,0.2585695463029017,0.25976368889803814,0.2635758195226011,0.26640646324044603,0.2690075875737733,0.2731398051125305,0.2743907052434529
fg4,7.293165708201268,0.256607918197986,0.25779892506325036,0.2614531267692096,0.26415716524490174,0.26670345824653224,0.2705875349075723,0.27177224205256706
fg4,7.745778139815223,0.2546789131730626,0.25583401550843604,0.25929784731868105,0.26189253962517545,0.2643057194876063,0.26805286131122297,0.2693173560661387
fg4,8.22647961005079,0.25267415713097846,0.2538057760846855,0.2571680803576739,0.2596734798904241,0.261940087113622,0.2655571896315763,0.26675151378175455
fg4,8.737013319128684,0.25068812697986204,0.25179799089018357,0.25505898883198463,0.2574170549909177,0.25961570435293585,0.2631598827443713,0.26428601149842146
fg4,9.27923064993298,0.2487277682174383,0.2497361226680396,0.25295251092433774,0.2551689139295389,0.2573379823534958,0.2607401963391814,0.2618473256785511
fg4,9.855097881805973,0.24676780015765926,0.24766890720467075,0.2508128243040527,0.25291686802395197,0.25512986544868,0.25836673330835386,0.2594786295406765
fg4,10.466703320999788,0.2447522031994732,0.2456146582426843,0.24865598034072478,0.2507202375884916,0.2529208367204869,0.25604409340008716,0.2571723305708018
fg4,11.116264873642468,0.2426425162299409,0.24353506226529348,0.24652249920588476,0.24853868545331836,0.2507110829988373,0.25377002356344885,0.25487972060510045
fg4,11.806138088680791,0.24048123475104646,0.2414980395304222,0.24439849254912724,0.24638395426410997,0.2485407364260871,0.2515409175024705,0.252674344021057
fg4,12.53882469996661,0.238345567709164,0.23939866640055965,0.2422807131315545,0.24427721279653414,0.246376069715236,0.24928522674714537,0.25046682815600163
fg4,13.316981698463316,0.2361972064475759,0.23721954105588566,0.24014170127414763,0.24213038392659925,0.2441976887133016,0.24716162489448898,0.2482828472926156
fg4,14.143430967471708,0.23411431254995452,0.23501782687295458,0.2379807988197357,0.2400077191266905,0.24209476374160235,0.2450680838812108,0.24609000096605085
fg4,15.021169515816064,0.23192172527713906,0.23284015498299104,0.23588145150973108,0.2379185183566331,0.23999520255831866,0.2430106430931935,0.24403302161297677
fg4,15.953380346099763,0.22969598599452618,0.23067644064293635,0.23378428767581974,0.23585465307153575,0.23794274452852215,0.2409458641109545,0.24199372780363732
fg4,16.94344399744265,0.22754007779489113,0.2284889704135604,0.23165091062619594,0.23372679161316284,0.23593822464747238,0.23897901424224482,0.2401381908924628
fg4,17.99495080455847,0.22525917799067305,0.22626624785451796,0.22956223711872997,0.23166907190055794,0.23390491695914745,0.23709094459856314,0.2381817771279759
fg4,19.11171391762826,0.2230194446862925,0.22407849906301677,0.2274413470764212,0.22963620466621737,0.23195157998093682,0.23520030344299775,0.23616356158865984
fg4,20.29778313018444,0.2208049479653905,0.22188172458670213,0.2253345887168726,0.2275907487365175,0.22993573424541003,0.23331308125138406,0.2343402130223611
fg4,21.55745956515074,0.21861758575093906,0.21971016044061373,0.22322699741075497,0.22557305965899938,0.22799009153393568,0.2314530770256627,0.23257134319093434
fg4,22.895311272294897,0.21643171940683578,0.21753375757793889,0.22109513585547352,0.22355370941606706,0.22602237781170548,0.22960326541984333,0.2307655552534128
fg4,24.31618979365617,0.21422005498510127,0.21537740027206434,0.21896594064238556,0.2215740219048904,0.2241245250562493,0.22779148451616033,0.22902481488872684
fg4,25.825247757020005,0.21206177303604215,0.21319729922343883,0.21687887292505187,0.21959213868463784,0.22220254266789077,0.22600913798719927,0.22724765916476228
fg4,27.427957561240326,0.2098566104826965,0.2110074936139502,0.21480966767541343,0.21763261729737418,0.22031987887454044,0.2242250710315088,0.22540699976109288
fg4,29.130131221169272,0.20762321297642472,0.20882321547969704,0.2127307108084166,0.21569894178318133,0.21842851748115422,0.2224900466759232,0.22369979570044266
fg4,30.937941444159357,0.20542281374872629,0.20665794038361465,0.21067401799442062,0.21376181985848697,0.2165587730922578,0.22078208526547133,0.2220001074600752
fg4,32.85794401456916,0.20318828803161504,0.20453564371164504,0.20863618983572182,0.2118168422156897,0.21471258309643462,0.21904962289509253,0.22031471841505562
fg4,34.89710156744713,0.20102230945748778,0.2024079803755136,0.20663263356046926,0.20988239540002274,0.2128807850006266,0.2173544439037532,0.21864936382978853
fg4,37.06280883760552,0.19889201134098167,0.20031224613918142,0.2046013510110522,0.20795234797560846,0.21109813901068775,0.21568268491757542,0.21698213299681102
fg4,39.362919475646834,0.19677611996119762,0.1981520075472984,0.20259203464154107,0.20601743491157828,0.20927944912207724,0.21404992273347828,0.21534635518212175
fg4,41.805774528187634,0.19461567026371168,0.19605844375100692,0.2006259562873316,0.2041230383702255,0.20752549984265195,0.21249339301325862,0.2138182634469649
fg4,44.4002326855595,0.1925713433136682,0.19392905980815164,0.198645091511982,0.20223181400961687,0.20574708701464153,0.21081871467757127,0.21225772543489516
fg4,47.15570240667637,0.1904707548777148,0.1918626639590378,0.19670593652608126,0.20038012876159095,0.2039829520014485,0.20912623632064536,0.2106314733850528
fg4,50.082176037564665,0.18834867037976075,0.18980154053977513,0.1947598815875497,0.19850485562689613,0.20226609016092076,0.20746936571183608,0.2089802147054245
fg4,53.19026604728291,0.18628420393641265,0.18776805961575505,0.19284057578358998,0.1966617451501867,0.20051330845952628,0.2058243397192637,0.2074363043957912
fg4,56.49124351263539,0.18425388406506032,0.1856791777899964,0.19094508779853125,0.194814575720201,0.19878833566744175,0.2042367561013043,0.20585091233615782
fg4,59.99707899123937,0.18215087613414885,0.18364601323259905,0.18903451364238893,0.19301214127983868,0.19703124339097366,0.20267885267364827,0.20430794574171823
fg4,63.720485931167076,0.18002134235990938,0.18162430762660167,0.18712084556633235,0.19119826438269322,0.1953101154572311,0.20112351709065285,0.202867791246522
fg4,67.67496677458138,0.17798025691503694,0.17964072506820888,0.18525825715587674,0.1894111956385466,0.1936441705069256,0.19956529498245565,0.2013898208517831
fg4,71.87486192255427,0.17598202384351927,0.17759316632084812,0.1834105114964961,0.18763903738280596,0.19196315925167545,0.1979944625158485,0.1998291366306791
fg4,76.33540173863202,0.1738804022570092,0.17560906820162003,0.18154076866316937,0.185876616068258,0.19033229938705365,0.19647740142308542,0.19830474802910275
fg4,81.07276177973154,0.17201243136038136,0.1737084574525805,0.17973352816533755,0.18411357053748545,0.1886862791586194,0.1949702424718648,0.19683161101130436
fg4,86.10412145465564,0.1701409045571095,0.17175044025272423,0.17790519374686284,0.18239751826573974,0.1870569047343643,0.1934831361292627,0.19543044446406435
fg4,91.44772632294357,0.16812363322592727,0.1698661191752028,0.17610301847780646,0.18067003511678592,0.18543165572054898,0.192026064082133,0.1939536878104487
fg4,97.12295425997657,0.16609282463507188,0.16792893982974852,0.1742979922029039,0.17899603838824688,0.18380411891274306,0.19050866549523068,0.192493926276158
fg4,103.15038572827653,0.16419556585253914,0.1660216677657309,0.17251059906438385,0.17730702562531273,0.18218016444798096,0.18901473040633068,0.19103281863186936
fg4,109.55187840982799,0.16232432824821144,0.16418213894457787,0.1707253175587793,0.17561965159423426,0.18055623999544312,0.18757648947695912,0.189598889086166
fg4,116.3506464700669,0.1604403983856292,0.16235209209321486,0.16897574272831334,0.17394104714194766,0.17894998758215996,0.18607183988379505,0.18820978270060662
fg4,123.5713447409774,0.1585859347818501,0.1605354190510159,0.16724385089398697,0.17227839310622198,0.17736715852875645,0.18465535663332835,0.18683784744647733
fg4,131.24015812857476,0.1567170960693597,0.15875265155614876,0.1655367911578254,0.170642715615222,0.17582038425857266,0.1832171780211099,0.1854568598359335
fg4,139.38489656899932,0.1548548460002519,0.15691890444282225,0.1638294319688515,0.16903128528904415,0.17428568081033244,0.18178615245445887,0.18405109749950865
fg4,148.0350958775673,0.15305873171236162,0.15514003298226908,0.16212831838660782,0.16742437713478608,0.1727579295004818,0.18039640000664514,0.18272861074913926
fg4,157.22212485649277,0.15129037846697754,0.15334860770093411,0.16044061687272637,0.16581158464095686,0.1712588292374769,0.1789846322005184,0.18138870497280823
fg4,166.97929904969516,0.14950537847432357,0.15165104484543263,0.15875397993116935,0.16418930793628342,0.16974742423340286,0.17757442322596026,0.17999540658693297
fg4,177.3420015572069,0.14772457140913467,0.1498668757405782,0.15707564213337866,0.1626153628874532,0.16825572667153924,0.1761834884803579,0.17860718643961473
fg4,188.34781134730005,0.14594402831350384,0.14811137902688906,0.15545558390336758,0.16104323410550192,0.16677715001008647,0.17479761474980426,0.1772755551479936
fg4,200.03663953163772,0.14419868324960178,0.1464414557533404,0.15381831741007088,0.15945810693706658,0.16531973697309255,0.17343585478095278,0.17595435885382402
fg4,212.45087409763482,0.1424948723936032,0.1447564646588211,0.15218424800033725,0.15788200299113497,0.1638340339119803,0.17205195392493658,0.1746413144397423
fg4,225.6355336228818,0.14082150218320733,0.14311967713295787,0.15057867547256754,0.15635332051652745,0.16239085351900825,0.17069858326853043,0.17333284448634892
fg4,239.6384305290529,0.13916463185298777,0.1414709332191376,0.14901160844592753,0.15484008004568567,0.160956451120655,0.16932677641701802,0.17196451028808177
fg4,254.51034446732223,0.13746026653403387,0.13986389009374597,0.1474524338691585,0.15333001635869586,0.15952371502498286,0.16797957260833088,0.1706250555999408
fg4,270.3052064640436,0.13577265142581607,0.13822788588891044,0.14590364744415912,0.1518332627815129,0.15807391575986135,0.16664236872917362,0.16940620755897812
fg4,287.08029449447537,0.13411019687693543,0.13661680170659568,0.1443627743605622,0.15034185713835788,0.15663460917462882,0.16529191662417914,0.1681387498010243
fg4,304.8964411937722,0.1325448519509472,0.1350500519149025,0.14282197090687998,0.14886580690602702,0.15519231473513212,0.16398671322802436,0.1668580913984594
fg4,323.8182544584796,0.1309227228564722,0.13349769759102031,0.1413046395608179,0.14738106417246177,0.1537835166722666,0.1626769459812191,0.16552725004185156
fg4,343.914351738516,0.12933455621560377,0.13196008222500386,0.1398032504399257,0.14592515331893033,0.15241763676972356,0.16141090337013245,0.16425630662023116
fg4,365.2576088692658,0.12776256643234624,0.13041342572728726,0.13831363410508365,0.14451443231727207,0.1510077857090952,0.16011877735118957,0.16297904963511206
fg4,387.92542434614603,0.1262354919051036,0.12888050836573295,0.1368469332765272,0.14306917812321407,0.14966590648892508,0.15882598814750226,0.16178330616219572
fg4,411.99999999999994,0.1246884705460457,0.12736335545540986,0.13538391871654645,0.14163651953156525,0.14827788372768974,0.15754550008694398,0.16059465241261947
fg5,1,0.26993421325514416,0.27400738183290835,0.28707519851064667,0.2965220394851368,0.3058214541515104,0.319806661217422,0.3238997850531685
fg5,1.0620598036192959,0.2669889294903179,0.27086695942209005,0.28359211007957347,0.2928156906656644,0.30189089181266,0.3155509433018249,0.3194508533024207
fg5,1.1279710264638572,0.2638340704741601,0.2677706309724561,0.28021823696765386,0.28915324242739987,0.2979423309518563,0.31133255374117796,0.3150926547081803
fg5,1.1979726868544596,0.2608638396919359,0.2647657212550569,0.2768239803904089,0.28554051846729966,0.29415817367492264,0.3071189010086384,0.31070010267057824
fg5,1.2723186365419275,0.25791680526575866,0.26169034524952134,0.2734873914942524,0.28194173819819823,0.29037310542855954,0.3029414780916493,0.3063856290625735
fg5,1.3512784812668899,0.2550037633123187,0.25869389819399774,0.2700792167569726,0.2783506818727022,0.28661588140052136,0.2986202511264442,0.3021621408227879
fg5,1.4351385584492933,0.25215524001566736,0.25571430883536733,0.2667666578263971,0.27481096532531696,0.2828100272909084,0.2944484893175072,0.2979702105967841
fg5,1.5242029755531357,0.24933010747478504,0.25270514373619085,0.26343488743642085,0.2712879637298904,0.27897624527225484,0.2904675733646765,0.2937419249551613
fg5,1.6187947128919096,0.24652365613616153,0.2497167711503309,0.2601358049397165,0.26779077746151153,0.27522105696188404,0.28636279555346916,0.28960826304656595
fg5,1.719256794873936,0.24373502895395188,0.24675613792730208,0.2568885992519586,0.26434004614717643,0.2715727354907015,0.2823700935614364,0.2853877945940433
fg5,1.8259535339349522,0.24091612321150518,0.24388848224669318,0.2536661317560349,0.26087311615529224,0.26789121903378454,0.2784005220255261,0.2811982088095068
fg5,1.9392718516689147,0.23814415199470598,0.24092010836086336,0.2504307637557428,0.25748155417484736,0.264263970703368,0.27450329024184084,0.27696226531893814
fg5,2.0596226819479155,0.23539112506435877,0.23809497320307974,0.2472692177586832,0.2541222936659771,0.2607073080476954,0.270589699767614,0.27293920129054394
fg5,2.1874424611194505,0.2326233491330269,0.2352357300784153,0.24412752178017194,0.25077923107430417,0.25710623470367,0.26676382686745237,0.26887153925376067
fg5,2.3231947106850326,0.22987971610391095,0.23239641344228817,0.24100124864191974,0.24745744448333706,0.253551251168192,0.2629586731078372,0.2650172498043887
fg5,2.4673717181995323,0.22718451893982058,0.22956814227313166,0.23794413602786446,0.24415815269808588,0.2500581491236903,0.2591777204872871,0.2612848443910998
fg5,2.6204963224868,0.22445717588071737,0.22680104333099865,0.23486692657075087,0.24088516522704442,0.24661499861785058,0.2553612851311221,0.25742782246887574
fg5,2.7831238096454176,0.22178622017075567,0.22409026296798037,0.2318219570111926,0.23765965018144525,0.24315953282293817,0.25157732732884497,0.2536366624839807
fg5,2.9558439267201986,0.2191238767938887,0.2213762530315969,0.22878883216194296,0.23444563131634577,0.23978635477556512,0.24783151746535204,0.24983917036513423
fg5,3.1392830203417423,0.21649310897930224,0.21863013501462883,0.22582608344431204,0.23129369256104784,0.2364356156513266,0.2442255906520874,0.24622952345977198
fg5,3.334106308089541,0.21380575367914767,0.21593889979241387,0.2228345666329422,0.22816988461144266,0.23310500271062332,0.2406579045280031,0.24250827400766467
fg5,3.5410202908154327,0.21120814310202213,0.21328150909232513,0.2199362657212358,0.2250893026289352,0.22982116043578946,0.23706539174058697,0.23889387012002747
fg5,3.7607753146753806,0.2086188280006408,0.2106222398253884,0.21706479061685952,0.22200375125090044,0.2265568594985647,0.2335189976319369,0.2353559867928159
fg5,3.99416829216043,0.20593154975476383,0.2079926734640557,0.21415638165702156,0.21893375348706665,0.22330404214743357,0.23003282471348424,0.23183970868516374
fg5,4.242045591994324,0.20345073373746825,0.20533825538002448,0.2113003364110251,0.2159247706454612,0.22011005348719231,0.22654588988026061,0.22833246301323304
fg5,4.505306108377591,0.20096005548558493,0.20270780708565592,0.208537883519829,0.21292562880214405,0.21698474513481325,0.22307905323971272,0.22482086164178547
fg5,4.784904520708318,0.19850606171284743,0.20012490411187914,0.2057729669879899,0.20996841231531976,0.2138069150313597,0.21968470404792412,0.22142714274892264
fg5,5.081854755600558,0.1960147860321226,0.19747825198573726,0.20299557357696238,0.2070338249766755,0.2107342569525402,0.2164044208747256,0.2180181965244061
fg5,5.397233663754912,0.19344836271032834,0.19495191143651006,0.2002472618890278,0.2041291180830386,0.2076758308110889,0.21314716036492612,0.21466920389063604
fg5,5.732184925014995,0.19096293778721735,0.1925056307778284,0.1975204657362654,0.20125054099140366,0.2046440160849345,0.20995193175918714,0.21134750417285092
fg5,6.087923195770913,0.188573471503389,0.19006234830249924,0.19482487325220665,0.19840871042070413,0.20167961090781328,0.20676980116297541,0.20809147789456986
fg5,6.4657385137498125,0.18614042754689675,0.18764829686020557,0.19212122479159446,0.19559146389805726,0.1987568019213384,0.20356010152234444,0.20484342120836133
fg5,6.8670009761668425,0.18374730894349764,0.18517001913918202,0.18949263549220047,0.1928288721278158,0.1958468245030395,0.2004686691955674,0.20169403891104135
fg5,7.293165708201268,0.18143337753276131,0.18270371222298745,0.18685938071329494,0.19006186527681523,0.19296142888261295,0.19737021926789733,0.1985956088382239
fg5,7.745778139815223,0.17900737306087536,0.1802576250424164,0.18428250516492956,0.18736342809183915,0.19012554911420557,0.19427528541942998,0.19551500672605765
fg5,8.22647961005079,0.1767132977072628,0.17780159786085634,0.18173836756177156,0.18466817037515953,0.18730084853789716,0.19119202337781263,0.19249822929104807
fg5,8.737013319128684,0.1743631801412596,0.17540197021917178,0.17921918133640602,0.181992269956193,0.18453505673704731,0.18829434802847145,0.18948580061806963
fg5,9.27923064993298,0.17202335190907547,0.173038275558416,0.17670935801445203,0.17935290960693256,0.18180654719118933,0.18543317120523317,0.1865889986265035
fg5,9.855097881805973,0.16971093600237944,0.1707076766489228,0.17420894583976215,0.17673101531137064,0.17911941547509264,0.18266135285626475,0.18367640635396437
fg5,10.466703320999788,0.16733454963519948,0.16836453161943446,0.17175999975211723,0.17413741806763858,0.17647970887826836,0.17983976192109288,0.18083505296189836
fg5,11.116264873642468,0.1649798590303576,0.16607582563292153,0.16933493732464716,0.17157086679573416,0.1738222148595255,0.17709256052053496,0.17805406294571402
fg5,11.806138088680791,0.1626819941203858,0.16385460174443267,0.1669325096781511,0.16902687221092308,0.17126906176684797,0.1743818732307337,0.1753406580912648
fg5,12.53882469996661,0.16041749726256116,0.16155850232920002,0.16452340356917927,0.1665298756252968,0.1687037523260388,0.17173404328770359,0.1726518745285295
fg5,13.316981698463316,0.15825028249862438,0.15927676332600754,0.16217060788541465,0.1640750354357257,0.16614630588963994,0.16908675357278194,0.17003137007566252
fg5,14.143430967471708,0.15597948616002447,0.157000443041427,0.1598422145262571,0.16164588801890467,0.1636826219137061,0.1665420269326899,0.16740710571364098
fg5,15.021169515816064,0.15374991173874172,0.1547255624415199,0.15749265395276832,0.15925367167137783,0.16121295204784472,0.16406233815637392,0.16490461949385796
fg5,15.953380346099763,0.15152686201630564,0.15242524401906177,0.15513632623213114,0.1569169990060849,0.1587857840911247,0.16158031595624212,0.16243044424413242
fg5,16.94344399744265,0.14928627106947734,0.150152739327017,0.1528476427076536,0.15458589604730943,0.1564163119656982,0.15915111583777217,0.15993373480241913
fg5,17.99495080455847,0.14706818930361207,0.14791827983183017,0.15056238100733954,0.15227463092182392,0.15405284063029112,0.15675702123552882,0.15754553351452638
fg5,19.11171391762826,0.14484975604923658,0.14572528757916095,0.14830290756167827,0.15000280027896784,0.1517427455119608,0.15444784301619663,0.15523108275280656
fg5,20.29778313018444,0.14262007951788244,0.14353207854427116,0.14607347305636267,0.14776308997617754,0.14947462973031306,0.15215738406197815,0.15302741816609472
fg5,21.55745956515074,0.14045874912715328,0.141358573187276,0.14382998243484074,0.14556901734076766,0.1472264874258628,0.1499730622417687,0.15088326694514165
fg5,22.895311272294897,0.13834911179922843,0.13919245022126403,0.1416629642879275,0.14334702748134526,0.14505084684529987,0.1477284838466962,0.14875736022405686
fg5,24.31618979365617,0.13614347995811843,0.1370063181599079,0.13948104346666126,0.14116594206939573,0.14289409940959297,0.14558803875448745,0.14660444797700675
fg5,25.825247757020005,0.1339062960488151,0.13487818654090275,0.13732814172006258,0.13902649301994663,0.14073341025831376,0.14346499256237916,0.1444772587051693
fg5,27.427957561240326,0.13172290792938227,0.1327208229312023,0.13519882585533635,0.13692967161179415,0.13866619010947628,0.14139696246450903,0.14241155479003695
fg5,29.130131221169272,0.12964444680420942,0.13062480149806022,0.13309610050431558,0.13488243752688708,0.13656336961688215,0.13937675505981464,0.14032950904544367
fg5,30.937941444159357,0.1275302587666376,0.12853340964695104,0.13100284811140786,0.13282977818579816,0.1345121109674084,0.13733196829380828,0.13827798403472566
fg5,32.85794401456916,0.12551203824056045,0.1264140603162516,0.1289412707051115,0.13077252047973403,0.13251923209780353,0.1353740237440088,0.13632335937384915
fg5,34.89710156744713,0.12346867616547388,0.12430735567971496,0.12691402797340248,0.12876651311205844,0.130546147926465,0.13347023739636646,0.1343560263143705
fg5,37.06280883760552,0.12144616055857235,0.12228056115113943,0.12490669082143199,0.12680492845080285,0.12860453157492596,0.13156014275791417,0.13248505853491396
fg5,39.362919475646834,0.11939968513560649,0.12026103616382669,0.12291692576250819,0.1248621187304469,0.1266855580851563,0.1297185292271394,0.1306163674289761
fg5,41.805774528187634,0.11740390381061618,0.11820229855497465,0.12094691702388312,0.12293212812201601,0.12479701364916694,0.12787505397380194,0.12873665839786275
fg5,44.4002326855595,0.11539301348469132,0.11614833787148013,0.11900379580699816,0.12103718380855612,0.12293945491034136,0.12606770686961813,0.12689719724350734
fg5,47.15570240667637,0.11339830370748025,0.11420265620150954,0.11710021562458817,0.11917698792174299,0.1211164923581559,0.1242792801303863,0.12508125418866128
fg5,50.082176037564665,0.11150213134773684,0.11223749359063619,0.11521168782563307,0.11732629504028722,0.11931767719845467,0.12251001638537323,0.12331739671850504
fg5,53.19026604728291,0.10951805709113448,0.1103306524253071,0.11335244855871271,0.1154955766518023,0.11753594528981648,0.12075826769157649,0.12159201749434828
fg5,56.49124351263539,0.10764292050902897,0.10841697756110101,0.11151752321167595,0.11366471655103583,0.115791196180272,0.11906116292998595,0.11991279065468334
fg5,59.99707899123937,0.10576023166507414,0.10655361359086457,0.10970934839345434,0.11189161098630364,0.114052702613209,0.11736594760876418,0.11824418808068125
fg5,63.720485931167076,0.10387673612711873,0.10471310916821482,0.10793098427567877,0.11014045707496586,0.11234603966669408,0.11567909553468991,0.11660164741539726
fg5,67.67496677458138,0.10198253433731834,0.10284433219085522,0.1061596505306265,0.10841136964964673,0.11066922205726701,0.11405821597126305,0.11505946710224287
fg5,71.87486192255427,0.10019071060425629,0.10105240125533185,0.10439859371918633,0.10670406321818413,0.1090062075519023,0.11243219413492131,0.1134794656197338
fg5,76.33540173863202,0.09843689460150738,0.09926096433627733,0.10267272423070696,0.10503124081559681,0.1073637558903949,0.11089135715387646,0.11193635295197996
fg5,81.07276177973154,0.09669149519335096,0.09756326524033006,0.10098775488884672,0.1033738041819537,0.10574852729792915,0.10930501095558728,0.1103514321449678
fg5,86.10412145465564,0.0948860747696827,0.09588506253545363,0.09931698696116274,0.1017476402848318,0.1041488182021307,0.10781276577523256,0.1088126496351122
fg5,91.44772632294357,0.09319026981747096,0.09417372273177248,0.09768379668211674,0.10015302884367089,0.10256805503902626,0.10627387723312573,0.1073322530234481
fg5,97.12295425997657,0.09151507980140028,0.09254759005871017,0.09604644011418463,0.09856412060468679,0.10103011489338516,0.10474520054556591,0.10585316658771203
fg5,103.15038572827653,0.08991016670887256,0.09090313805655165,0.09446532554009142,0.09699842414385129,0.09951887777154032,0.10327345312490468,0.10442500030446744
fg5,109.55187840982799,0.08826662684085848,0.08932257692118167,0.09287424192799325,0.09544487195606131,0.09800294836063811,0.10181196629622073,0.10297943772679283
fg5,116.3506464700669,0.0866452746474896,0.0877546171991919,0.09133643267296837,0.09392942280521774,0.09651235825213988,0.100382344511336,0.10156988472727739
fg5,123.5713447409774,0.08508161297046739,0.08620888909895005,0.08979204260331711,0.09242654066630919,0.09503778108956826,0.09894164982577966,0.10009940598488501
fg5,131.24015812857476,0.08353649020010785,0.08468851778562232,0.08831056766449835,0.09094671353168121,0.09358478625651213,0.09753312580940987,0.09866696885914603
fg5,139.38489656899932,0.08201592557163997,0.08314910733168793,0.08683671867836874,0.08951353229964829,0.0921594588995053,0.09611293051165642,0.09732279839296358
fg5,148.0350958775673,0.08050741763161333,0.08165926462757787,0.08537623983077927,0.08807678487783276,0.09075057790144939,0.09474812726525608,0.09596923685316452
fg5,157.22212485649277,0.07902498153497484,0.08020102663501331,0.08394062591251245,0.08666226884929282,0.08936029476059636,0.09339167697891607,0.09464547617794365
fg5,166.97929904969516,0.07757289763966692,0.07875245481872398,0.08250753503322668,0.0852718414990068,0.08799565312767413,0.09208062534355414,0.093337935621493
fg5,177.3420015572069,0.07612019408281957,0.07733495812274882,0.08112280137842734,0.08390648828760786,0.0866504765505575,0.0907657875166914,0.09198047276106563
fg5,188.34781134730005,0.07475341294003997,0.07592116350537716,0.07974013612489306,0.0825405196468918,0.08530966846385554,0.08945106749643991,0.09067501489898017
fg5,200.03663953163772,0.07337563690211904,0.07454703153430559,0.07838388784502323,0.08119806308539332,0.08400854548619117,0.08818355080263132,0.08941886125528879
fg5,212.45087409763482,0.07201726389975653,0.07321484259929428,0.07705498202782507,0.07991275373544009,0.08271476341761798,0.08690771955453393,0.0881862053674366
fg5,225.6355336228818,0.07068303840113736,0.0719063630534383,0.0757386490261239,0.07860666971576163,0.08144366637508493,0.08562959567394748,0.08698371196197133
fg5,239.6384305290529,0.06937185935023354,0.07062088058087335,0.07444527063472818,0.0773238727819405,0.08018832480513843,0.08441798541038444,0.08572800893542126
fg5,254.51034446732223,0.068083221099444,0.06934135739837309,0.07319222517270312,0.07606484785333004,0.07895253386136798,0.08322317496181254,0.08454167940909453
fg5,270.3052064640436,0.06681680186386557,0.06806477486665082,0.0719395194876595,0.07481533502917558,0.0777193457065061,0.08205500994989723,0.08337086665228514
fg5,287.08029449447537,0.06557927820790979,0.06678142391085774,0.07071234256956913,0.07360115611355443,0.07650035998448938,0.08091302049372323,0.08224656349995492
fg5,304.8964411937722,0.06437710512996506,0.06555247740790107,0.06949720002449644,0.07239707907106671,0.07531605497280885,0.07976463822253406,0.08109842731076532
fg5,323.8182544584796,0.0631579788187929,0.06435687709545443,0.06831013097277308,0.07120950223243744,0.0741459087118339,0.0786299668560088,0.07998283319523915
fg5,343.914351738516,0.06196506363990617,0.06320045513072656,0.06713168086784246,0.07003499060597465,0.0729899463112856,0.07750424212928447,0.07884027047302158
fg5,365.2576088692658,0.06078744895341793,0.062063887976949964,0.06597193815656377,0.06887253335866764,0.07186799524465856,0.07639248236492287,0.07769436732132606
fg5,387.92542434614603,0.05966348988204654,0.060924604102729235,0.064833675885831693,0.06774263608592179,0.07074736210763817,0.07527972429066196,0.0766071500106481
fg5,411.99999999999994,0.05854294978647245,0.05979926955497873,0.06371695951323382,0.06664183969730023,0.06964266197560966,0.07417924791385694,0.07549920753200803
